,TIME,SNR,LAT,LON,DISTANCE,ALT
0,36331201,-796.5956,35.7274823,-78.6962747,35.34353963872628,-0.113
1,36331493,-70.92901,35.7274823,-78.6962747,35.34353963872628,-0.113
2,36331500,-65.83181,35.7274823,-78.6962747,35.34353963872628,-0.113
3,36331507,-67.7885,35.7274823,-78.6962747,35.34353963872628,-0.113
4,36331515,-76.405975,35.7274823,-78.6962747,35.34353963872628,-0.113
5,36331522,-77.261475,35.7274823,-78.6962747,35.34353963872628,-0.113
6,36331530,-82.83385,35.7274823,-78.6962747,35.34353963872628,-0.113
7,36331785,-80.98184,35.7274823,-78.6962747,35.34353963872628,-0.137
8,36331793,-78.561905,35.7274823,-78.6962747,35.34353963872628,-0.137
9,36331800,-79.00804,35.7274823,-78.6962747,35.34353963872628,-0.137
10,36331807,-79.0253,35.7274823,-78.6962747,35.34353963872628,-0.137
11,36331815,-78.75424,35.7274823,-78.6962747,35.34353963872628,-0.137
12,36331822,-79.73418,35.7274823,-78.6962747,35.34353963872628,-0.137
13,36331830,-79.35122,35.7274823,-78.6962747,35.34353963872628,-0.137
14,36331837,-79.97145,35.7274823,-78.6962747,35.34353963872628,-0.137
15,36332093,-84.33559,35.7274823,-78.6962747,35.34353963872628,-0.137
16,36332101,-79.9088,35.7274823,-78.6962747,35.34353963872628,-0.137
17,36332109,-91.12109,35.7274823,-78.6962747,35.34353963872628,-0.137
18,36332117,-83.596436,35.7274823,-78.6962747,35.34353963872628,-0.137
19,36332124,-86.297165,35.7274823,-78.6962747,35.34353963872628,-0.137
20,36332133,-81.540596,35.7274823,-78.6962747,35.34353963872628,-0.137
21,36332140,-83.090546,35.7274823,-78.6962747,35.34353963872628,-0.137
22,36332149,-79.98999,35.7274823,-78.6962747,35.34353963872628,-0.137
23,36332405,-82.04593,35.7274823,-78.6962747,35.34353963872628,-0.137
24,36332414,-81.9332,35.7274823,-78.6962747,35.34353963872628,-0.137
25,36332422,-84.26436,35.7274823,-78.6962747,35.34353963872628,-0.137
26,36332430,-84.45168,35.7274823,-78.6962747,35.34353963872628,-0.137
27,36332440,-95.84747,35.7274823,-78.6962747,35.34353963872628,-0.137
28,36332446,-95.47524,35.7274823,-78.6962747,35.34353963872628,-0.137
29,36332455,-95.1895,35.7274823,-78.6962747,35.34353963872628,-0.137
30,36332462,-81.29846,35.7274823,-78.6962747,35.34353963872628,-0.137
31,36332718,-83.45616,35.7274823,-78.6962747,35.34353963872628,-0.137
32,36332726,-80.7896,35.7274823,-78.6962747,35.34353963872628,-0.137
33,36332734,-80.79288,35.7274823,-78.6962747,35.34353963872628,-0.113
34,36332742,-82.94386,35.7274823,-78.6962747,35.34353963872628,-0.113
35,36332750,-80.70327,35.7274823,-78.6962747,35.34353963872628,-0.113
36,36332758,-80.95929,35.7274823,-78.6962747,35.34353963872628,-0.113
37,36332765,-81.04045,35.7274823,-78.6962747,35.34353963872628,-0.113
38,36332773,-85.47731,35.7274823,-78.6962747,35.34353963872628,-0.113
39,36333029,-79.03824,35.7274823,-78.6962747,35.34353963872628,-0.113
40,36333037,-80.49688,35.7274823,-78.6962747,35.34353963872628,-0.113
41,36333045,-85.63879,35.7274823,-78.6962747,35.34353963872628,-0.113
42,36333053,-85.208855,35.7274823,-78.6962747,35.34353963872628,-0.113
43,36333061,-88.14925,35.7274823,-78.6962747,35.34353963872628,-0.113
44,36333069,-86.34334,35.7274823,-78.6962747,35.34353963872628,-0.113
45,36333077,-84.216034,35.7274823,-78.6962747,35.34353963872628,-0.113
46,36333084,-80.36037,35.7274823,-78.6962747,35.34353963872628,-0.113
47,36333095,-31.17433,35.7274823,-78.6962747,35.34353963872628,-0.113
48,36333127,-21.465715,35.7274823,-78.6962747,35.34353963872628,-0.113
49,36333160,-30.179691,35.7274823,-78.6962747,35.34353963872628,-0.113
50,36333193,-23.17974,35.7274823,-78.6962747,35.34353963872628,-0.113
51,36333226,-4.7860756,35.7274823,-78.6962747,35.34353963872628,-0.113
52,36333258,-6.319029,35.7274823,-78.6962747,35.34353963872628,-0.113
53,36333291,-9.279289,35.7274823,-78.6962747,35.34353963872628,-0.113
54,36333324,-10.840895,35.7274823,-78.6962747,35.34353963872628,-0.113
55,36333357,-7.8498154,35.7274823,-78.6962747,35.34353963872628,-0.113
56,36333389,-3.6805115,35.7274823,-78.6962747,35.34353963872628,-0.113
57,36333422,-0.5404358,35.7274823,-78.6962747,35.34353963872628,-0.113
58,36333455,2.722969,35.7274823,-78.6962747,35.34353963872628,-0.113
59,36333488,5.725319,35.7274823,-78.6962747,35.34353963872628,-0.113
60,36333520,8.184757,35.7274823,-78.6962747,35.34353963872628,-0.113
61,36333553,9.936752,35.7274823,-78.6962747,35.34353963872628,-0.113
62,36333586,11.217186,35.7274823,-78.6962747,35.34353963872628,-0.113
63,36333619,12.071453,35.7274823,-78.6962747,35.34353963872628,-0.113
64,36333652,12.595448,35.7274823,-78.6962747,35.34353963872628,-0.113
65,36333684,12.90435,35.7274823,-78.6962747,35.34353963872628,-0.113
66,36333717,12.238949,35.7274823,-78.6962747,35.34353963872628,-0.113
67,36333750,13.513393,35.7274823,-78.6962747,35.34353963872628,-0.101
68,36333783,13.440037,35.7274823,-78.6962747,35.34353963872628,-0.101
69,36333815,13.400284,35.7274823,-78.6962747,35.34353963872628,-0.101
70,36333848,13.3779335,35.7274823,-78.6962747,35.34353963872628,-0.101
71,36333881,13.364304,35.7274823,-78.6962747,35.34353963872628,-0.101
72,36333913,13.224873,35.7274823,-78.6962747,35.34353963872628,-0.101
73,36333946,13.01572,35.7274823,-78.6962747,35.34353963872628,-0.101
74,36333979,13.157436,35.7274823,-78.6962747,35.34353963872628,-0.101
75,36334012,13.23967,35.7274823,-78.6962747,35.34353963872628,-0.101
76,36334045,13.282909,35.7274823,-78.6962747,35.34353963872628,-0.101
77,36334077,13.310474,35.7274823,-78.6962747,35.34353963872628,-0.101
78,36334110,13.326649,35.7274823,-78.6962747,35.34353963872628,-0.101
79,36334143,13.334133,35.7274823,-78.6962747,35.34353963872628,-0.101
80,36334177,13.338886,35.7274823,-78.6962747,35.34353963872628,-0.101
81,36334208,13.342342,35.7274823,-78.6962747,35.34353963872628,-0.101
82,36334241,13.344532,35.7274823,-78.6962747,35.34353963872628,-0.101
83,36334274,13.343964,35.7274823,-78.6962747,35.34353963872628,-0.101
84,36334307,13.345226,35.7274823,-78.6962747,35.34353963872628,-0.101
85,36334339,13.345196,35.7274823,-78.6962747,35.34353963872628,-0.101
86,36334372,13.3462715,35.7274823,-78.6962747,35.34353963872628,-0.101
87,36334405,13.345249,35.7274823,-78.6962747,35.34353963872628,-0.101
88,36334438,13.34573,35.7274823,-78.6962747,35.34353963872628,-0.101
89,36334470,13.345753,35.7274823,-78.6962747,35.34353963872628,-0.101
90,36334503,13.346352,35.7274823,-78.6962747,35.34353963872628,-0.101
91,36334536,13.345638,35.7274823,-78.6962747,35.34353963872628,-0.101
92,36334569,13.345573,35.7274823,-78.6962747,35.34353963872628,-0.101
93,36334601,13.345703,35.7274823,-78.6962747,35.34353963872628,-0.101
94,36334634,13.345833,35.7274823,-78.6962747,35.34353963872628,-0.101
95,36334667,13.345516,35.7274823,-78.6962747,35.34353963872628,-0.101
96,36334700,13.345703,35.7274823,-78.6962747,35.34353963872628,-0.101
97,36334732,13.345741,35.7274823,-78.6962747,35.34353963872628,-0.101
98,36334765,13.345783,35.7274823,-78.6962747,35.34353963872628,-0.048
99,36334798,13.345921,35.7274823,-78.6962747,35.34353963872628,-0.048
100,36334831,13.34584,35.7274823,-78.6962747,35.34353963872628,-0.048
101,36334863,13.345947,35.7274823,-78.6962747,35.34353963872628,-0.048
102,36334898,13.345455,35.7274823,-78.6962747,35.34353963872628,-0.048
103,36334931,13.345623,35.7274823,-78.6962747,35.34353963872628,-0.048
104,36334964,13.345604,35.7274823,-78.6962747,35.34353963872628,-0.048
105,36334996,13.346252,35.7274823,-78.6962747,35.34353963872628,-0.048
106,36335029,13.346001,35.7274823,-78.6962747,35.34353963872628,-0.048
107,36335062,13.345135,35.7274823,-78.6962747,35.34353963872628,-0.048
108,36335094,13.346195,35.7274823,-78.6962747,35.34353963872628,-0.048
109,36335127,13.34642,35.7274823,-78.6962747,35.34353963872628,-0.048
110,36335160,13.345627,35.7274823,-78.6962747,35.34353963872628,-0.048
111,36335193,13.345516,35.7274823,-78.6962747,35.34353963872628,-0.048
112,36335225,13.346195,35.7274823,-78.6962747,35.34353963872628,-0.048
113,36335258,13.346352,35.7274823,-78.6962747,35.34353963872628,-0.048
114,36335291,13.346035,35.7274823,-78.6962747,35.34353963872628,-0.048
115,36335328,13.345818,35.7274823,-78.6962747,35.34353963872628,-0.048
116,36335357,13.345718,35.7274823,-78.6962747,35.34353963872628,-0.048
117,36335394,13.345879,35.7274823,-78.6962747,35.34353963872628,-0.048
118,36335422,13.345528,35.7274823,-78.6962747,35.34353963872628,-0.048
119,36335455,13.345306,35.7274823,-78.6962747,35.34353963872628,-0.048
120,36335488,13.346153,35.7274823,-78.6962747,35.34353963872628,-0.048
121,36335520,13.346249,35.7274823,-78.6962747,35.34353963872628,-0.048
122,36335553,13.3461685,35.7274823,-78.6962747,35.34353963872628,-0.048
123,36335586,13.345795,35.7274823,-78.6962747,35.34353963872628,-0.048
124,36335619,13.34581,35.7274823,-78.6962747,35.34353963872628,-0.048
125,36335651,13.34589,35.7274823,-78.6962747,35.34353963872628,-0.048
126,36335685,13.345573,35.7274823,-78.6962747,35.34353963872628,-0.048
127,36335717,13.34565,35.7274823,-78.6962747,35.34353963872628,-0.048
128,36335750,13.346493,35.7274823,-78.6962747,35.34353963872628,-0.051
129,36335782,13.345989,35.7274823,-78.6962747,35.34353963872628,-0.051
130,36335815,13.345558,35.7274823,-78.6962747,35.34353963872628,-0.051
131,36335848,13.345787,35.7274823,-78.6962747,35.34353963872628,-0.051
132,36335881,13.346695,35.7274823,-78.6962747,35.34353963872628,-0.051
133,36335913,13.34642,35.7274823,-78.6962747,35.34353963872628,-0.051
134,36335946,13.345673,35.7274823,-78.6962747,35.34353963872628,-0.051
135,36335979,13.3455925,35.7274823,-78.6962747,35.34353963872628,-0.051
136,36336012,13.346626,35.7274823,-78.6962747,35.34353963872628,-0.051
137,36336044,13.346664,35.7274823,-78.6962747,35.34353963872628,-0.051
138,36336077,13.345551,35.7274823,-78.6962747,35.34353963872628,-0.051
139,36336110,13.345379,35.7274823,-78.6962747,35.34353963872628,-0.051
140,36336143,13.34618,35.7274823,-78.6962747,35.34353963872628,-0.051
141,36336175,13.346058,35.7274823,-78.6962747,35.34353963872628,-0.051
142,36336208,13.346153,35.7274823,-78.6962747,35.34353963872628,-0.051
143,36336241,13.345749,35.7274823,-78.6962747,35.34353963872628,-0.051
144,36336274,13.346073,35.7274823,-78.6962747,35.34353963872628,-0.051
145,36336306,13.34618,35.7274823,-78.6962747,35.34353963872628,-0.051
146,36336339,13.345692,35.7274823,-78.6962747,35.34353963872628,-0.051
147,36336372,13.346062,35.7274823,-78.6962747,35.34353963872628,-0.051
148,36336405,13.346455,35.7274823,-78.6962747,35.34353963872628,-0.051
149,36336437,13.346119,35.7274823,-78.6962747,35.34353963872628,-0.051
150,36336470,13.345898,35.7274823,-78.6962747,35.34353963872628,-0.051
151,36336503,13.345402,35.7274823,-78.6962747,35.34353963872628,-0.051
152,36336536,13.346016,35.7274823,-78.6962747,35.34353963872628,-0.051
153,36336568,13.346569,35.7274823,-78.6962747,35.34353963872628,-0.051
154,36336601,13.345844,35.7274823,-78.6962747,35.34353963872628,-0.051
155,36336634,13.345726,35.7274823,-78.6962747,35.34353963872628,-0.051
156,36336667,13.346249,35.7274823,-78.6962747,35.34353963872628,-0.051
157,36336700,13.346142,35.7274823,-78.6962747,35.34353963872628,-0.051
158,36336732,13.34581,35.7274823,-78.6962747,35.34353963872628,-0.051
159,36336765,13.346287,35.7274823,-78.6962747,35.34353963872628,-0.041
160,36336798,13.34626,35.7274823,-78.6962747,35.34353963872628,-0.041
161,36336830,13.346069,35.7274823,-78.6962747,35.34353963872628,-0.041
162,36336863,13.345455,35.7274823,-78.6962747,35.34353963872628,-0.041
163,36336896,13.345749,35.7274823,-78.6962747,35.34353963872628,-0.041
164,36336929,13.3461075,35.7274823,-78.6962747,35.34353963872628,-0.041
165,36336962,13.345875,35.7274823,-78.6962747,35.34353963872628,-0.041
166,36336996,13.344875,35.7274823,-78.6962747,35.34353963872628,-0.041
167,36337029,13.3464775,35.7274823,-78.6962747,35.34353963872628,-0.041
168,36337062,13.346226,35.7274823,-78.6962747,35.34353963872628,-0.041
169,36337094,13.34623,35.7274823,-78.6962747,35.34353963872628,-0.041
170,36337127,13.345058,35.7274823,-78.6962747,35.34353963872628,-0.041
171,36337160,13.34613,35.7274823,-78.6962747,35.34353963872628,-0.041
172,36337193,13.346241,35.7274823,-78.6962747,35.34353963872628,-0.041
173,36337225,13.346771,35.7274823,-78.6962747,35.34353963872628,-0.041
174,36337259,13.345863,35.7274823,-78.6962747,35.34353963872628,-0.041
175,36337291,13.346096,35.7274823,-78.6962747,35.34353963872628,-0.041
176,36337324,13.346596,35.7274823,-78.6962747,35.34353963872628,-0.041
177,36337356,13.346638,35.7274823,-78.6962747,35.34353963872628,-0.041
178,36337389,13.3451805,35.7274823,-78.6962747,35.34353963872628,-0.041
179,36337422,13.34623,35.7274823,-78.6962747,35.34353963872628,-0.041
180,36337455,13.346687,35.7274823,-78.6962747,35.34353963872628,-0.041
181,36337487,13.346333,35.7274823,-78.6962747,35.34353963872628,-0.041
182,36337520,13.345924,35.7274823,-78.6962747,35.34353963872628,-0.041
183,36337553,13.345936,35.7274823,-78.6962747,35.34353963872628,-0.041
184,36337586,13.346569,35.7274823,-78.6962747,35.34353963872628,-0.041
185,36337618,13.345638,35.7274823,-78.6962747,35.34353963872628,-0.041
186,36337651,13.345345,35.7274823,-78.6962747,35.34353963872628,-0.041
187,36337684,13.346012,35.7274823,-78.6962747,35.34353963872628,-0.041
188,36337717,13.346672,35.7274823,-78.6962747,35.34353963872628,-0.041
189,36337750,13.346012,35.7274823,-78.6962747,35.34353963872628,-0.068
190,36337782,13.345749,35.7274823,-78.6962747,35.34353963872628,-0.068
191,36337815,13.346096,35.7274823,-78.6962747,35.34353963872628,-0.068
192,36337848,13.346661,35.7274823,-78.6962747,35.34353963872628,-0.068
193,36337881,13.345596,35.7274823,-78.6962747,35.34353963872628,-0.068
194,36337913,13.3452835,35.7274823,-78.6962747,35.34353963872628,-0.068
195,36337946,13.345932,35.7274823,-78.6962747,35.34353963872628,-0.068
196,36337979,13.346027,35.7274823,-78.6962747,35.34353963872628,-0.068
197,36338012,13.345646,35.7274823,-78.6962747,35.34353963872628,-0.068
198,36338044,13.345684,35.7274823,-78.6962747,35.34353963872628,-0.068
199,36338077,13.346069,35.7274823,-78.6962747,35.34353963872628,-0.068
200,36338110,13.346027,35.7274823,-78.6962747,35.34353963872628,-0.068
201,36338143,13.345436,35.7274823,-78.6962747,35.34353963872628,-0.068
202,36338175,13.345345,35.7274823,-78.6962747,35.34353963872628,-0.068
203,36338208,13.34589,35.7274823,-78.6962747,35.34353963872628,-0.068
204,36338241,13.345879,35.7274823,-78.6962747,35.34353963872628,-0.068
205,36338274,13.34557,35.7274823,-78.6962747,35.34353963872628,-0.068
206,36338306,13.345844,35.7274823,-78.6962747,35.34353963872628,-0.068
207,36338339,13.34642,35.7274823,-78.6962747,35.34353963872628,-0.068
208,36338372,13.346489,35.7274823,-78.6962747,35.34353963872628,-0.068
209,36338405,13.345764,35.7274823,-78.6962747,35.34353963872628,-0.068
210,36338437,13.345421,35.7274823,-78.6962747,35.34353963872628,-0.068
211,36338470,13.346027,35.7274823,-78.6962747,35.34353963872628,-0.068
212,36338503,13.34634,35.7274823,-78.6962747,35.34353963872628,-0.068
213,36338536,13.345402,35.7274823,-78.6962747,35.34353963872628,-0.068
214,36338568,13.345596,35.7274823,-78.6962747,35.34353963872628,-0.068
215,36338601,13.346718,35.7274823,-78.6962747,35.34353963872628,-0.068
216,36338634,13.346794,35.7274823,-78.6962747,35.34353963872628,-0.068
217,36338667,13.345829,35.7274823,-78.6962747,35.34353963872628,-0.068
218,36338699,13.34547,35.7274823,-78.6962747,35.34353963872628,-0.068
219,36338732,13.346432,35.7274823,-78.6962747,35.34353963872628,-0.068
220,36338765,13.346569,35.7274823,-78.6962747,35.34353963872628,-0.068
221,36338798,13.345661,35.7274823,-78.6962747,35.34353963872628,-0.068
222,36338830,13.345421,35.7274823,-78.6962747,35.34353963872628,-0.068
223,36338863,13.346535,35.7274823,-78.6962747,35.34353963872628,-0.068
224,36338896,13.346661,35.7274823,-78.6962747,35.34353963872628,-0.068
225,36338929,13.345947,35.7274823,-78.6962747,35.34353963872628,-0.068
226,36338961,13.345913,35.7274823,-78.6962747,35.34353963872628,-0.068
227,36338999,13.346294,35.7274823,-78.6962747,35.34353963872628,-0.068
228,36339027,13.346466,35.7274823,-78.6962747,35.34353963872628,-0.068
229,36339060,13.345573,35.7274823,-78.6962747,35.34353963872628,-0.068
230,36339094,13.345203,35.7274823,-78.6962747,35.34353963872628,-0.068
231,36339127,13.34573,35.7274823,-78.6962747,35.34353963872628,-0.068
232,36339160,13.346695,35.7274823,-78.6962747,35.34353963872628,-0.068
233,36339193,13.346436,35.7274823,-78.6962747,35.34353963872628,-0.068
234,36339226,13.345623,35.7274823,-78.6962747,35.34353963872628,-0.068
235,36339258,13.34631,35.7274823,-78.6962747,35.34353963872628,-0.068
236,36339291,13.34623,35.7274823,-78.6962747,35.34353963872628,-0.068
237,36339324,13.345921,35.7274823,-78.6962747,35.34353963872628,-0.068
238,36339356,13.345161,35.7274823,-78.6962747,35.34353963872628,-0.068
239,36339389,13.346096,35.7274823,-78.6962747,35.34353963872628,-0.068
240,36339422,13.346275,35.7274823,-78.6962747,35.34353963872628,-0.068
241,36339455,13.346218,35.7274823,-78.6962747,35.34353963872628,-0.068
242,36339487,13.346397,35.7274823,-78.6962747,35.34353963872628,-0.068
243,36339520,13.346127,35.7274823,-78.6962747,35.34353963872628,-0.068
244,36339553,13.346672,35.7274823,-78.6962747,35.34353963872628,-0.068
245,36339586,13.345581,35.7274823,-78.6962747,35.34353963872628,-0.068
246,36339618,13.346073,35.7274823,-78.6962747,35.34353963872628,-0.068
247,36339651,13.346603,35.7274823,-78.6962747,35.34353963872628,-0.068
248,36339684,13.346844,35.7274823,-78.6962747,35.34353963872628,-0.068
249,36339717,13.34547,35.7274823,-78.6962747,35.34353963872628,-0.068
250,36339749,13.346195,35.7274823,-78.6962747,35.34353963872628,-0.021
251,36339782,13.346443,35.7274823,-78.6962747,35.34353963872628,-0.021
252,36339815,13.346806,35.7274823,-78.6962747,35.34353963872628,-0.021
253,36339848,13.345821,35.7274823,-78.6962747,35.34353963872628,-0.021
254,36339880,13.346504,35.7274823,-78.6962747,35.34353963872628,-0.021
255,36339913,13.346569,35.7274823,-78.6962747,35.34353963872628,-0.021
256,36339946,13.346748,35.7274823,-78.6962747,35.34353963872628,-0.021
257,36339979,13.345322,35.7274823,-78.6962747,35.34353963872628,-0.021
258,36340011,13.34626,35.7274823,-78.6962747,35.34353963872628,-0.021
259,36340044,13.3462715,35.7274823,-78.6962747,35.34353963872628,-0.021
260,36340077,13.346523,35.7274823,-78.6962747,35.34353963872628,-0.021
261,36340110,13.34573,35.7274823,-78.6962747,35.34353963872628,-0.021
262,36340142,13.346207,35.7274823,-78.6962747,35.34353963872628,-0.021
263,36340175,13.346264,35.7274823,-78.6962747,35.34353963872628,-0.021
264,36340208,13.346069,35.7274823,-78.6962747,35.34353963872628,-0.021
265,36340241,13.345558,35.7274823,-78.6962747,35.34353963872628,-0.021
266,36340273,13.346081,35.7274823,-78.6962747,35.34353963872628,-0.021
267,36340307,13.34573,35.7274823,-78.6962747,35.34353963872628,-0.021
268,36340339,13.34581,35.7274823,-78.6962747,35.34353963872628,-0.021
269,36340372,13.345551,35.7274823,-78.6962747,35.34353963872628,-0.021
270,36340405,13.346413,35.7274823,-78.6962747,35.34353963872628,-0.021
271,36340437,13.346333,35.7274823,-78.6962747,35.34353963872628,-0.021
272,36340470,13.345749,35.7274823,-78.6962747,35.34353963872628,-0.021
273,36340503,13.34539,35.7274823,-78.6962747,35.34353963872628,-0.021
274,36340536,13.346039,35.7274823,-78.6962747,35.34353963872628,-0.021
275,36340568,13.346016,35.7274823,-78.6962747,35.34353963872628,-0.021
276,36340601,13.345821,35.7274823,-78.6962747,35.34353963872628,-0.021
277,36340634,13.345627,35.7274823,-78.6962747,35.34353963872628,-0.021
278,36340666,13.345829,35.7274823,-78.6962747,35.34353963872628,-0.021
279,36340699,13.346344,35.7274823,-78.6962747,35.34353963872628,-0.021
280,36340732,13.345547,35.7274823,-78.6962747,35.34353963872628,-0.021
281,36340765,13.345623,35.7274823,-78.6962747,35.34353963872628,-0.069
282,36340798,13.346127,35.7274823,-78.6962747,35.34353963872628,-0.069
283,36340830,13.345715,35.7274823,-78.6962747,35.34353963872628,-0.069
284,36340863,13.34539,35.7274823,-78.6962747,35.34353963872628,-0.069
285,36340896,13.345737,35.7274823,-78.6962747,35.34353963872628,-0.069
286,36340929,13.346001,35.7274823,-78.6962747,35.34353963872628,-0.069
287,36340961,13.346012,35.7274823,-78.6962747,35.34353963872628,-0.069
288,36340994,13.34568,35.7274823,-78.6962747,35.34353963872628,-0.069
289,36341027,13.34584,35.7274823,-78.6962747,35.34353963872628,-0.069
290,36341060,13.346016,35.7274823,-78.6962747,35.34353963872628,-0.069
291,36341093,13.3465,35.7274823,-78.6962747,35.34353963872628,-0.069
292,36341125,13.345459,35.7274823,-78.6962747,35.34353963872628,-0.069
293,36341158,13.345501,35.7274823,-78.6962747,35.34353963872628,-0.069
294,36341194,13.34613,35.7274823,-78.6962747,35.34353963872628,-0.069
295,36341225,13.346653,35.7274823,-78.6962747,35.34353963872628,-0.069
296,36341258,13.345425,35.7274823,-78.6962747,35.34353963872628,-0.069
297,36341291,13.345898,35.7274823,-78.6962747,35.34353963872628,-0.069
298,36341324,13.34671,35.7274823,-78.6962747,35.34353963872628,-0.069
299,36341356,13.346329,35.7274823,-78.6962747,35.34353963872628,-0.069
300,36341389,13.34531,35.7274823,-78.6962747,35.34353963872628,-0.069
301,36341422,13.345127,35.7274823,-78.6962747,35.34353963872628,-0.069
302,36341455,13.346447,35.7274823,-78.6962747,35.34353963872628,-0.069
303,36341487,13.345863,35.7274823,-78.6962747,35.34353963872628,-0.069
304,36341520,13.345345,35.7274823,-78.6962747,35.34353963872628,-0.069
305,36341553,13.345158,35.7274823,-78.6962747,35.34353963872628,-0.069
306,36341586,13.346298,35.7274823,-78.6962747,35.34353963872628,-0.069
307,36341618,13.346329,35.7274823,-78.6962747,35.34353963872628,-0.069
308,36341651,13.345692,35.7274823,-78.6962747,35.34353963872628,-0.069
309,36341684,13.34568,35.7274823,-78.6962747,35.34353963872628,-0.069
310,36341717,13.346027,35.7274823,-78.6962747,35.34353963872628,-0.069
311,36341749,13.34639,35.7274823,-78.6962747,35.34353963872628,-0.056
312,36341782,13.34557,35.7274823,-78.6962747,35.34353963872628,-0.056
313,36341815,13.345787,35.7274823,-78.6962747,35.34353963872628,-0.056
314,36341848,13.346096,35.7274823,-78.6962747,35.34353963872628,-0.056
315,36341880,13.34597,35.7274823,-78.6962747,35.34353963872628,-0.056
316,36341913,13.34581,35.7274823,-78.6962747,35.34353963872628,-0.056
317,36341946,13.345863,35.7274823,-78.6962747,35.34353963872628,-0.056
318,36341979,13.346058,35.7274823,-78.6962747,35.34353963872628,-0.056
319,36342011,13.346081,35.7274823,-78.6962747,35.34353963872628,-0.056
320,36342044,13.345818,35.7274823,-78.6962747,35.34353963872628,-0.056
321,36342077,13.345947,35.7274823,-78.6962747,35.34353963872628,-0.056
322,36342110,13.34589,35.7274823,-78.6962747,35.34353963872628,-0.056
323,36342142,13.346569,35.7274823,-78.6962747,35.34353963872628,-0.056
324,36342175,13.346218,35.7274823,-78.6962747,35.34353963872628,-0.056
325,36342208,13.346306,35.7274823,-78.6962747,35.34353963872628,-0.056
326,36342241,13.345982,35.7274823,-78.6962747,35.34353963872628,-0.056
327,36342273,13.346073,35.7274823,-78.6962747,35.34353963872628,-0.056
328,36342306,13.345596,35.7274823,-78.6962747,35.34353963872628,-0.056
329,36342339,13.3462715,35.7274823,-78.6962747,35.34353963872628,-0.056
330,36342372,13.346397,35.7274823,-78.6962747,35.34353963872628,-0.056
331,36342404,13.346333,35.7274823,-78.6962747,35.34353963872628,-0.056
332,36342437,13.345612,35.7274823,-78.6962747,35.34353963872628,-0.056
333,36342470,13.346329,35.7274823,-78.6962747,35.34353963872628,-0.056
334,36342503,13.34605,35.7274823,-78.6962747,35.34353963872628,-0.056
335,36342536,13.346287,35.7274823,-78.6962747,35.34353963872628,-0.056
336,36342568,13.345409,35.7274823,-78.6962747,35.34353963872628,-0.056
337,36342601,13.346024,35.7274823,-78.6962747,35.34353963872628,-0.056
338,36342634,13.346329,35.7274823,-78.6962747,35.34353963872628,-0.056
339,36342666,13.3459015,35.7274823,-78.6962747,35.34353963872628,-0.056
340,36342699,13.345829,35.7274823,-78.6962747,35.34353963872628,-0.056
341,36342732,13.345787,35.7274823,-78.6962747,35.34353963872628,-0.056
342,36342765,13.345638,35.7274823,-78.6962747,35.34353963872628,-0.036
343,36342797,13.345741,35.7274823,-78.6962747,35.34353963872628,-0.036
344,36342830,13.3460045,35.7274823,-78.6962747,35.34353963872628,-0.036
345,36342863,13.345852,35.7274823,-78.6962747,35.34353963872628,-0.036
346,36342896,13.34605,35.7274823,-78.6962747,35.34353963872628,-0.036
347,36342928,13.345634,35.7274823,-78.6962747,35.34353963872628,-0.036
348,36342961,13.345673,35.7274823,-78.6962747,35.34353963872628,-0.036
349,36342994,13.346203,35.7274823,-78.6962747,35.34353963872628,-0.036
350,36343027,13.345829,35.7274823,-78.6962747,35.34353963872628,-0.036
351,36343059,13.34547,35.7274823,-78.6962747,35.34353963872628,-0.036
352,36343092,13.346016,35.7274823,-78.6962747,35.34353963872628,-0.036
353,36343125,13.345982,35.7274823,-78.6962747,35.34353963872628,-0.036
354,36343158,13.346573,35.7274823,-78.6962747,35.34353963872628,-0.036
355,36343190,13.345398,35.7274823,-78.6962747,35.34353963872628,-0.036
356,36343223,13.346096,35.7274823,-78.6962747,35.34353963872628,-0.036
357,36343256,13.3459015,35.7274823,-78.6962747,35.34353963872628,-0.036
358,36343291,13.346035,35.7274823,-78.6962747,35.34353963872628,-0.036
359,36343323,13.346024,35.7274823,-78.6962747,35.34353963872628,-0.036
360,36343356,13.345379,35.7274823,-78.6962747,35.34353963872628,-0.036
361,36343389,13.346241,35.7274823,-78.6962747,35.34353963872628,-0.036
362,36343422,13.346367,35.7274823,-78.6962747,35.34353963872628,-0.036
363,36343454,13.345238,35.7274823,-78.6962747,35.34353963872628,-0.036
364,36343487,13.34613,35.7274823,-78.6962747,35.34353963872628,-0.036
365,36343520,13.346203,35.7274823,-78.6962747,35.34353963872628,-0.036
366,36343553,13.346481,35.7274823,-78.6962747,35.34353963872628,-0.036
367,36343585,13.345596,35.7274823,-78.6962747,35.34353963872628,-0.036
368,36343618,13.346138,35.7274823,-78.6962747,35.34353963872628,-0.036
369,36343651,13.346127,35.7274823,-78.6962747,35.34353963872628,-0.036
370,36343684,13.346264,35.7274823,-78.6962747,35.34353963872628,-0.036
371,36343716,13.345272,35.7274823,-78.6962747,35.34353963872628,-0.036
372,36343749,13.346001,35.7274823,-78.6962747,35.34353963872628,-0.016
373,36343782,13.345921,35.7274823,-78.6962747,35.34353963872628,-0.016
374,36343815,13.345364,35.7274823,-78.6962747,35.34353963872628,-0.016
375,36343847,13.345299,35.7274823,-78.6962747,35.34353963872628,-0.016
376,36343880,13.345852,35.7274823,-78.6962747,35.34353963872628,-0.016
377,36343913,13.346184,35.7274823,-78.6962747,35.34353963872628,-0.016
378,36343946,13.345726,35.7274823,-78.6962747,35.34353963872628,-0.016
379,36343979,13.3459015,35.7274823,-78.6962747,35.34353963872628,-0.016
380,36344011,13.346298,35.7274823,-78.6962747,35.34353963872628,-0.016
381,36344044,13.3461685,35.7274823,-78.6962747,35.34353963872628,-0.016
382,36344077,13.345715,35.7274823,-78.6962747,35.34353963872628,-0.016
383,36344109,13.345955,35.7274823,-78.6962747,35.34353963872628,-0.016
384,36344142,13.346081,35.7274823,-78.6962747,35.34353963872628,-0.016
385,36344175,13.346203,35.7274823,-78.6962747,35.34353963872628,-0.016
386,36344208,13.345432,35.7274823,-78.6962747,35.34353963872628,-0.016
387,36344240,13.345856,35.7274823,-78.6962747,35.34353963872628,-0.016
388,36344273,13.346115,35.7274823,-78.6962747,35.34353963872628,-0.016
389,36344306,13.346226,35.7274823,-78.6962747,35.34353963872628,-0.016
390,36344339,13.345505,35.7274823,-78.6962747,35.34353963872628,-0.016
391,36344371,13.345436,35.7274823,-78.6962747,35.34353963872628,-0.016
392,36344404,13.345993,35.7274823,-78.6962747,35.34353963872628,-0.016
393,36344437,13.346458,35.7274823,-78.6962747,35.34353963872628,-0.016
394,36344470,13.345551,35.7274823,-78.6962747,35.34353963872628,-0.016
395,36344502,13.345634,35.7274823,-78.6962747,35.34353963872628,-0.016
396,36344535,13.345627,35.7274823,-78.6962747,35.34353963872628,-0.016
397,36344568,13.34634,35.7274823,-78.6962747,35.34353963872628,-0.016
398,36344601,13.345886,35.7274823,-78.6962747,35.34353963872628,-0.016
399,36344633,13.345852,35.7274823,-78.6962747,35.34353963872628,-0.016
400,36344666,13.346218,35.7274823,-78.6962747,35.34353963872628,-0.016
401,36344699,13.346512,35.7274823,-78.6962747,35.34353963872628,-0.016
402,36344732,13.345501,35.7274823,-78.6962747,35.34353963872628,-0.016
403,36344765,13.345852,35.7274823,-78.6962747,35.34353963872628,-0.054
404,36344797,13.345737,35.7274823,-78.6962747,35.34353963872628,-0.054
405,36344830,13.345776,35.7274823,-78.6962747,35.34353963872628,-0.054
406,36344863,13.345772,35.7274823,-78.6962747,35.34353963872628,-0.054
407,36344896,13.345528,35.7274823,-78.6962747,35.34353963872628,-0.054
408,36344928,13.345829,35.7274823,-78.6962747,35.34353963872628,-0.054
409,36344961,13.346458,35.7274823,-78.6962747,35.34353963872628,-0.054
410,36344994,13.346027,35.7274823,-78.6962747,35.34353963872628,-0.054
411,36345027,13.345459,35.7274823,-78.6962747,35.34353963872628,-0.054
412,36345059,13.345867,35.7274823,-78.6962747,35.34353963872628,-0.054
413,36345092,13.34597,35.7274823,-78.6962747,35.34353963872628,-0.054
414,36345125,13.345806,35.7274823,-78.6962747,35.34353963872628,-0.054
415,36345158,13.345226,35.7274823,-78.6962747,35.34353963872628,-0.054
416,36345190,13.346191,35.7274823,-78.6962747,35.34353963872628,-0.054
417,36345223,13.346458,35.7274823,-78.6962747,35.34353963872628,-0.054
418,36345256,13.345596,35.7274823,-78.6962747,35.34353963872628,-0.054
419,36345289,13.345829,35.7274823,-78.6962747,35.34353963872628,-0.054
420,36345321,13.3464775,35.7274823,-78.6962747,35.34353963872628,-0.054
421,36345354,13.34597,35.7274823,-78.6962747,35.34353963872628,-0.054
422,36345389,13.345356,35.7274823,-78.6962747,35.34353963872628,-0.054
423,36345422,13.345413,35.7274823,-78.6962747,35.34353963872628,-0.054
424,36345454,13.346966,35.7274823,-78.6962747,35.34353963872628,-0.054
425,36345487,13.346115,35.7274823,-78.6962747,35.34353963872628,-0.054
426,36345520,13.345623,35.7274823,-78.6962747,35.34353963872628,-0.054
427,36345553,13.345444,35.7274823,-78.6962747,35.34353963872628,-0.054
428,36345585,13.346306,35.7274823,-78.6962747,35.34353963872628,-0.054
429,36345618,13.346321,35.7274823,-78.6962747,35.34353963872628,-0.054
430,36345651,13.346035,35.7274823,-78.6962747,35.34353963872628,-0.054
431,36345684,13.345535,35.7274823,-78.6962747,35.34353963872628,-0.054
432,36345716,13.346523,35.7274823,-78.6962747,35.34353963872628,-0.054
433,36345749,13.346569,35.7274823,-78.6962747,35.34353963872628,0.014
434,36345782,13.345966,35.7274823,-78.6962747,35.34353963872628,0.014
435,36345815,13.345898,35.7274823,-78.6962747,35.34353963872628,0.014
436,36345847,13.346455,35.7274823,-78.6962747,35.34353963872628,0.014
437,36345880,13.346558,35.7274823,-78.6962747,35.34353963872628,0.014
438,36345913,13.34581,35.7274823,-78.6962747,35.34353963872628,0.014
439,36345946,13.346104,35.7274823,-78.6962747,35.34353963872628,0.014
440,36345979,13.346607,35.7274823,-78.6962747,35.34353963872628,0.014
441,36346011,13.346172,35.7274823,-78.6962747,35.34353963872628,0.014
442,36346044,13.345215,35.7274823,-78.6962747,35.34353963872628,0.014
443,36346077,13.345795,35.7274823,-78.6962747,35.34353963872628,0.014
444,36346110,13.346741,35.7274823,-78.6962747,35.34353963872628,0.014
445,36346142,13.346027,35.7274823,-78.6962747,35.34353963872628,0.014
446,36346175,13.345207,35.7274823,-78.6962747,35.34353963872628,0.014
447,36346208,13.346046,35.7274823,-78.6962747,35.34353963872628,0.014
448,36346240,13.346546,35.7274823,-78.6962747,35.34353963872628,0.014
449,36346273,13.345978,35.7274823,-78.6962747,35.34353963872628,0.014
450,36346306,13.345238,35.7274823,-78.6962747,35.34353963872628,0.014
451,36346339,13.346298,35.7274823,-78.6962747,35.34353963872628,0.014
452,36346404,13.346218,35.7274823,-78.6962747,35.34353963872628,0.014
453,36346437,13.345261,35.7274823,-78.6962747,35.34353963872628,0.014
454,36346470,13.345943,35.7274823,-78.6962747,35.34353963872628,0.014
455,36346503,13.346352,35.7274823,-78.6962747,35.34353963872628,0.014
456,36346535,13.3466835,35.7274823,-78.6962747,35.34353963872628,0.014
457,36346568,13.345615,35.7274823,-78.6962747,35.34353963872628,0.014
458,36346601,13.346069,35.7274823,-78.6962747,35.34353963872628,0.014
459,36346634,13.346687,35.7274823,-78.6962747,35.34353963872628,0.014
460,36346666,13.346039,35.7274823,-78.6962747,35.34353963872628,0.014
461,36346699,13.345623,35.7274823,-78.6962747,35.34353963872628,0.014
462,36346732,13.345863,35.7274823,-78.6962747,35.34353963872628,0.014
463,36346765,13.346294,35.7274823,-78.6962747,35.34353963872628,-0.047
464,36346797,13.3460045,35.7274823,-78.6962747,35.34353963872628,-0.047
465,36346830,13.345737,35.7274823,-78.6962747,35.34353963872628,-0.047
466,36346863,13.345947,35.7274823,-78.6962747,35.34353963872628,-0.047
467,36346896,13.346386,35.7274823,-78.6962747,35.34353963872628,-0.047
468,36346928,13.345661,35.7274823,-78.6962747,35.34353963872628,-0.047
469,36346961,13.345219,35.7274823,-78.6962747,35.34353963872628,-0.047
470,36346994,13.345505,35.7274823,-78.6962747,35.34353963872628,-0.047
471,36347027,13.345787,35.7274823,-78.6962747,35.34353963872628,-0.047
472,36347059,13.345741,35.7274823,-78.6962747,35.34353963872628,-0.047
473,36347092,13.345585,35.7274823,-78.6962747,35.34353963872628,-0.047
474,36347125,13.345821,35.7274823,-78.6962747,35.34353963872628,-0.047
475,36347158,13.345924,35.7274823,-78.6962747,35.34353963872628,-0.047
476,36347190,13.345638,35.7274823,-78.6962747,35.34353963872628,-0.047
477,36347223,13.346039,35.7274823,-78.6962747,35.34353963872628,-0.047
478,36347256,13.345772,35.7274823,-78.6962747,35.34353963872628,-0.047
479,36347289,13.346012,35.7274823,-78.6962747,35.34353963872628,-0.047
480,36347321,13.346024,35.7274823,-78.6962747,35.34353963872628,-0.047
481,36347354,13.345558,35.7274823,-78.6962747,35.34353963872628,-0.047
482,36347387,13.346329,35.7274823,-78.6962747,35.34353963872628,-0.047
483,36347420,13.346218,35.7274823,-78.6962747,35.34353963872628,-0.047
484,36347452,13.345764,35.7274823,-78.6962747,35.34353963872628,-0.047
485,36347487,13.345657,35.7274823,-78.6962747,35.34353963872628,-0.047
486,36347520,13.346924,35.7274823,-78.6962747,35.34353963872628,-0.047
487,36347553,13.346363,35.7274823,-78.6962747,35.34353963872628,-0.047
488,36347585,13.346481,35.7274823,-78.6962747,35.34353963872628,-0.047
489,36347618,13.345558,35.7274823,-78.6962747,35.34353963872628,-0.047
490,36347651,13.346737,35.7274823,-78.6962747,35.34353963872628,-0.047
491,36347684,13.3462715,35.7274823,-78.6962747,35.34353963872628,-0.047
492,36347716,13.345818,35.7274823,-78.6962747,35.34353963872628,-0.047
493,36347749,13.345737,35.7274823,-78.6962747,35.34353963872628,-0.047
494,36347782,13.346527,35.7274823,-78.6962747,35.34353963872628,-0.037
495,36347815,13.346321,35.7274823,-78.6962747,35.34353963872628,-0.037
496,36347848,13.346016,35.7274823,-78.6962747,35.34353963872628,-0.037
497,36347880,13.34584,35.7274823,-78.6962747,35.34353963872628,-0.037
498,36347913,13.34639,35.7274823,-78.6962747,35.34353963872628,-0.037
499,36347946,13.346249,35.7274823,-78.6962747,35.34353963872628,-0.037
500,36347978,13.345707,35.7274823,-78.6962747,35.34353963872628,-0.037
501,36348011,13.345989,35.7274823,-78.6962747,35.34353963872628,-0.037
502,36348044,13.346321,35.7274823,-78.6962747,35.34353963872628,-0.037
503,36348077,13.346432,35.7274823,-78.6962747,35.34353963872628,-0.037
504,36348109,13.345776,35.7274823,-78.6962747,35.34353963872628,-0.037
505,36348142,13.346035,35.7274823,-78.6962747,35.34353963872628,-0.037
506,36348175,13.346523,35.7274823,-78.6962747,35.34353963872628,-0.037
507,36348207,13.346584,35.7274823,-78.6962747,35.34353963872628,-0.037
508,36348241,13.346252,35.7274823,-78.6962747,35.34353963872628,-0.037
509,36348273,13.346241,35.7274823,-78.6962747,35.34353963872628,-0.037
510,36348306,13.346619,35.7274823,-78.6962747,35.34353963872628,-0.037
511,36348338,13.346615,35.7274823,-78.6962747,35.34353963872628,-0.037
512,36348371,13.345623,35.7274823,-78.6962747,35.34353963872628,-0.037
513,36348404,13.346493,35.7274823,-78.6962747,35.34353963872628,-0.037
514,36348437,13.346436,35.7274823,-78.6962747,35.34353963872628,-0.037
515,36348469,13.346535,35.7274823,-78.6962747,35.34353963872628,-0.037
516,36348502,13.345215,35.7274823,-78.6962747,35.34353963872628,-0.037
517,36348535,13.346127,35.7274823,-78.6962747,35.34353963872628,-0.037
518,36348568,13.346607,35.7274823,-78.6962747,35.34353963872628,-0.037
519,36348601,13.34655,35.7274823,-78.6962747,35.34353963872628,-0.037
520,36348633,13.345764,35.7274823,-78.6962747,35.34353963872628,-0.037
521,36348666,13.34605,35.7274823,-78.6962747,35.34353963872628,-0.037
522,36348699,13.346092,35.7274823,-78.6962747,35.34353963872628,-0.037
523,36348732,13.346771,35.7274823,-78.6962747,35.34353963872628,-0.037
524,36348764,13.345535,35.7274823,-78.6962747,35.34353963872628,-0.051
525,36348797,13.346191,35.7274823,-78.6962747,35.34353963872628,-0.051
526,36348830,13.346401,35.7274823,-78.6962747,35.34353963872628,-0.051
527,36348863,13.347069,35.7274823,-78.6962747,35.34353963872628,-0.051
528,36348895,13.345684,35.7274823,-78.6962747,35.34353963872628,-0.051
529,36348928,13.345787,35.7274823,-78.6962747,35.34353963872628,-0.051
530,36348961,13.34647,35.7274823,-78.6962747,35.34353963872628,-0.051
531,36348994,13.345856,35.7274823,-78.6962747,35.34353963872628,-0.051
532,36349026,13.345379,35.7274823,-78.6962747,35.34353963872628,-0.051
533,36349059,13.345875,35.7274823,-78.6962747,35.34353963872628,-0.051
534,36349092,13.3461685,35.7274823,-78.6962747,35.34353963872628,-0.051
535,36349125,13.345375,35.7274823,-78.6962747,35.34353963872628,-0.051
536,36349157,13.345741,35.7274823,-78.6962747,35.34353963872628,-0.051
537,36349190,13.34573,35.7274823,-78.6962747,35.34353963872628,-0.051
538,36349223,13.3463745,35.7274823,-78.6962747,35.34353963872628,-0.051
539,36349256,13.345448,35.7274823,-78.6962747,35.34353963872628,-0.051
540,36349288,13.345795,35.7274823,-78.6962747,35.34353963872628,-0.051
541,36349321,13.345833,35.7274823,-78.6962747,35.34353963872628,-0.051
542,36349354,13.345943,35.7274823,-78.6962747,35.34353963872628,-0.051
543,36349387,13.345783,35.7274823,-78.6962747,35.34353963872628,-0.051
544,36349419,13.345776,35.7274823,-78.6962747,35.34353963872628,-0.051
545,36349452,13.346062,35.7274823,-78.6962747,35.34353963872628,-0.051
546,36349485,13.346298,35.7274823,-78.6962747,35.34353963872628,-0.051
547,36349518,13.345753,35.7274823,-78.6962747,35.34353963872628,-0.051
548,36349552,13.345226,35.7274823,-78.6962747,35.34353963872628,-0.051
549,36349585,13.346237,35.7274823,-78.6962747,35.34353963872628,-0.051
550,36349618,13.346638,35.7274823,-78.6962747,35.34353963872628,-0.051
551,36349651,13.345707,35.7274823,-78.6962747,35.34353963872628,-0.051
552,36349683,13.345638,35.7274823,-78.6962747,35.34353963872628,-0.051
553,36349716,13.346409,35.7274823,-78.6962747,35.34353963872628,-0.051
554,36349749,13.346016,35.7274823,-78.6962747,35.34353963872628,-0.051
555,36349782,13.345379,35.7274823,-78.6962747,35.34353963872628,-0.072
556,36349814,13.345024,35.7274823,-78.6962747,35.34353963872628,-0.072
557,36349847,13.346386,35.7274823,-78.6962747,35.34353963872628,-0.072
558,36349880,13.34605,35.7274823,-78.6962747,35.34353963872628,-0.072
559,36349913,13.345402,35.7274823,-78.6962747,35.34353963872628,-0.072
560,36349945,13.344841,35.7274823,-78.6962747,35.34353963872628,-0.072
561,36349978,13.346584,35.7274823,-78.6962747,35.34353963872628,-0.072
562,36350011,13.346844,35.7274823,-78.6962747,35.34353963872628,-0.072
563,36350044,13.34539,35.7274823,-78.6962747,35.34353963872628,-0.072
564,36350076,13.345604,35.7274823,-78.6962747,35.34353963872628,-0.072
565,36350109,13.346264,35.7274823,-78.6962747,35.34353963872628,-0.072
566,36350142,13.346432,35.7274823,-78.6962747,35.34353963872628,-0.072
567,36350175,13.345409,35.7274823,-78.6962747,35.34353963872628,-0.072
568,36350207,13.345604,35.7274823,-78.6962747,35.34353963872628,-0.072
569,36350240,13.346092,35.7274823,-78.6962747,35.34353963872628,-0.072
570,36350273,13.345852,35.7274823,-78.6962747,35.34353963872628,-0.072
571,36350306,13.345657,35.7274823,-78.6962747,35.34353963872628,-0.072
572,36350338,13.345852,35.7274823,-78.6962747,35.34353963872628,-0.072
573,36350371,13.346127,35.7274823,-78.6962747,35.34353963872628,-0.072
574,36350404,13.346432,35.7274823,-78.6962747,35.34353963872628,-0.072
575,36350437,13.346401,35.7274823,-78.6962747,35.34353963872628,-0.072
576,36350469,13.345787,35.7274823,-78.6962747,35.34353963872628,-0.072
577,36350502,13.3465,35.7274823,-78.6962747,35.34353963872628,-0.072
578,36350535,13.34639,35.7274823,-78.6962747,35.34353963872628,-0.072
579,36350568,13.345493,35.7274823,-78.6962747,35.34353963872628,-0.072
580,36350600,13.345936,35.7274823,-78.6962747,35.34353963872628,-0.072
581,36350633,13.346642,35.7274823,-78.6962747,35.34353963872628,-0.072
582,36350666,13.346069,35.7274823,-78.6962747,35.34353963872628,-0.072
583,36350699,13.345093,35.7274823,-78.6962747,35.34353963872628,-0.072
584,36350731,13.345787,35.7274823,-78.6962747,35.34353963872628,-0.072
585,36350764,13.346527,35.7274823,-78.6962747,35.34353963872628,-0.082
586,36350797,13.3462715,35.7274823,-78.6962747,35.34353963872628,-0.082
587,36350830,13.345329,35.7274823,-78.6962747,35.34353963872628,-0.082
588,36350862,13.346024,35.7274823,-78.6962747,35.34353963872628,-0.082
589,36350895,13.346264,35.7274823,-78.6962747,35.34353963872628,-0.082
590,36350928,13.346481,35.7274823,-78.6962747,35.34353963872628,-0.082
591,36350961,13.345535,35.7274823,-78.6962747,35.34353963872628,-0.082
592,36350993,13.345612,35.7274823,-78.6962747,35.34353963872628,-0.082
593,36351026,13.346039,35.7274823,-78.6962747,35.34353963872628,-0.082
594,36351059,13.345943,35.7274823,-78.6962747,35.34353963872628,-0.082
595,36351092,13.345772,35.7274823,-78.6962747,35.34353963872628,-0.082
596,36351157,13.34655,35.7274823,-78.6962747,35.34353963872628,-0.082
597,36351190,13.346058,35.7274823,-78.6962747,35.34353963872628,-0.082
598,36351223,13.345932,35.7274823,-78.6962747,35.34353963872628,-0.082
599,36351255,13.345535,35.7274823,-78.6962747,35.34353963872628,-0.082
600,36351288,13.346569,35.7274823,-78.6962747,35.34353963872628,-0.082
601,36351321,13.345467,35.7274823,-78.6962747,35.34353963872628,-0.082
602,36351354,13.345726,35.7274823,-78.6962747,35.34353963872628,-0.082
603,36351386,13.345524,35.7274823,-78.6962747,35.34353963872628,-0.082
604,36351419,13.346504,35.7274823,-78.6962747,35.34353963872628,-0.082
605,36351452,13.345478,35.7274823,-78.6962747,35.34353963872628,-0.082
606,36351485,13.345726,35.7274823,-78.6962747,35.34353963872628,-0.082
607,36351517,13.345947,35.7274823,-78.6962747,35.34353963872628,-0.082
608,36351550,13.345718,35.7274823,-78.6962747,35.34353963872628,-0.082
609,36351583,13.345753,35.7274823,-78.6962747,35.34353963872628,-0.082
610,36351616,13.34623,35.7274823,-78.6962747,35.34353963872628,-0.082
611,36351650,13.346046,35.7274823,-78.6962747,35.34353963872628,-0.082
612,36351683,13.345169,35.7274823,-78.6962747,35.34353963872628,-0.082
613,36351716,13.345795,35.7274823,-78.6962747,35.34353963872628,-0.082
614,36351749,13.345726,35.7274823,-78.6962747,35.34353963872628,-0.082
615,36351781,13.346218,35.7274823,-78.6962747,35.34353963872628,-0.057
616,36351814,13.345753,35.7274823,-78.6962747,35.34353963872628,-0.057
617,36351847,13.345356,35.7274823,-78.6962747,35.34353963872628,-0.057
618,36351880,13.346138,35.7274823,-78.6962747,35.34353963872628,-0.057
619,36351912,13.346283,35.7274823,-78.6962747,35.34353963872628,-0.057
620,36351945,13.345501,35.7274823,-78.6962747,35.34353963872628,-0.057
621,36351978,13.345692,35.7274823,-78.6962747,35.34353963872628,-0.057
622,36352011,13.346306,35.7274823,-78.6962747,35.34353963872628,-0.057
623,36352043,13.346687,35.7274823,-78.6962747,35.34353963872628,-0.057
624,36352076,13.346027,35.7274823,-78.6962747,35.34353963872628,-0.057
625,36352109,13.345615,35.7274823,-78.6962747,35.34353963872628,-0.057
626,36352142,13.345932,35.7274823,-78.6962747,35.34353963872628,-0.057
627,36352175,13.34597,35.7274823,-78.6962747,35.34353963872628,-0.057
628,36352207,13.3452835,35.7274823,-78.6962747,35.34353963872628,-0.057
629,36352240,13.345436,35.7274823,-78.6962747,35.34353963872628,-0.057
630,36352273,13.345913,35.7274823,-78.6962747,35.34353963872628,-0.057
631,36352306,13.346352,35.7274823,-78.6962747,35.34353963872628,-0.057
632,36352338,13.345867,35.7274823,-78.6962747,35.34353963872628,-0.057
633,36352371,13.345375,35.7274823,-78.6962747,35.34353963872628,-0.057
634,36352404,13.345718,35.7274823,-78.6962747,35.34353963872628,-0.057
635,36352436,13.346424,35.7274823,-78.6962747,35.34353963872628,-0.057
636,36352469,13.345646,35.7274823,-78.6962747,35.34353963872628,-0.057
637,36352502,13.345467,35.7274823,-78.6962747,35.34353963872628,-0.057
638,36352535,13.346294,35.7274823,-78.6962747,35.34353963872628,-0.057
639,36352568,13.346306,35.7274823,-78.6962747,35.34353963872628,-0.057
640,36352600,13.345207,35.7274823,-78.6962747,35.34353963872628,-0.057
641,36352633,13.345646,35.7274823,-78.6962747,35.34353963872628,-0.057
642,36352666,13.346981,35.7274823,-78.6962747,35.34353963872628,-0.057
643,36352699,13.346363,35.7274823,-78.6962747,35.34353963872628,-0.057
644,36352731,13.345741,35.7274823,-78.6962747,35.34353963872628,-0.057
645,36352764,13.345638,35.7274823,-78.6962747,35.34353963872628,-0.058
646,36352797,13.346001,35.7274823,-78.6962747,35.34353963872628,-0.058
647,36352830,13.345982,35.7274823,-78.6962747,35.34353963872628,-0.058
648,36352862,13.345379,35.7274823,-78.6962747,35.34353963872628,-0.058
649,36352895,13.345409,35.7274823,-78.6962747,35.34353963872628,-0.058
650,36352928,13.346344,35.7274823,-78.6962747,35.34353963872628,-0.058
651,36352961,13.3463745,35.7274823,-78.6962747,35.34353963872628,-0.058
652,36352993,13.3461075,35.7274823,-78.6962747,35.34353963872628,-0.058
653,36353026,13.345932,35.7274823,-78.6962747,35.34353963872628,-0.058
654,36353059,13.346298,35.7274823,-78.6962747,35.34353963872628,-0.058
655,36353092,13.346706,35.7274823,-78.6962747,35.34353963872628,-0.058
656,36353124,13.345886,35.7274823,-78.6962747,35.34353963872628,-0.058
657,36353157,13.345863,35.7274823,-78.6962747,35.34353963872628,-0.058
658,36353190,13.346058,35.7274823,-78.6962747,35.34353963872628,-0.058
659,36353223,13.346512,35.7274823,-78.6962747,35.34353963872628,-0.058
660,36353256,13.345947,35.7274823,-78.6962747,35.34353963872628,-0.058
661,36353288,13.345783,35.7274823,-78.6962747,35.34353963872628,-0.058
662,36353321,13.346035,35.7274823,-78.6962747,35.34353963872628,-0.058
663,36353354,13.346333,35.7274823,-78.6962747,35.34353963872628,-0.058
664,36353386,13.34584,35.7274823,-78.6962747,35.34353963872628,-0.058
665,36353419,13.346352,35.7274823,-78.6962747,35.34353963872628,-0.058
666,36353452,13.345707,35.7274823,-78.6962747,35.34353963872628,-0.058
667,36353485,13.3465805,35.7274823,-78.6962747,35.34353963872628,-0.058
668,36353517,13.345261,35.7274823,-78.6962747,35.34353963872628,-0.058
669,36353550,13.345966,35.7274823,-78.6962747,35.34353963872628,-0.058
670,36353583,13.3462715,35.7274823,-78.6962747,35.34353963872628,-0.058
671,36353616,13.346401,35.7274823,-78.6962747,35.34353963872628,-0.058
672,36353648,13.346016,35.7274823,-78.6962747,35.34353963872628,-0.058
673,36353681,13.345982,35.7274823,-78.6962747,35.34353963872628,-0.058
674,36353714,13.346035,35.7274823,-78.6962747,35.34353963872628,-0.058
675,36353749,13.34613,35.7274823,-78.6962747,35.34353963872628,-0.058
676,36353781,13.345829,35.7274823,-78.6962747,35.34353963872628,-0.1
677,36353814,13.346401,35.7274823,-78.6962747,35.34353963872628,-0.1
678,36353847,13.346039,35.7274823,-78.6962747,35.34353963872628,-0.1
679,36353880,13.346062,35.7274823,-78.6962747,35.34353963872628,-0.1
680,36353913,13.345657,35.7274823,-78.6962747,35.34353963872628,-0.1
681,36353945,13.345993,35.7274823,-78.6962747,35.34353963872628,-0.1
682,36353978,13.345867,35.7274823,-78.6962747,35.34353963872628,-0.1
683,36354011,13.345627,35.7274823,-78.6962747,35.34353963872628,-0.1
684,36354044,13.345421,35.7274823,-78.6962747,35.34353963872628,-0.1
685,36354076,13.346149,35.7274823,-78.6962747,35.34353963872628,-0.1
686,36354109,13.3459015,35.7274823,-78.6962747,35.34353963872628,-0.1
687,36354142,13.345806,35.7274823,-78.6962747,35.34353963872628,-0.1
688,36354175,13.345707,35.7274823,-78.6962747,35.34353963872628,-0.1
689,36354207,13.346249,35.7274823,-78.6962747,35.34353963872628,-0.1
690,36354240,13.346294,35.7274823,-78.6962747,35.34353963872628,-0.1
691,36354273,13.34597,35.7274823,-78.6962747,35.34353963872628,-0.1
692,36354306,13.345581,35.7274823,-78.6962747,35.34353963872628,-0.1
693,36354338,13.346252,35.7274823,-78.6962747,35.34353963872628,-0.1
694,36354371,13.346352,35.7274823,-78.6962747,35.34353963872628,-0.1
695,36354404,13.34605,35.7274823,-78.6962747,35.34353963872628,-0.1
696,36354437,13.345863,35.7274823,-78.6962747,35.34353963872628,-0.1
697,36354469,13.346069,35.7274823,-78.6962747,35.34353963872628,-0.1
698,36354502,13.346249,35.7274823,-78.6962747,35.34353963872628,-0.1
699,36354535,13.345551,35.7274823,-78.6962747,35.34353963872628,-0.1
700,36354568,13.345276,35.7274823,-78.6962747,35.34353963872628,-0.1
701,36354600,13.345921,35.7274823,-78.6962747,35.34353963872628,-0.1
702,36354634,13.3461075,35.7274823,-78.6962747,35.34353963872628,-0.1
703,36354666,13.345295,35.7274823,-78.6962747,35.34353963872628,-0.1
704,36354699,13.345524,35.7274823,-78.6962747,35.34353963872628,-0.1
705,36354731,13.346264,35.7274823,-78.6962747,35.34353963872628,-0.1
706,36354764,13.346363,35.7274823,-78.6962747,35.34353963872628,-0.073
707,36354797,13.345978,35.7274823,-78.6962747,35.34353963872628,-0.073
708,36354830,13.34565,35.7274823,-78.6962747,35.34353963872628,-0.073
709,36354862,13.346363,35.7274823,-78.6962747,35.34353963872628,-0.073
710,36354895,13.346352,35.7274823,-78.6962747,35.34353963872628,-0.073
711,36354928,13.345604,35.7274823,-78.6962747,35.34353963872628,-0.073
712,36354961,13.345623,35.7274823,-78.6962747,35.34353963872628,-0.073
713,36354993,13.346626,35.7274823,-78.6962747,35.34353963872628,-0.073
714,36355026,13.346413,35.7274823,-78.6962747,35.34353963872628,-0.073
715,36355059,13.345135,35.7274823,-78.6962747,35.34353963872628,-0.073
716,36355092,13.345703,35.7274823,-78.6962747,35.34353963872628,-0.073
717,36355124,13.346874,35.7274823,-78.6962747,35.34353963872628,-0.073
718,36355157,13.346561,35.7274823,-78.6962747,35.34353963872628,-0.073
719,36355190,13.345863,35.7274823,-78.6962747,35.34353963872628,-0.073
720,36355223,13.345856,35.7274823,-78.6962747,35.34353963872628,-0.073
721,36355255,13.345947,35.7274823,-78.6962747,35.34353963872628,-0.073
722,36355288,13.346443,35.7274823,-78.6962747,35.34353963872628,-0.073
723,36355321,13.3457985,35.7274823,-78.6962747,35.34353963872628,-0.073
724,36355354,13.345455,35.7274823,-78.6962747,35.34353963872628,-0.073
725,36355386,13.346119,35.7274823,-78.6962747,35.34353963872628,-0.073
726,36355419,13.346504,35.7274823,-78.6962747,35.34353963872628,-0.073
727,36355452,13.346092,35.7274823,-78.6962747,35.34353963872628,-0.073
728,36355485,13.345753,35.7274823,-78.6962747,35.34353963872628,-0.073
729,36355517,13.346191,35.7274823,-78.6962747,35.34353963872628,-0.073
730,36355550,13.346615,35.7274823,-78.6962747,35.34353963872628,-0.073
731,36355583,13.346035,35.7274823,-78.6962747,35.34353963872628,-0.073
732,36355616,13.345276,35.7274823,-78.6962747,35.34353963872628,-0.073
733,36355648,13.34639,35.7274823,-78.6962747,35.34353963872628,-0.073
734,36355681,13.346333,35.7274823,-78.6962747,35.34353963872628,-0.073
735,36355714,13.346104,35.7274823,-78.6962747,35.34353963872628,-0.073
736,36355747,13.345776,35.7274823,-78.6962747,35.34353963872628,-0.073
737,36355779,13.346493,35.7274823,-78.6962747,35.34353963872628,-0.112
738,36355812,13.346436,35.7274823,-78.6962747,35.34353963872628,-0.112
739,36355847,13.345661,35.7274823,-78.6962747,35.34353963872628,-0.112
740,36355880,13.345684,35.7274823,-78.6962747,35.34353963872628,-0.112
741,36355913,13.345787,35.7274823,-78.6962747,35.34353963872628,-0.112
742,36355945,13.346512,35.7274823,-78.6962747,35.34353963872628,-0.112
743,36355978,13.345539,35.7274823,-78.6962747,35.34353963872628,-0.112
744,36356011,13.345638,35.7274823,-78.6962747,35.34353963872628,-0.112
745,36356043,13.346401,35.7274823,-78.6962747,35.34353963872628,-0.112
746,36356076,13.346676,35.7274823,-78.6962747,35.34353963872628,-0.112
747,36356109,13.345749,35.7274823,-78.6962747,35.34353963872628,-0.112
748,36356142,13.345726,35.7274823,-78.6962747,35.34353963872628,-0.112
749,36356174,13.346027,35.7274823,-78.6962747,35.34353963872628,-0.112
750,36356207,13.346466,35.7274823,-78.6962747,35.34353963872628,-0.112
751,36356240,13.345783,35.7274823,-78.6962747,35.34353963872628,-0.112
752,36356273,13.346027,35.7274823,-78.6962747,35.34353963872628,-0.112
753,36356305,13.34605,35.7274823,-78.6962747,35.34353963872628,-0.112
754,36356338,13.346798,35.7274823,-78.6962747,35.34353963872628,-0.112
755,36356371,13.345333,35.7274823,-78.6962747,35.34353963872628,-0.112
756,36356404,13.345966,35.7274823,-78.6962747,35.34353963872628,-0.112
757,36356436,13.346016,35.7274823,-78.6962747,35.34353963872628,-0.112
758,36356469,13.346153,35.7274823,-78.6962747,35.34353963872628,-0.112
759,36356502,13.345318,35.7274823,-78.6962747,35.34353963872628,-0.112
760,36356535,13.34634,35.7274823,-78.6962747,35.34353963872628,-0.112
761,36356568,13.346237,35.7274823,-78.6962747,35.34353963872628,-0.112
762,36356600,13.346081,35.7274823,-78.6962747,35.34353963872628,-0.112
763,36356633,13.345737,35.7274823,-78.6962747,35.34353963872628,-0.112
764,36356666,13.346207,35.7274823,-78.6962747,35.34353963872628,-0.112
765,36356698,13.346664,35.7274823,-78.6962747,35.34353963872628,-0.112
766,36356731,13.346081,35.7274823,-78.6962747,35.34353963872628,-0.112
767,36356764,13.345184,35.7274823,-78.6962747,35.34353963872628,-0.112
768,36356797,13.346058,35.7274823,-78.6962747,35.34353963872628,-0.112
769,36356829,13.34605,35.7274823,-78.6962747,35.34353963872628,-0.112
770,36356862,13.345318,35.7274823,-78.6962747,35.34353963872628,-0.112
771,36356895,13.345749,35.7274823,-78.6962747,35.34353963872628,-0.112
772,36356928,13.346352,35.7274823,-78.6962747,35.34353963872628,-0.112
773,36356960,13.346558,35.7274823,-78.6962747,35.34353963872628,-0.112
774,36356993,13.345673,35.7274823,-78.6962747,35.34353963872628,-0.112
775,36357026,13.345818,35.7274823,-78.6962747,35.34353963872628,-0.112
776,36357059,13.346241,35.7274823,-78.6962747,35.34353963872628,-0.112
777,36357091,13.346413,35.7274823,-78.6962747,35.34353963872628,-0.112
778,36357124,13.345726,35.7274823,-78.6962747,35.34353963872628,-0.112
779,36357157,13.345467,35.7274823,-78.6962747,35.34353963872628,-0.112
780,36357190,13.346073,35.7274823,-78.6962747,35.34353963872628,-0.112
781,36357222,13.347317,35.7274823,-78.6962747,35.34353963872628,-0.112
782,36357255,13.345299,35.7274823,-78.6962747,35.34353963872628,-0.112
783,36357288,13.346012,35.7274823,-78.6962747,35.34353963872628,-0.112
784,36357321,13.346333,35.7274823,-78.6962747,35.34353963872628,-0.112
785,36357353,13.347149,35.7274823,-78.6962747,35.34353963872628,-0.112
786,36357386,13.345192,35.7274823,-78.6962747,35.34353963872628,-0.112
787,36357419,13.345921,35.7274823,-78.6962747,35.34353963872628,-0.112
788,36357452,13.346062,35.7274823,-78.6962747,35.34353963872628,-0.112
789,36357485,13.346828,35.7274823,-78.6962747,35.34353963872628,-0.112
790,36357517,13.345112,35.7274823,-78.6962747,35.34353963872628,-0.112
791,36357550,13.345512,35.7274823,-78.6962747,35.34353963872628,-0.112
792,36357583,13.346073,35.7274823,-78.6962747,35.34353963872628,-0.112
793,36357616,13.346729,35.7274823,-78.6962747,35.34353963872628,-0.112
794,36357648,13.345669,35.7274823,-78.6962747,35.34353963872628,-0.112
795,36357681,13.34515,35.7274823,-78.6962747,35.34353963872628,-0.112
796,36357714,13.345718,35.7274823,-78.6962747,35.34353963872628,-0.112
797,36357747,13.346535,35.7274823,-78.6962747,35.34353963872628,-0.112
798,36357779,13.345402,35.7274823,-78.6962747,35.34353963872628,-0.12
799,36357812,13.345821,35.7274823,-78.6962747,35.34353963872628,-0.12
800,36357845,13.346142,35.7274823,-78.6962747,35.34353963872628,-0.12
801,36357878,13.346764,35.7274823,-78.6962747,35.34353963872628,-0.12
802,36357911,13.346046,35.7274823,-78.6962747,35.34353963872628,-0.12
803,36357945,13.346058,35.7274823,-78.6962747,35.34353963872628,-0.12
804,36357978,13.345737,35.7274823,-78.6962747,35.34353963872628,-0.12
805,36358011,13.346355,35.7274823,-78.6962747,35.34353963872628,-0.12
806,36358043,13.345932,35.7274823,-78.6962747,35.34353963872628,-0.12
807,36358076,13.34623,35.7274823,-78.6962747,35.34353963872628,-0.12
808,36358109,13.346413,35.7274823,-78.6962747,35.34353963872628,-0.12
809,36358142,13.346306,35.7274823,-78.6962747,35.34353963872628,-0.12
810,36358174,13.344856,35.7274823,-78.6962747,35.34353963872628,-0.12
811,36358207,13.345909,35.7274823,-78.6962747,35.34353963872628,-0.12
812,36358240,13.346352,35.7274823,-78.6962747,35.34353963872628,-0.12
813,36358273,13.346378,35.7274823,-78.6962747,35.34353963872628,-0.12
814,36358305,13.345184,35.7274823,-78.6962747,35.34353963872628,-0.12
815,36358338,13.345673,35.7274823,-78.6962747,35.34353963872628,-0.12
816,36358371,13.346321,35.7274823,-78.6962747,35.34353963872628,-0.12
817,36358404,13.346535,35.7274823,-78.6962747,35.34353963872628,-0.12
818,36358436,13.345547,35.7274823,-78.6962747,35.34353963872628,-0.12
819,36358469,13.3459015,35.7274823,-78.6962747,35.34353963872628,-0.12
820,36358502,13.346516,35.7274823,-78.6962747,35.34353963872628,-0.12
821,36358535,13.345795,35.7274823,-78.6962747,35.34353963872628,-0.12
822,36358567,13.345459,35.7274823,-78.6962747,35.34353963872628,-0.12
823,36358600,13.345844,35.7274823,-78.6962747,35.34353963872628,-0.12
824,36358633,13.346447,35.7274823,-78.6962747,35.34353963872628,-0.12
825,36358666,13.345772,35.7274823,-78.6962747,35.34353963872628,-0.12
826,36358698,13.345253,35.7274823,-78.6962747,35.34353963872628,-0.12
827,36358731,13.345776,35.7274823,-78.6962747,35.34353963872628,-0.12
828,36358764,13.346287,35.7274823,-78.6962747,35.34353963872628,-0.12
829,36358797,13.345261,35.7274823,-78.6962747,35.34353963872628,-0.115
830,36358829,13.345604,35.7274823,-78.6962747,35.34353963872628,-0.115
831,36358862,13.345669,35.7274823,-78.6962747,35.34353963872628,-0.115
832,36358895,13.345936,35.7274823,-78.6962747,35.34353963872628,-0.115
833,36358928,13.345898,35.7274823,-78.6962747,35.34353963872628,-0.115
834,36358960,13.345409,35.7274823,-78.6962747,35.34353963872628,-0.115
835,36358993,13.346214,35.7274823,-78.6962747,35.34353963872628,-0.115
836,36359026,13.345982,35.7274823,-78.6962747,35.34353963872628,-0.115
837,36359059,13.345573,35.7274823,-78.6962747,35.34353963872628,-0.115
838,36359091,13.345364,35.7274823,-78.6962747,35.34353963872628,-0.115
839,36359124,13.345787,35.7274823,-78.6962747,35.34353963872628,-0.115
840,36359157,13.34642,35.7274823,-78.6962747,35.34353963872628,-0.115
841,36359190,13.345421,35.7274823,-78.6962747,35.34353963872628,-0.115
842,36359222,13.345867,35.7274823,-78.6962747,35.34353963872628,-0.115
843,36359255,13.346653,35.7274823,-78.6962747,35.34353963872628,-0.115
844,36359288,13.34605,35.7274823,-78.6962747,35.34353963872628,-0.115
845,36359321,13.345909,35.7274823,-78.6962747,35.34353963872628,-0.115
846,36359353,13.34557,35.7274823,-78.6962747,35.34353963872628,-0.115
847,36359386,13.346638,35.7274823,-78.6962747,35.34353963872628,-0.115
848,36359419,13.34565,35.7274823,-78.6962747,35.34353963872628,-0.115
849,36359452,13.345493,35.7274823,-78.6962747,35.34353963872628,-0.115
850,36359484,13.345959,35.7274823,-78.6962747,35.34353963872628,-0.115
851,36359517,13.346642,35.7274823,-78.6962747,35.34353963872628,-0.115
852,36359550,13.345806,35.7274823,-78.6962747,35.34353963872628,-0.115
853,36359583,13.345558,35.7274823,-78.6962747,35.34353963872628,-0.115
854,36359616,13.345821,35.7274823,-78.6962747,35.34353963872628,-0.115
855,36359648,13.346706,35.7274823,-78.6962747,35.34353963872628,-0.115
856,36359681,13.346264,35.7274823,-78.6962747,35.34353963872628,-0.115
857,36359714,13.345764,35.7274823,-78.6962747,35.34353963872628,-0.115
858,36359747,13.345585,35.7274823,-78.6962747,35.34353963872628,-0.115
859,36359779,13.346455,35.7274823,-78.6962747,35.34353963872628,-0.121
860,36359812,13.345715,35.7274823,-78.6962747,35.34353963872628,-0.121
861,36359845,13.345467,35.7274823,-78.6962747,35.34353963872628,-0.121
862,36359877,13.345764,35.7274823,-78.6962747,35.34353963872628,-0.121
863,36359911,13.346207,35.7274823,-78.6962747,35.34353963872628,-0.121
864,36359943,13.34589,35.7274823,-78.6962747,35.34353963872628,-0.121
865,36359976,13.346012,35.7274823,-78.6962747,35.34353963872628,-0.121
866,36360008,13.345783,35.7274823,-78.6962747,35.34353963872628,-0.121
867,36360043,13.346035,35.7274823,-78.6962747,35.34353963872628,-0.121
868,36360076,13.345936,35.7274823,-78.6962747,35.34353963872628,-0.121
869,36360109,13.34613,35.7274823,-78.6962747,35.34353963872628,-0.121
870,36360142,13.345867,35.7274823,-78.6962747,35.34353963872628,-0.121
871,36360174,13.346241,35.7274823,-78.6962747,35.34353963872628,-0.121
872,36360207,13.345955,35.7274823,-78.6962747,35.34353963872628,-0.121
873,36360240,13.344967,35.7274823,-78.6962747,35.34353963872628,-0.121
874,36360273,13.345821,35.7274823,-78.6962747,35.34353963872628,-0.121
875,36360305,13.346363,35.7274823,-78.6962747,35.34353963872628,-0.121
876,36360338,13.345364,35.7274823,-78.6962747,35.34353963872628,-0.121
877,36360371,13.345684,35.7274823,-78.6962747,35.34353963872628,-0.121
878,36360404,13.345913,35.7274823,-78.6962747,35.34353963872628,-0.121
879,36360436,13.3460045,35.7274823,-78.6962747,35.34353963872628,-0.121
880,36360470,13.345844,35.7274823,-78.6962747,35.34353963872628,-0.121
881,36360502,13.34589,35.7274823,-78.6962747,35.34353963872628,-0.121
882,36360535,13.345982,35.7274823,-78.6962747,35.34353963872628,-0.121
883,36360567,13.346352,35.7274823,-78.6962747,35.34353963872628,-0.121
884,36360600,13.3460045,35.7274823,-78.6962747,35.34353963872628,-0.121
885,36360633,13.346081,35.7274823,-78.6962747,35.34353963872628,-0.121
886,36360666,13.344311,35.7274823,-78.6962747,35.34353963872628,-0.121
887,36360698,13.345127,35.7274823,-78.6962747,35.34353963872628,-0.121
888,36360731,13.34483,35.7274823,-78.6962747,35.34353963872628,-0.121
889,36360764,13.34573,35.7274823,-78.6962747,35.34353963872628,-0.121
890,36360797,13.345661,35.7274823,-78.6962747,35.34353963872628,-0.113
891,36360829,13.346226,35.7274823,-78.6962747,35.34353963872628,-0.113
892,36360862,13.34457,35.7274823,-78.6962747,35.34353963872628,-0.113
893,36360895,13.344566,35.7274823,-78.6962747,35.34353963872628,-0.113
894,36360928,13.344364,35.7274823,-78.6962747,35.34353963872628,-0.113
895,36360960,13.345955,35.7274823,-78.6962747,35.34353963872628,-0.113
896,36360993,13.344379,35.7274823,-78.6962747,35.34353963872628,-0.113
897,36361026,13.344616,35.7274823,-78.6962747,35.34353963872628,-0.113
898,36361059,13.344547,35.7274823,-78.6962747,35.34353963872628,-0.113
899,36361091,13.34425,35.7274823,-78.6962747,35.34353963872628,-0.113
900,36361124,13.343674,35.7274823,-78.6962747,35.34353963872628,-0.113
901,36361157,13.344345,35.7274823,-78.6962747,35.34353963872628,-0.113
902,36361190,13.345219,35.7274823,-78.6962747,35.34353963872628,-0.113
903,36361222,13.345306,35.7274823,-78.6962747,35.34353963872628,-0.113
904,36361255,13.3450775,35.7274823,-78.6962747,35.34353963872628,-0.113
905,36361288,13.345692,35.7274823,-78.6962747,35.34353963872628,-0.113
906,36361321,13.346447,35.7274823,-78.6962747,35.34353963872628,-0.113
907,36361354,13.346283,35.7274823,-78.6962747,35.34353963872628,-0.113
908,36361386,13.345821,35.7274823,-78.6962747,35.34353963872628,-0.113
909,36361419,13.346329,35.7274823,-78.6962747,35.34353963872628,-0.113
910,36361452,13.34676,35.7274823,-78.6962747,35.34353963872628,-0.113
911,36361484,13.345795,35.7274823,-78.6962747,35.34353963872628,-0.113
912,36361517,13.34576,35.7274823,-78.6962747,35.34353963872628,-0.113
913,36361550,13.345898,35.7274823,-78.6962747,35.34353963872628,-0.113
914,36361583,13.346706,35.7274823,-78.6962747,35.34353963872628,-0.113
915,36361615,13.345703,35.7274823,-78.6962747,35.34353963872628,-0.113
916,36361648,13.345604,35.7274823,-78.6962747,35.34353963872628,-0.113
917,36361681,13.34568,35.7274823,-78.6962747,35.34353963872628,-0.113
918,36361714,13.3460045,35.7274823,-78.6962747,35.34353963872628,-0.113
919,36361746,13.345402,35.7274823,-78.6962747,35.34353963872628,-0.113
920,36361779,13.345875,35.7274823,-78.6962747,35.34353963872628,-0.113
921,36361812,13.346249,35.7274823,-78.6962747,35.34353963872628,-0.113
922,36361845,13.346737,35.7274823,-78.6962747,35.34353963872628,-0.113
923,36361877,13.345356,35.7274823,-78.6962747,35.34353963872628,-0.113
924,36361910,13.345112,35.7274823,-78.6962747,35.34353963872628,-0.113
925,36361943,13.346432,35.7274823,-78.6962747,35.34353963872628,-0.113
926,36361976,13.347,35.7274823,-78.6962747,35.34353963872628,-0.113
927,36362008,13.345612,35.7274823,-78.6962747,35.34353963872628,-0.113
928,36362041,13.345764,35.7274823,-78.6962747,35.34353963872628,-0.113
929,36362074,13.346306,35.7274823,-78.6962747,35.34353963872628,-0.113
930,36362107,13.346409,35.7274823,-78.6962747,35.34353963872628,-0.113
931,36362141,13.345669,35.7274823,-78.6962747,35.34353963872628,-0.113
932,36362174,13.345772,35.7274823,-78.6962747,35.34353963872628,-0.113
933,36362207,13.346237,35.7274823,-78.6962747,35.34353963872628,-0.113
934,36362240,13.346817,35.7274823,-78.6962747,35.34353963872628,-0.113
935,36362272,13.345833,35.7274823,-78.6962747,35.34353963872628,-0.113
936,36362305,13.345539,35.7274823,-78.6962747,35.34353963872628,-0.113
937,36362338,13.34589,35.7274823,-78.6962747,35.34353963872628,-0.113
938,36362371,13.346481,35.7274823,-78.6962747,35.34353963872628,-0.113
939,36362403,13.34565,35.7274823,-78.6962747,35.34353963872628,-0.113
940,36362437,13.345512,35.7274823,-78.6962747,35.34353963872628,-0.113
941,36362469,13.346252,35.7274823,-78.6962747,35.34353963872628,-0.113
942,36362502,13.346424,35.7274823,-78.6962747,35.34353963872628,-0.113
943,36362534,13.345753,35.7274823,-78.6962747,35.34353963872628,-0.113
944,36362567,13.345539,35.7274823,-78.6962747,35.34353963872628,-0.113
945,36362600,13.346397,35.7274823,-78.6962747,35.34353963872628,-0.113
946,36362633,13.346283,35.7274823,-78.6962747,35.34353963872628,-0.113
947,36362666,13.345867,35.7274823,-78.6962747,35.34353963872628,-0.113
948,36362698,13.34589,35.7274823,-78.6962747,35.34353963872628,-0.113
949,36362731,13.346237,35.7274823,-78.6962747,35.34353963872628,-0.113
950,36362764,13.346142,35.7274823,-78.6962747,35.34353963872628,-0.113
951,36362797,13.345829,35.7274823,-78.6962747,35.34353963872628,-0.113
952,36362829,13.345573,35.7274823,-78.6962747,35.34353963872628,-0.113
953,36362862,13.346024,35.7274823,-78.6962747,35.34353963872628,-0.113
954,36362895,13.346523,35.7274823,-78.6962747,35.34353963872628,-0.113
955,36362927,13.345585,35.7274823,-78.6962747,35.34353963872628,-0.113
956,36362960,13.346283,35.7274823,-78.6962747,35.34353963872628,-0.113
957,36362993,13.346424,35.7274823,-78.6962747,35.34353963872628,-0.113
958,36363026,13.346409,35.7274823,-78.6962747,35.34353963872628,-0.113
959,36363058,13.345409,35.7274823,-78.6962747,35.34353963872628,-0.113
960,36363091,13.345726,35.7274823,-78.6962747,35.34353963872628,-0.113
961,36363124,13.345821,35.7274823,-78.6962747,35.34353963872628,-0.113
962,36363157,13.346539,35.7274823,-78.6962747,35.34353963872628,-0.113
963,36363190,13.3452835,35.7274823,-78.6962747,35.34353963872628,-0.113
964,36363222,13.346027,35.7274823,-78.6962747,35.34353963872628,-0.113
965,36363255,13.345684,35.7274823,-78.6962747,35.34353963872628,-0.113
966,36363288,13.346138,35.7274823,-78.6962747,35.34353963872628,-0.113
967,36363321,13.345467,35.7274823,-78.6962747,35.34353963872628,-0.113
968,36363353,13.346321,35.7274823,-78.6962747,35.34353963872628,-0.113
969,36363386,13.34626,35.7274823,-78.6962747,35.34353963872628,-0.113
970,36363419,13.34655,35.7274823,-78.6962747,35.34353963872628,-0.113
971,36363452,13.345436,35.7274823,-78.6962747,35.34353963872628,-0.113
972,36363484,13.346153,35.7274823,-78.6962747,35.34353963872628,-0.113
973,36363517,13.346737,35.7274823,-78.6962747,35.34353963872628,-0.113
974,36363550,13.346214,35.7274823,-78.6962747,35.34353963872628,-0.113
975,36363583,13.3455925,35.7274823,-78.6962747,35.34353963872628,-0.113
976,36363615,13.345943,35.7274823,-78.6962747,35.34353963872628,-0.113
977,36363648,13.345753,35.7274823,-78.6962747,35.34353963872628,-0.113
978,36363681,13.345978,35.7274823,-78.6962747,35.34353963872628,-0.113
979,36363714,13.345573,35.7274823,-78.6962747,35.34353963872628,-0.113
980,36363746,13.346081,35.7274823,-78.6962747,35.34353963872628,-0.113
981,36363779,13.346298,35.7274823,-78.6962747,35.34353963872628,-0.113
982,36363812,13.345959,35.7274823,-78.6962747,35.34353963872628,-0.113
983,36363845,13.345516,35.7274823,-78.6962747,35.34353963872628,-0.113
984,36363877,13.34581,35.7274823,-78.6962747,35.34353963872628,-0.113
985,36363910,13.346363,35.7274823,-78.6962747,35.34353963872628,-0.113
986,36363943,13.345436,35.7274823,-78.6962747,35.34353963872628,-0.113
987,36363976,13.345375,35.7274823,-78.6962747,35.34353963872628,-0.113
988,36364008,13.345669,35.7274823,-78.6962747,35.34353963872628,-0.113
989,36364041,13.346424,35.7274823,-78.6962747,35.34353963872628,-0.113
990,36364074,13.346115,35.7274823,-78.6962747,35.34353963872628,-0.113
991,36364107,13.345959,35.7274823,-78.6962747,35.34353963872628,-0.113
992,36364139,13.346203,35.7274823,-78.6962747,35.34353963872628,-0.113
993,36364173,13.346039,35.7274823,-78.6962747,35.34353963872628,-0.113
994,36364205,13.346306,35.7274823,-78.6962747,35.34353963872628,-0.113
995,36364240,13.34539,35.7274823,-78.6962747,35.34353963872628,-0.113
996,36364272,13.3454895,35.7274823,-78.6962747,35.34353963872628,-0.113
997,36364305,13.3459015,35.7274823,-78.6962747,35.34353963872628,-0.113
998,36364338,13.345718,35.7274823,-78.6962747,35.34353963872628,-0.113
999,36364371,13.345867,35.7274823,-78.6962747,35.34353963872628,-0.113
1000,36364404,13.345833,35.7274823,-78.6962747,35.34353963872628,-0.113
1001,36364436,13.3465805,35.7274823,-78.6962747,35.34353963872628,-0.113
1002,36364469,13.34618,35.7274823,-78.6962747,35.34353963872628,-0.113
1003,36364502,13.345909,35.7274823,-78.6962747,35.34353963872628,-0.113
1004,36364534,13.346607,35.7274823,-78.6962747,35.34353963872628,-0.113
1005,36364567,13.346664,35.7274823,-78.6962747,35.34353963872628,-0.113
1006,36364600,13.345783,35.7274823,-78.6962747,35.34353963872628,-0.113
1007,36364633,13.345535,35.7274823,-78.6962747,35.34353963872628,-0.113
1008,36364666,13.346073,35.7274823,-78.6962747,35.34353963872628,-0.113
1009,36364698,13.346481,35.7274823,-78.6962747,35.34353963872628,-0.113
1010,36364731,13.345638,35.7274823,-78.6962747,35.34353963872628,-0.113
1011,36364764,13.345573,35.7274823,-78.6962747,35.34353963872628,-0.113
1012,36364796,13.346264,35.7274823,-78.6962747,35.34353963872628,-0.113
1013,36364829,13.347015,35.7274823,-78.6962747,35.34353963872628,-0.113
1014,36364862,13.346062,35.7274823,-78.6962747,35.34353963872628,-0.113
1015,36364895,13.345596,35.7274823,-78.6962747,35.34353963872628,-0.113
1016,36364928,13.34584,35.7274823,-78.6962747,35.34353963872628,-0.113
1017,36364960,13.346966,35.7274823,-78.6962747,35.34353963872628,-0.113
1018,36364993,13.345669,35.7274823,-78.6962747,35.34353963872628,-0.113
1019,36365026,13.346001,35.7274823,-78.6962747,35.34353963872628,-0.113
1020,36365058,13.346016,35.7274823,-78.6962747,35.34353963872628,-0.113
1021,36365091,13.34684,35.7274823,-78.6962747,35.34353963872628,-0.113
1022,36365124,13.346081,35.7274823,-78.6962747,35.34353963872628,-0.113
1023,36365157,13.345409,35.7274823,-78.6962747,35.34353963872628,-0.113
1024,36365190,13.346397,35.7274823,-78.6962747,35.34353963872628,-0.113
1025,36365222,13.346966,35.7274823,-78.6962747,35.34353963872628,-0.113
1026,36365255,13.345562,35.7274823,-78.6962747,35.34353963872628,-0.113
1027,36365288,13.345123,35.7274823,-78.6962747,35.34353963872628,-0.113
1028,36365320,13.346161,35.7274823,-78.6962747,35.34353963872628,-0.113
1029,36365353,13.346783,35.7274823,-78.6962747,35.34353963872628,-0.113
1030,36365386,13.34557,35.7274823,-78.6962747,35.34353963872628,-0.113
1031,36365419,13.346386,35.7274823,-78.6962747,35.34353963872628,-0.113
1032,36365452,13.346241,35.7274823,-78.6962747,35.34353963872628,-0.113
1033,36365484,13.346931,35.7274823,-78.6962747,35.34353963872628,-0.113
1034,36365517,13.345657,35.7274823,-78.6962747,35.34353963872628,-0.113
1035,36365550,13.3455925,35.7274823,-78.6962747,35.34353963872628,-0.113
1036,36365583,13.345978,35.7274823,-78.6962747,35.34353963872628,-0.113
1037,36365615,13.346901,35.7274823,-78.6962747,35.34353963872628,-0.113
1038,36365648,13.345726,35.7274823,-78.6962747,35.34353963872628,-0.113
1039,36365681,13.346096,35.7274823,-78.6962747,35.34353963872628,-0.113
1040,36365713,13.346306,35.7274823,-78.6962747,35.34353963872628,-0.113
1041,36365746,13.346989,35.7274823,-78.6962747,35.34353963872628,-0.113
1042,36365779,13.345718,35.7274823,-78.6962747,35.34353963872628,-0.113
1043,36365812,13.346001,35.7274823,-78.6962747,35.34353963872628,-0.113
1044,36365845,13.345776,35.7274823,-78.6962747,35.34353963872628,-0.113
1045,36365877,13.346558,35.7274823,-78.6962747,35.34353963872628,-0.113
1046,36365910,13.345425,35.7274823,-78.6962747,35.34353963872628,-0.113
1047,36365943,13.34584,35.7274823,-78.6962747,35.34353963872628,-0.113
1048,36365976,13.348389,35.7274823,-78.6962747,35.34353963872628,-0.113
1049,36366008,13.347809,35.7274823,-78.6962747,35.34353963872628,-0.113
1050,36366041,13.34642,35.7274823,-78.6962747,35.34353963872628,-0.113
1051,36366074,13.345924,35.7274823,-78.6962747,35.34353963872628,-0.113
1052,36366107,13.346104,35.7274823,-78.6962747,35.34353963872628,-0.113
1053,36366139,13.346573,35.7274823,-78.6962747,35.34353963872628,-0.113
1054,36366172,13.345924,35.7274823,-78.6962747,35.34353963872628,-0.113
1055,36366205,13.347092,35.7274823,-78.6962747,35.34353963872628,-0.113
1056,36366238,13.347866,35.7274823,-78.6962747,35.34353963872628,-0.113
1057,36366270,13.348129,35.7274823,-78.6962747,35.34353963872628,-0.113
1058,36366303,13.34832,35.7274823,-78.6962747,35.34353963872628,-0.113
1059,36366338,13.348267,35.7274823,-78.6962747,35.34353963872628,-0.113
1060,36366371,13.348698,35.7274823,-78.6962747,35.34353963872628,-0.113
1061,36366403,13.348751,35.7274823,-78.6962747,35.34353963872628,-0.113
1062,36366436,13.3480835,35.7274823,-78.6962747,35.34353963872628,-0.113
1063,36366469,13.348946,35.7274823,-78.6962747,35.34353963872628,-0.113
1064,36366501,13.349182,35.7274823,-78.6962747,35.34353963872628,-0.113
1065,36366534,13.348103,35.7274823,-78.6962747,35.34353963872628,-0.113
1066,36366567,13.347866,35.7274823,-78.6962747,35.34353963872628,-0.113
1067,36366600,13.348579,35.7274823,-78.6962747,35.34353963872628,-0.113
1068,36366632,13.348648,35.7274823,-78.6962747,35.34353963872628,-0.113
1069,36366665,13.347897,35.7274823,-78.6962747,35.34353963872628,-0.113
1070,36366698,13.34779,35.7274823,-78.6962747,35.34353963872628,-0.113
1071,36366731,13.348377,35.7274823,-78.6962747,35.34353963872628,-0.113
1072,36366764,13.348583,35.7274823,-78.6962747,35.34353963872628,-0.113
1073,36366796,13.348072,35.7274823,-78.6962747,35.34353963872628,-0.113
1074,36366829,13.347744,35.7274823,-78.6962747,35.34353963872628,-0.113
1075,36366862,13.34864,35.7274823,-78.6962747,35.34353963872628,-0.113
1076,36366895,13.348949,35.7274823,-78.6962747,35.34353963872628,-0.113
1077,36366927,13.348412,35.7274823,-78.6962747,35.34353963872628,-0.113
1078,36366960,13.347862,35.7274823,-78.6962747,35.34353963872628,-0.113
1079,36366993,13.348824,35.7274823,-78.6962747,35.34353963872628,-0.113
1080,36367025,13.349033,35.7274823,-78.6962747,35.34353963872628,-0.113
1081,36367058,13.348457,35.7274823,-78.6962747,35.34353963872628,-0.113
1082,36367091,13.34864,35.7274823,-78.6962747,35.34353963872628,-0.113
1083,36367124,13.348743,35.7274823,-78.6962747,35.34353963872628,-0.113
1084,36367157,13.348858,35.7274823,-78.6962747,35.34353963872628,-0.113
1085,36367189,13.34832,35.7274823,-78.6962747,35.34353963872628,-0.113
1086,36367222,13.348175,35.7274823,-78.6962747,35.34353963872628,-0.113
1087,36367255,13.349003,35.7274823,-78.6962747,35.34353963872628,-0.113
1088,36367288,13.348991,35.7274823,-78.6962747,35.34353963872628,-0.113
1089,36367320,13.348824,35.7274823,-78.6962747,35.34353963872628,-0.113
1090,36367353,13.347931,35.7274823,-78.6962747,35.34353963872628,-0.113
1091,36367386,13.348843,35.7274823,-78.6962747,35.34353963872628,-0.113
1092,36367419,13.348957,35.7274823,-78.6962747,35.34353963872628,-0.113
1093,36367451,13.348579,35.7274823,-78.6962747,35.34353963872628,-0.113
1094,36367484,13.3482895,35.7274823,-78.6962747,35.34353963872628,-0.113
1095,36367517,13.349186,35.7274823,-78.6962747,35.34353963872628,-0.113
1096,36367550,13.349297,35.7274823,-78.6962747,35.34353963872628,-0.113
1097,36367582,13.348309,35.7274823,-78.6962747,35.34353963872628,-0.113
1098,36367615,13.348251,35.7274823,-78.6962747,35.34353963872628,-0.113
1099,36367648,13.349415,35.7274823,-78.6962747,35.34353963872628,-0.113
1100,36367681,13.348869,35.7274823,-78.6962747,35.34353963872628,-0.113
1101,36367713,13.348488,35.7274823,-78.6962747,35.34353963872628,-0.113
1102,36367746,13.347946,35.7274823,-78.6962747,35.34353963872628,-0.113
1103,36367779,13.349266,35.7274823,-78.6962747,35.34353963872628,-0.113
1104,36367812,13.348843,35.7274823,-78.6962747,35.34353963872628,-0.113
1105,36367844,13.3479805,35.7274823,-78.6962747,35.34353963872628,-0.113
1106,36367877,13.348148,35.7274823,-78.6962747,35.34353963872628,-0.113
1107,36367910,13.348629,35.7274823,-78.6962747,35.34353963872628,-0.113
1108,36367943,13.348499,35.7274823,-78.6962747,35.34353963872628,-0.113
1109,36367975,13.347969,35.7274823,-78.6962747,35.34353963872628,-0.113
1110,36368008,13.34808,35.7274823,-78.6962747,35.34353963872628,-0.113
1111,36368041,13.348549,35.7274823,-78.6962747,35.34353963872628,-0.113
1112,36368074,13.348526,35.7274823,-78.6962747,35.34353963872628,-0.113
1113,36368106,13.347717,35.7274823,-78.6962747,35.34353963872628,-0.113
1114,36368139,13.347969,35.7274823,-78.6962747,35.34353963872628,-0.113
1115,36368172,13.348637,35.7274823,-78.6962747,35.34353963872628,-0.113
1116,36368205,13.348537,35.7274823,-78.6962747,35.34353963872628,-0.113
1117,36368237,13.348061,35.7274823,-78.6962747,35.34353963872628,-0.113
1118,36368270,13.348091,35.7274823,-78.6962747,35.34353963872628,-0.113
1119,36368303,13.34824,35.7274823,-78.6962747,35.34353963872628,-0.113
1120,36368336,13.348526,35.7274823,-78.6962747,35.34353963872628,-0.113
1121,36368368,13.348164,35.7274823,-78.6962747,35.34353963872628,-0.113
1122,36368401,13.348255,35.7274823,-78.6962747,35.34353963872628,-0.113
1123,36368436,13.348103,35.7274823,-78.6962747,35.34353963872628,-0.113
1124,36368469,13.348499,35.7274823,-78.6962747,35.34353963872628,-0.113
1125,36368502,13.348526,35.7274823,-78.6962747,35.34353963872628,-0.113
1126,36368534,13.348606,35.7274823,-78.6962747,35.34353963872628,-0.113
1127,36368567,13.349205,35.7274823,-78.6962747,35.34353963872628,-0.113
1128,36368600,13.347935,35.7274823,-78.6962747,35.34353963872628,-0.113
1129,36368633,13.34837,35.7274823,-78.6962747,35.34353963872628,-0.113
1130,36368665,13.348476,35.7274823,-78.6962747,35.34353963872628,-0.113
1131,36368698,13.3483925,35.7274823,-78.6962747,35.34353963872628,-0.113
1132,36368731,13.34808,35.7274823,-78.6962747,35.34353963872628,-0.113
1133,36368764,13.348522,35.7274823,-78.6962747,35.34353963872628,-0.113
1134,36368796,13.348335,35.7274823,-78.6962747,35.34353963872628,-0.113
1135,36368829,13.348789,35.7274823,-78.6962747,35.34353963872628,-0.113
1136,36368862,13.347988,35.7274823,-78.6962747,35.34353963872628,-0.113
1137,36368895,13.348412,35.7274823,-78.6962747,35.34353963872628,-0.113
1138,36368927,13.348431,35.7274823,-78.6962747,35.34353963872628,-0.113
1139,36368960,13.348015,35.7274823,-78.6962747,35.34353963872628,-0.113
1140,36368993,13.348118,35.7274823,-78.6962747,35.34353963872628,-0.113
1141,36369026,13.348499,35.7274823,-78.6962747,35.34353963872628,-0.113
1142,36369058,13.348469,35.7274823,-78.6962747,35.34353963872628,-0.113
1143,36369091,13.348129,35.7274823,-78.6962747,35.34353963872628,-0.113
1144,36369124,13.347763,35.7274823,-78.6962747,35.34353963872628,-0.113
1145,36369157,13.348606,35.7274823,-78.6962747,35.34353963872628,-0.113
1146,36369189,13.348526,35.7274823,-78.6962747,35.34353963872628,-0.113
1147,36369222,13.347786,35.7274823,-78.6962747,35.34353963872628,-0.113
1148,36369255,13.347664,35.7274823,-78.6962747,35.34353963872628,-0.113
1149,36369288,13.348381,35.7274823,-78.6962747,35.34353963872628,-0.113
1150,36369320,13.348583,35.7274823,-78.6962747,35.34353963872628,-0.113
1151,36369353,13.347843,35.7274823,-78.6962747,35.34353963872628,-0.113
1152,36369386,13.347969,35.7274823,-78.6962747,35.34353963872628,-0.113
1153,36369419,13.348705,35.7274823,-78.6962747,35.34353963872628,-0.113
1154,36369451,13.348637,35.7274823,-78.6962747,35.34353963872628,-0.113
1155,36369484,13.348095,35.7274823,-78.6962747,35.34353963872628,-0.113
1156,36369517,13.348267,35.7274823,-78.6962747,35.34353963872628,-0.113
1157,36369550,13.3484535,35.7274823,-78.6962747,35.34353963872628,-0.113
1158,36369582,13.348686,35.7274823,-78.6962747,35.34353963872628,-0.113
1159,36369615,13.348045,35.7274823,-78.6962747,35.34353963872628,-0.113
1160,36369648,13.347851,35.7274823,-78.6962747,35.34353963872628,-0.113
1161,36369681,13.348446,35.7274823,-78.6962747,35.34353963872628,-0.113
1162,36369713,13.348568,35.7274823,-78.6962747,35.34353963872628,-0.113
1163,36369746,13.348045,35.7274823,-78.6962747,35.34353963872628,-0.113
1164,36369779,13.347778,35.7274823,-78.6962747,35.34353963872628,-0.113
1165,36369812,13.348442,35.7274823,-78.6962747,35.34353963872628,-0.113
1166,36369844,13.348515,35.7274823,-78.6962747,35.34353963872628,-0.113
1167,36369877,13.348526,35.7274823,-78.6962747,35.34353963872628,-0.113
1168,36369910,13.347755,35.7274823,-78.6962747,35.34353963872628,-0.113
1169,36369943,13.348743,35.7274823,-78.6962747,35.34353963872628,-0.113
1170,36369975,13.349022,35.7274823,-78.6962747,35.34353963872628,-0.113
1171,36370008,13.348503,35.7274823,-78.6962747,35.34353963872628,-0.113
1172,36370041,13.34832,35.7274823,-78.6962747,35.34353963872628,-0.113
1173,36370074,13.348694,35.7274823,-78.6962747,35.34353963872628,-0.113
1174,36370106,13.348492,35.7274823,-78.6962747,35.34353963872628,-0.113
1175,36370139,13.348164,35.7274823,-78.6962747,35.34353963872628,-0.113
1176,36370172,13.348049,35.7274823,-78.6962747,35.34353963872628,-0.113
1177,36370205,13.348606,35.7274823,-78.6962747,35.34353963872628,-0.113
1178,36370237,13.349129,35.7274823,-78.6962747,35.34353963872628,-0.113
1179,36370270,13.348423,35.7274823,-78.6962747,35.34353963872628,-0.113
1180,36370303,13.347843,35.7274823,-78.6962747,35.34353963872628,-0.113
1181,36370336,13.349228,35.7274823,-78.6962747,35.34353963872628,-0.113
1182,36370368,13.349022,35.7274823,-78.6962747,35.34353963872628,-0.113
1183,36370401,13.348698,35.7274823,-78.6962747,35.34353963872628,-0.113
1184,36370434,13.348682,35.7274823,-78.6962747,35.34353963872628,-0.113
1185,36370499,13.348904,35.7274823,-78.6962747,35.34353963872628,-0.113
1186,36370534,13.348419,35.7274823,-78.6962747,35.34353963872628,-0.113
1187,36370567,13.348904,35.7274823,-78.6962747,35.34353963872628,-0.113
1188,36370600,13.348854,35.7274823,-78.6962747,35.34353963872628,-0.113
1189,36370632,13.349022,35.7274823,-78.6962747,35.34353963872628,-0.113
1190,36370665,13.348663,35.7274823,-78.6962747,35.34353963872628,-0.113
1191,36370698,13.348789,35.7274823,-78.6962747,35.34353963872628,-0.113
1192,36370731,13.348602,35.7274823,-78.6962747,35.34353963872628,-0.113
1193,36370763,13.348732,35.7274823,-78.6962747,35.34353963872628,-0.113
1194,36370796,13.348602,35.7274823,-78.6962747,35.34353963872628,-0.113
1195,36370829,13.349037,35.7274823,-78.6962747,35.34353963872628,-0.113
1196,36370862,13.348766,35.7274823,-78.6962747,35.34353963872628,-0.113
1197,36370894,13.349323,35.7274823,-78.6962747,35.34353963872628,-0.113
1198,36370927,13.34874,35.7274823,-78.6962747,35.34353963872628,-0.113
1199,36370960,13.348843,35.7274823,-78.6962747,35.34353963872628,-0.113
1200,36370993,13.349091,35.7274823,-78.6962747,35.34353963872628,-0.113
1201,36371025,13.349159,35.7274823,-78.6962747,35.34353963872628,-0.113
1202,36371058,13.348301,35.7274823,-78.6962747,35.34353963872628,-0.113
1203,36371091,13.348949,35.7274823,-78.6962747,35.34353963872628,-0.113
1204,36371124,13.348808,35.7274823,-78.6962747,35.34353963872628,-0.113
1205,36371156,13.348877,35.7274823,-78.6962747,35.34353963872628,-0.113
1206,36371189,13.348091,35.7274823,-78.6962747,35.34353963872628,-0.113
1207,36371222,13.348423,35.7274823,-78.6962747,35.34353963872628,-0.113
1208,36371255,13.349102,35.7274823,-78.6962747,35.34353963872628,-0.113
1209,36371287,13.349262,35.7274823,-78.6962747,35.34353963872628,-0.113
1210,36371320,13.348198,35.7274823,-78.6962747,35.34353963872628,-0.113
1211,36371353,13.348434,35.7274823,-78.6962747,35.34353963872628,-0.113
1212,36371386,13.3493,35.7274823,-78.6962747,35.34353963872628,-0.113
1213,36371418,13.348911,35.7274823,-78.6962747,35.34353963872628,-0.113
1214,36371451,13.348263,35.7274823,-78.6962747,35.34353963872628,-0.113
1215,36371484,13.348625,35.7274823,-78.6962747,35.34353963872628,-0.113
1216,36371517,13.3489,35.7274823,-78.6962747,35.34353963872628,-0.113
1217,36371549,13.349102,35.7274823,-78.6962747,35.34353963872628,-0.113
1218,36371582,13.348217,35.7274823,-78.6962747,35.34353963872628,-0.113
1219,36371615,13.349102,35.7274823,-78.6962747,35.34353963872628,-0.113
1220,36371648,13.348797,35.7274823,-78.6962747,35.34353963872628,-0.113
1221,36371681,13.348652,35.7274823,-78.6962747,35.34353963872628,-0.113
1222,36371713,13.348011,35.7274823,-78.6962747,35.34353963872628,-0.113
1223,36371746,13.348694,35.7274823,-78.6962747,35.34353963872628,-0.113
1224,36371779,13.349266,35.7274823,-78.6962747,35.34353963872628,-0.113
1225,36371811,13.34856,35.7274823,-78.6962747,35.34353963872628,-0.113
1226,36371844,13.348091,35.7274823,-78.6962747,35.34353963872628,-0.113
1227,36371877,13.348934,35.7274823,-78.6962747,35.34353963872628,-0.113
1228,36371910,13.349091,35.7274823,-78.6962747,35.34353963872628,-0.113
1229,36371943,13.3486595,35.7274823,-78.6962747,35.34353963872628,-0.113
1230,36371975,13.348183,35.7274823,-78.6962747,35.34353963872628,-0.113
1231,36372008,13.348663,35.7274823,-78.6962747,35.34353963872628,-0.113
1232,36372041,13.348824,35.7274823,-78.6962747,35.34353963872628,-0.113
1233,36372074,13.3485565,35.7274823,-78.6962747,35.34353963872628,-0.113
1234,36372106,13.348537,35.7274823,-78.6962747,35.34353963872628,-0.113
1235,36372139,13.348778,35.7274823,-78.6962747,35.34353963872628,-0.113
1236,36372172,13.348824,35.7274823,-78.6962747,35.34353963872628,-0.113
1237,36372205,13.349014,35.7274823,-78.6962747,35.34353963872628,-0.113
1238,36372237,13.348309,35.7274823,-78.6962747,35.34353963872628,-0.113
1239,36372270,13.348423,35.7274823,-78.6962747,35.34353963872628,-0.113
1240,36372303,13.348869,35.7274823,-78.6962747,35.34353963872628,-0.113
1241,36372336,13.348904,35.7274823,-78.6962747,35.34353963872628,-0.113
1242,36372368,13.3484,35.7274823,-78.6962747,35.34353963872628,-0.113
1243,36372401,13.348682,35.7274823,-78.6962747,35.34353963872628,-0.113
1244,36372434,13.34901,35.7274823,-78.6962747,35.34353963872628,-0.113
1245,36372467,13.3489685,35.7274823,-78.6962747,35.34353963872628,-0.113
1246,36372499,13.348732,35.7274823,-78.6962747,35.34353963872628,-0.113
1247,36372532,13.349037,35.7274823,-78.6962747,35.34353963872628,-0.113
1248,36372565,13.349094,35.7274823,-78.6962747,35.34353963872628,-0.113
1249,36372598,13.348606,35.7274823,-78.6962747,35.34353963872628,-0.113
1250,36372632,13.348526,35.7274823,-78.6962747,35.34353963872628,-0.113
1251,36372665,13.349323,35.7274823,-78.6962747,35.34353963872628,-0.113
1252,36372698,13.349335,35.7274823,-78.6962747,35.34353963872628,-0.113
1253,36372731,13.348877,35.7274823,-78.6962747,35.34353963872628,-0.113
1254,36372763,13.348709,35.7274823,-78.6962747,35.34353963872628,-0.113
1255,36372796,13.348835,35.7274823,-78.6962747,35.34353963872628,-0.113
1256,36372829,13.349014,35.7274823,-78.6962747,35.34353963872628,-0.113
1257,36372862,13.348877,35.7274823,-78.6962747,35.34353963872628,-0.113
1258,36372894,13.348309,35.7274823,-78.6962747,35.34353963872628,-0.113
1259,36372927,13.349506,35.7274823,-78.6962747,35.34353963872628,-0.113
1260,36372960,13.348835,35.7274823,-78.6962747,35.34353963872628,-0.113
1261,36372993,13.34882,35.7274823,-78.6962747,35.34353963872628,-0.113
1262,36373025,13.348255,35.7274823,-78.6962747,35.34353963872628,-0.113
1263,36373058,13.349209,35.7274823,-78.6962747,35.34353963872628,-0.113
1264,36373091,13.34948,35.7274823,-78.6962747,35.34353963872628,-0.113
1265,36373124,13.348705,35.7274823,-78.6962747,35.34353963872628,-0.113
1266,36373156,13.3484535,35.7274823,-78.6962747,35.34353963872628,-0.113
1267,36373189,13.348854,35.7274823,-78.6962747,35.34353963872628,-0.113
1268,36373222,13.349522,35.7274823,-78.6962747,35.34353963872628,-0.113
1269,36373255,13.348812,35.7274823,-78.6962747,35.34353963872628,-0.113
1270,36373287,13.348423,35.7274823,-78.6962747,35.34353963872628,-0.113
1271,36373320,13.349003,35.7274823,-78.6962747,35.34353963872628,-0.113
1272,36373353,13.349014,35.7274823,-78.6962747,35.34353963872628,-0.113
1273,36373386,13.348286,35.7274823,-78.6962747,35.34353963872628,-0.113
1274,36373418,13.348377,35.7274823,-78.6962747,35.34353963872628,-0.113
1275,36373451,13.349083,35.7274823,-78.6962747,35.34353963872628,-0.113
1276,36373484,13.349113,35.7274823,-78.6962747,35.34353963872628,-0.113
1277,36373517,13.348854,35.7274823,-78.6962747,35.34353963872628,-0.113
1278,36373549,13.348785,35.7274823,-78.6962747,35.34353963872628,-0.113
1279,36373582,13.349068,35.7274823,-78.6962747,35.34353963872628,-0.113
1280,36373615,13.349117,35.7274823,-78.6962747,35.34353963872628,-0.113
1281,36373648,13.348499,35.7274823,-78.6962747,35.34353963872628,-0.113
1282,36373680,13.348652,35.7274823,-78.6962747,35.34353963872628,-0.113
1283,36373713,13.348888,35.7274823,-78.6962747,35.34353963872628,-0.113
1284,36373746,13.349171,35.7274823,-78.6962747,35.34353963872628,-0.113
1285,36373779,13.348389,35.7274823,-78.6962747,35.34353963872628,-0.113
1286,36373811,13.348591,35.7274823,-78.6962747,35.34353963872628,-0.113
1287,36373845,13.348965,35.7274823,-78.6962747,35.34353963872628,-0.113
1288,36373877,13.349411,35.7274823,-78.6962747,35.34353963872628,-0.113
1289,36373910,13.348694,35.7274823,-78.6962747,35.34353963872628,-0.113
1290,36373942,13.348751,35.7274823,-78.6962747,35.34353963872628,-0.113
1291,36373975,13.348526,35.7274823,-78.6962747,35.34353963872628,-0.113
1292,36374008,13.349766,35.7274823,-78.6962747,35.34353963872628,-0.113
1293,36374041,13.3487625,35.7274823,-78.6962747,35.34353963872628,-0.113
1294,36374074,13.348881,35.7274823,-78.6962747,35.34353963872628,-0.113
1295,36374106,13.348755,35.7274823,-78.6962747,35.34353963872628,-0.113
1296,36374139,13.34988,35.7274823,-78.6962747,35.34353963872628,-0.113
1297,36374172,13.348232,35.7274823,-78.6962747,35.34353963872628,-0.113
1298,36374204,13.348965,35.7274823,-78.6962747,35.34353963872628,-0.113
1299,36374238,13.348335,35.7274823,-78.6962747,35.34353963872628,-0.113
1300,36374270,13.34837,35.7274823,-78.6962747,35.34353963872628,-0.113
1301,36374303,13.348148,35.7274823,-78.6962747,35.34353963872628,-0.113
1302,36374336,13.348476,35.7274823,-78.6962747,35.34353963872628,-0.113
1303,36374368,13.349163,35.7274823,-78.6962747,35.34353963872628,-0.113
1304,36374401,13.348949,35.7274823,-78.6962747,35.34353963872628,-0.113
1305,36374434,13.348705,35.7274823,-78.6962747,35.34353963872628,-0.113
1306,36374467,13.348537,35.7274823,-78.6962747,35.34353963872628,-0.113
1307,36374499,13.34882,35.7274823,-78.6962747,35.34353963872628,-0.113
1308,36374532,13.348522,35.7274823,-78.6962747,35.34353963872628,-0.113
1309,36374565,13.347626,35.7274823,-78.6962747,35.34353963872628,-0.113
1310,36374597,13.348743,35.7274823,-78.6962747,35.34353963872628,-0.113
1311,36374630,13.34901,35.7274823,-78.6962747,35.34353963872628,-0.113
1312,36374663,13.3483925,35.7274823,-78.6962747,35.34353963872628,-0.113
1313,36374696,13.34837,35.7274823,-78.6962747,35.34353963872628,-0.113
1314,36374731,13.3489685,35.7274823,-78.6962747,35.34353963872628,-0.113
1315,36374763,13.348728,35.7274823,-78.6962747,35.34353963872628,-0.113
1316,36374796,13.347969,35.7274823,-78.6962747,35.34353963872628,-0.113
1317,36374829,13.347809,35.7274823,-78.6962747,35.34353963872628,-0.113
1318,36374862,13.348343,35.7274823,-78.6962747,35.34353963872628,-0.113
1319,36374894,13.348442,35.7274823,-78.6962747,35.34353963872628,-0.113
1320,36374927,13.347965,35.7274823,-78.6962747,35.34353963872628,-0.113
1321,36374960,13.3479805,35.7274823,-78.6962747,35.34353963872628,-0.113
1322,36374993,13.348946,35.7274823,-78.6962747,35.34353963872628,-0.113
1323,36375025,13.349079,35.7274823,-78.6962747,35.34353963872628,-0.113
1324,36375058,13.348331,35.7274823,-78.6962747,35.34353963872628,-0.113
1325,36375091,13.347866,35.7274823,-78.6962747,35.34353963872628,-0.113
1326,36375124,13.348537,35.7274823,-78.6962747,35.34353963872628,-0.113
1327,36375156,13.349251,35.7274823,-78.6962747,35.34353963872628,-0.113
1328,36375189,13.348263,35.7274823,-78.6962747,35.34353963872628,-0.113
1329,36375222,13.348175,35.7274823,-78.6962747,35.34353963872628,-0.113
1330,36375255,13.34856,35.7274823,-78.6962747,35.34353963872628,-0.113
1331,36375287,13.348869,35.7274823,-78.6962747,35.34353963872628,-0.113
1332,36375320,13.348141,35.7274823,-78.6962747,35.34353963872628,-0.113
1333,36375353,13.348137,35.7274823,-78.6962747,35.34353963872628,-0.113
1334,36375386,13.348801,35.7274823,-78.6962747,35.34353963872628,-0.113
1335,36375418,13.348682,35.7274823,-78.6962747,35.34353963872628,-0.113
1336,36375451,13.348625,35.7274823,-78.6962747,35.34353963872628,-0.113
1337,36375484,13.34856,35.7274823,-78.6962747,35.34353963872628,-0.113
1338,36375517,13.348469,35.7274823,-78.6962747,35.34353963872628,-0.113
1339,36375549,13.349251,35.7274823,-78.6962747,35.34353963872628,-0.113
1340,36375582,13.348717,35.7274823,-78.6962747,35.34353963872628,-0.113
1341,36375615,13.348183,35.7274823,-78.6962747,35.34353963872628,-0.113
1342,36375648,13.349033,35.7274823,-78.6962747,35.34353963872628,-0.113
1343,36375681,13.348877,35.7274823,-78.6962747,35.34353963872628,-0.113
1344,36375713,13.348446,35.7274823,-78.6962747,35.34353963872628,-0.113
1345,36375746,13.263527,35.7274823,-78.6962747,35.34353963872628,-0.113
1346,36375779,13.3989105,35.7274823,-78.6962747,35.34353963872628,-0.113
1347,36375811,13.377487,35.7274823,-78.6962747,35.34353963872628,-0.113
1348,36375844,13.36478,35.7274823,-78.6962747,35.34353963872628,-0.113
1349,36375877,13.357685,35.7274823,-78.6962747,35.34353963872628,-0.113
1350,36375910,13.354218,35.7274823,-78.6962747,35.34353963872628,-0.113
1351,36375942,13.314014,35.7274823,-78.6962747,35.34353963872628,-0.113
1352,36375975,13.297516,35.7274823,-78.6962747,35.34353963872628,-0.113
1353,36376008,13.318806,35.7274823,-78.6962747,35.34353963872628,-0.113
1354,36376040,13.33165,35.7274823,-78.6962747,35.34353963872628,-0.113
1355,36376073,13.339489,35.7274823,-78.6962747,35.34353963872628,-0.113
1356,36376106,13.345276,35.7274823,-78.6962747,35.34353963872628,-0.113
1357,36376139,13.347279,35.7274823,-78.6962747,35.34353963872628,-0.113
1358,36376172,13.347855,35.7274823,-78.6962747,35.34353963872628,-0.113
1359,36376205,13.347843,35.7274823,-78.6962747,35.34353963872628,-0.113
1360,36376237,13.348377,35.7274823,-78.6962747,35.34353963872628,-0.113
1361,36376270,13.348434,35.7274823,-78.6962747,35.34353963872628,-0.113
1362,36376303,13.348419,35.7274823,-78.6962747,35.34353963872628,-0.113
1363,36376335,13.34832,35.7274823,-78.6962747,35.34353963872628,-0.113
1364,36376368,13.348431,35.7274823,-78.6962747,35.34353963872628,-0.113
1365,36376401,13.348846,35.7274823,-78.6962747,35.34353963872628,-0.113
1366,36376434,13.348309,35.7274823,-78.6962747,35.34353963872628,-0.113
1367,36376466,13.348675,35.7274823,-78.6962747,35.34353963872628,-0.113
1368,36376499,13.348572,35.7274823,-78.6962747,35.34353963872628,-0.113
1369,36376532,13.349045,35.7274823,-78.6962747,35.34353963872628,-0.113
1370,36376565,13.348671,35.7274823,-78.6962747,35.34353963872628,-0.113
1371,36376597,13.348545,35.7274823,-78.6962747,35.34353963872628,-0.113
1372,36376630,13.349045,35.7274823,-78.6962747,35.34353963872628,-0.113
1373,36376663,13.34898,35.7274823,-78.6962747,35.34353963872628,-0.113
1374,36376696,13.348309,35.7274823,-78.6962747,35.34353963872628,-0.113
1375,36376728,13.348072,35.7274823,-78.6962747,35.34353963872628,-0.113
1376,36376761,13.3487625,35.7274823,-78.6962747,35.34353963872628,-0.113
1377,36376794,13.348694,35.7274823,-78.6962747,35.34353963872628,-0.113
1378,36376829,13.348446,35.7274823,-78.6962747,35.34353963872628,-0.113
1379,36376862,13.349117,35.7274823,-78.6962747,35.34353963872628,-0.113
1380,36376894,13.348854,35.7274823,-78.6962747,35.34353963872628,-0.113
1381,36376927,13.34901,35.7274823,-78.6962747,35.34353963872628,-0.113
1382,36376960,13.348274,35.7274823,-78.6962747,35.34353963872628,-0.113
1383,36376993,13.348637,35.7274823,-78.6962747,35.34353963872628,-0.113
1384,36377025,13.348789,35.7274823,-78.6962747,35.34353963872628,-0.113
1385,36377058,13.348335,35.7274823,-78.6962747,35.34353963872628,-0.113
1386,36377091,13.348549,35.7274823,-78.6962747,35.34353963872628,-0.113
1387,36377124,13.349129,35.7274823,-78.6962747,35.34353963872628,-0.113
1388,36377156,13.349026,35.7274823,-78.6962747,35.34353963872628,-0.113
1389,36377189,13.348125,35.7274823,-78.6962747,35.34353963872628,-0.113
1390,36377222,13.348198,35.7274823,-78.6962747,35.34353963872628,-0.113
1391,36377255,13.348637,35.7274823,-78.6962747,35.34353963872628,-0.113
1392,36377287,13.349197,35.7274823,-78.6962747,35.34353963872628,-0.113
1393,36377320,13.349094,35.7274823,-78.6962747,35.34353963872628,-0.113
1394,36377353,13.348408,35.7274823,-78.6962747,35.34353963872628,-0.113
1395,36377386,13.349033,35.7274823,-78.6962747,35.34353963872628,-0.113
1396,36377418,13.348522,35.7274823,-78.6962747,35.34353963872628,-0.113
1397,36377451,13.348057,35.7274823,-78.6962747,35.34353963872628,-0.113
1398,36377484,13.348354,35.7274823,-78.6962747,35.34353963872628,-0.113
1399,36377517,13.3486595,35.7274823,-78.6962747,35.34353963872628,-0.113
1400,36377549,13.348671,35.7274823,-78.6962747,35.34353963872628,-0.113
1401,36377582,13.348358,35.7274823,-78.6962747,35.34353963872628,-0.113
1402,36377615,13.348476,35.7274823,-78.6962747,35.34353963872628,-0.113
1403,36377648,13.348789,35.7274823,-78.6962747,35.34353963872628,-0.113
1404,36377713,13.348625,35.7274823,-78.6962747,35.34353963872628,-0.113
1405,36377746,13.348255,35.7274823,-78.6962747,35.34353963872628,-0.113
1406,36377779,13.348812,35.7274823,-78.6962747,35.34353963872628,-0.113
1407,36377811,13.348732,35.7274823,-78.6962747,35.34353963872628,-0.113
1408,36377844,13.348267,35.7274823,-78.6962747,35.34353963872628,-0.113
1409,36377877,13.348324,35.7274823,-78.6962747,35.34353963872628,-0.113
1410,36377910,13.3492775,35.7274823,-78.6962747,35.34353963872628,-0.113
1411,36377943,13.349331,35.7274823,-78.6962747,35.34353963872628,-0.113
1412,36377975,13.348877,35.7274823,-78.6962747,35.34353963872628,-0.113
1413,36378008,13.3484,35.7274823,-78.6962747,35.34353963872628,-0.113
1414,36378041,13.34959,35.7274823,-78.6962747,35.34353963872628,-0.113
1415,36378073,13.349014,35.7274823,-78.6962747,35.34353963872628,-0.113
1416,36378106,13.34832,35.7274823,-78.6962747,35.34353963872628,-0.113
1417,36378139,13.348442,35.7274823,-78.6962747,35.34353963872628,-0.113
1418,36378172,13.348675,35.7274823,-78.6962747,35.34353963872628,-0.113
1419,36378204,13.348835,35.7274823,-78.6962747,35.34353963872628,-0.113
1420,36378237,13.348148,35.7274823,-78.6962747,35.34353963872628,-0.113
1421,36378270,13.348358,35.7274823,-78.6962747,35.34353963872628,-0.113
1422,36378303,13.348934,35.7274823,-78.6962747,35.34353963872628,-0.113
1423,36378335,13.348766,35.7274823,-78.6962747,35.34353963872628,-0.113
1424,36378368,13.348751,35.7274823,-78.6962747,35.34353963872628,-0.113
1425,36378401,13.349045,35.7274823,-78.6962747,35.34353963872628,-0.113
1426,36378434,13.348824,35.7274823,-78.6962747,35.34353963872628,-0.113
1427,36378466,13.349197,35.7274823,-78.6962747,35.34353963872628,-0.113
1428,36378499,13.348892,35.7274823,-78.6962747,35.34353963872628,-0.113
1429,36378532,13.348579,35.7274823,-78.6962747,35.34353963872628,-0.113
1430,36378565,13.3482895,35.7274823,-78.6962747,35.34353963872628,-0.113
1431,36378597,13.349403,35.7274823,-78.6962747,35.34353963872628,-0.113
1432,36378630,13.348434,35.7274823,-78.6962747,35.34353963872628,-0.113
1433,36378663,13.349152,35.7274823,-78.6962747,35.34353963872628,-0.113
1434,36378696,13.348358,35.7274823,-78.6962747,35.34353963872628,-0.113
1435,36378728,13.348846,35.7274823,-78.6962747,35.34353963872628,-0.113
1436,36378761,13.348309,35.7274823,-78.6962747,35.34353963872628,-0.113
1437,36378794,13.348766,35.7274823,-78.6962747,35.34353963872628,-0.113
1438,36378827,13.34856,35.7274823,-78.6962747,35.34353963872628,-0.113
1439,36378859,13.3492775,35.7274823,-78.6962747,35.34353963872628,-0.113
1440,36378892,13.348183,35.7274823,-78.6962747,35.34353963872628,-0.113
1441,36378927,13.348732,35.7274823,-78.6962747,35.34353963872628,-0.113
1442,36378960,13.34832,35.7274823,-78.6962747,35.34353963872628,-0.113
1443,36378992,13.349209,35.7274823,-78.6962747,35.34353963872628,-0.113
1444,36379025,13.348499,35.7274823,-78.6962747,35.34353963872628,-0.113
1445,36379058,13.348938,35.7274823,-78.6962747,35.34353963872628,-0.113
1446,36379091,13.348682,35.7274823,-78.6962747,35.34353963872628,-0.113
1447,36379123,13.348927,35.7274823,-78.6962747,35.34353963872628,-0.113
1448,36379156,13.348389,35.7274823,-78.6962747,35.34353963872628,-0.113
1449,36379189,13.348835,35.7274823,-78.6962747,35.34353963872628,-0.113
1450,36379222,13.348572,35.7274823,-78.6962747,35.34353963872628,-0.113
1451,36379254,13.348835,35.7274823,-78.6962747,35.34353963872628,-0.113
1452,36379287,13.348412,35.7274823,-78.6962747,35.34353963872628,-0.113
1453,36379320,13.348705,35.7274823,-78.6962747,35.34353963872628,-0.113
1454,36379353,13.349342,35.7274823,-78.6962747,35.34353963872628,-0.113
1455,36379385,13.348717,35.7274823,-78.6962747,35.34353963872628,-0.113
1456,36379418,13.348442,35.7274823,-78.6962747,35.34353963872628,-0.113
1457,36379451,13.348629,35.7274823,-78.6962747,35.34353963872628,-0.113
1458,36379484,13.34856,35.7274823,-78.6962747,35.34353963872628,-0.113
1459,36379516,13.348412,35.7274823,-78.6962747,35.34353963872628,-0.113
1460,36379549,13.348537,35.7274823,-78.6962747,35.34353963872628,-0.113
1461,36379582,13.348492,35.7274823,-78.6962747,35.34353963872628,-0.113
1462,36379615,13.349049,35.7274823,-78.6962747,35.34353963872628,-0.113
1463,36379647,13.3480835,35.7274823,-78.6962747,35.34353963872628,-0.113
1464,36379680,13.348549,35.7274823,-78.6962747,35.34353963872628,-0.113
1465,36379713,13.348583,35.7274823,-78.6962747,35.34353963872628,-0.113
1466,36379746,13.349266,35.7274823,-78.6962747,35.34353963872628,-0.113
1467,36379778,13.34837,35.7274823,-78.6962747,35.34353963872628,-0.113
1468,36379811,13.348602,35.7274823,-78.6962747,35.34353963872628,-0.113
1469,36379844,13.348537,35.7274823,-78.6962747,35.34353963872628,-0.113
1470,36379877,13.348221,35.7274823,-78.6962747,35.34353963872628,-0.113
1471,36379909,13.348881,35.7274823,-78.6962747,35.34353963872628,-0.113
1472,36379942,13.348114,35.7274823,-78.6962747,35.34353963872628,-0.113
1473,36379975,13.348846,35.7274823,-78.6962747,35.34353963872628,-0.113
1474,36380008,13.3489,35.7274823,-78.6962747,35.34353963872628,-0.113
1475,36380040,13.3484535,35.7274823,-78.6962747,35.34353963872628,-0.113
1476,36380073,13.34856,35.7274823,-78.6962747,35.34353963872628,-0.113
1477,36380106,13.348698,35.7274823,-78.6962747,35.34353963872628,-0.113
1478,36380139,13.348595,35.7274823,-78.6962747,35.34353963872628,-0.113
1479,36380172,13.348106,35.7274823,-78.6962747,35.34353963872628,-0.113
1480,36380204,13.348431,35.7274823,-78.6962747,35.34353963872628,-0.113
1481,36380237,13.348522,35.7274823,-78.6962747,35.34353963872628,-0.113
1482,36380270,13.349194,35.7274823,-78.6962747,35.34353963872628,-0.113
1483,36380302,13.348446,35.7274823,-78.6962747,35.34353963872628,-0.113
1484,36380335,13.348812,35.7274823,-78.6962747,35.34353963872628,-0.113
1485,36380368,13.349186,35.7274823,-78.6962747,35.34353963872628,-0.113
1486,36380401,13.348892,35.7274823,-78.6962747,35.34353963872628,-0.113
1487,36380434,13.348358,35.7274823,-78.6962747,35.34353963872628,-0.113
1488,36380466,13.348549,35.7274823,-78.6962747,35.34353963872628,-0.113
1489,36380499,13.349674,35.7274823,-78.6962747,35.34353963872628,-0.113
1490,36380532,13.349194,35.7274823,-78.6962747,35.34353963872628,-0.113
1491,36380564,13.348431,35.7274823,-78.6962747,35.34353963872628,-0.113
1492,36380597,13.348442,35.7274823,-78.6962747,35.34353963872628,-0.113
1493,36380630,13.348988,35.7274823,-78.6962747,35.34353963872628,-0.113
1494,36380663,13.349365,35.7274823,-78.6962747,35.34353963872628,-0.113
1495,36380695,13.348812,35.7274823,-78.6962747,35.34353963872628,-0.113
1496,36380728,13.348728,35.7274823,-78.6962747,35.34353963872628,-0.113
1497,36380761,13.348682,35.7274823,-78.6962747,35.34353963872628,-0.113
1498,36380794,13.349255,35.7274823,-78.6962747,35.34353963872628,-0.113
1499,36380827,13.348843,35.7274823,-78.6962747,35.34353963872628,-0.113
1500,36380859,13.348534,35.7274823,-78.6962747,35.34353963872628,-0.113
1501,36380892,13.349022,35.7274823,-78.6962747,35.34353963872628,-0.113
1502,36380925,13.348938,35.7274823,-78.6962747,35.34353963872628,-0.113
1503,36380958,13.348354,35.7274823,-78.6962747,35.34353963872628,-0.113
1504,36380990,13.348705,35.7274823,-78.6962747,35.34353963872628,-0.113
1505,36381025,13.348797,35.7274823,-78.6962747,35.34353963872628,-0.113
1506,36381058,13.349415,35.7274823,-78.6962747,35.34353963872628,-0.113
1507,36381091,13.348499,35.7274823,-78.6962747,35.34353963872628,-0.113
1508,36381123,13.348652,35.7274823,-78.6962747,35.34353963872628,-0.113
1509,36381156,13.349205,35.7274823,-78.6962747,35.34353963872628,-0.113
1510,36381189,13.349136,35.7274823,-78.6962747,35.34353963872628,-0.113
1511,36381222,13.348522,35.7274823,-78.6962747,35.34353963872628,-0.113
1512,36381254,13.34874,35.7274823,-78.6962747,35.34353963872628,-0.113
1513,36381287,13.349091,35.7274823,-78.6962747,35.34353963872628,-0.113
1514,36381320,13.348755,35.7274823,-78.6962747,35.34353963872628,-0.113
1515,36381353,13.348858,35.7274823,-78.6962747,35.34353963872628,-0.113
1516,36381385,13.348389,35.7274823,-78.6962747,35.34353963872628,-0.113
1517,36381418,13.3487625,35.7274823,-78.6962747,35.34353963872628,-0.113
1518,36381451,13.349636,35.7274823,-78.6962747,35.34353963872628,-0.113
1519,36381484,13.348743,35.7274823,-78.6962747,35.34353963872628,-0.113
1520,36381516,13.348923,35.7274823,-78.6962747,35.34353963872628,-0.113
1521,36381549,13.348938,35.7274823,-78.6962747,35.34353963872628,-0.113
1522,36381582,13.34956,35.7274823,-78.6962747,35.34353963872628,-0.113
1523,36381615,13.348774,35.7274823,-78.6962747,35.34353963872628,-0.113
1524,36381647,13.348511,35.7274823,-78.6962747,35.34353963872628,-0.113
1525,36381680,13.349323,35.7274823,-78.6962747,35.34353963872628,-0.113
1526,36381713,13.349285,35.7274823,-78.6962747,35.34353963872628,-0.113
1527,36381746,13.348408,35.7274823,-78.6962747,35.34353963872628,-0.113
1528,36381778,13.348682,35.7274823,-78.6962747,35.34353963872628,-0.113
1529,36381811,13.349346,35.7274823,-78.6962747,35.34353963872628,-0.113
1530,36381844,13.349606,35.7274823,-78.6962747,35.34353963872628,-0.113
1531,36381877,13.348503,35.7274823,-78.6962747,35.34353963872628,-0.113
1532,36381909,13.349194,35.7274823,-78.6962747,35.34353963872628,-0.113
1533,36381942,13.349091,35.7274823,-78.6962747,35.34353963872628,-0.113
1534,36381975,13.349255,35.7274823,-78.6962747,35.34353963872628,-0.113
1535,36382008,13.348606,35.7274823,-78.6962747,35.34353963872628,-0.113
1536,36382040,13.348755,35.7274823,-78.6962747,35.34353963872628,-0.113
1537,36382074,13.349342,35.7274823,-78.6962747,35.34353963872628,-0.113
1538,36382106,13.348892,35.7274823,-78.6962747,35.34353963872628,-0.113
1539,36382139,13.348434,35.7274823,-78.6962747,35.34353963872628,-0.113
1540,36382171,13.3489,35.7274823,-78.6962747,35.34353963872628,-0.113
1541,36382204,13.349003,35.7274823,-78.6962747,35.34353963872628,-0.113
1542,36382237,13.348545,35.7274823,-78.6962747,35.34353963872628,-0.113
1543,36382270,13.3483925,35.7274823,-78.6962747,35.34353963872628,-0.113
1544,36382302,13.348251,35.7274823,-78.6962747,35.34353963872628,-0.113
1545,36382335,13.348698,35.7274823,-78.6962747,35.34353963872628,-0.113
1546,36382368,13.347965,35.7274823,-78.6962747,35.34353963872628,-0.113
1547,36382401,13.348743,35.7274823,-78.6962747,35.34353963872628,-0.113
1548,36382434,13.348682,35.7274823,-78.6962747,35.34353963872628,-0.113
1549,36382466,13.348743,35.7274823,-78.6962747,35.34353963872628,-0.113
1550,36382499,13.3480835,35.7274823,-78.6962747,35.34353963872628,-0.113
1551,36382532,13.348343,35.7274823,-78.6962747,35.34353963872628,-0.113
1552,36382564,13.348732,35.7274823,-78.6962747,35.34353963872628,-0.113
1553,36382597,13.348789,35.7274823,-78.6962747,35.34353963872628,-0.113
1554,36382630,13.348267,35.7274823,-78.6962747,35.34353963872628,-0.113
1555,36382663,13.348408,35.7274823,-78.6962747,35.34353963872628,-0.113
1556,36382696,13.348743,35.7274823,-78.6962747,35.34353963872628,-0.113
1557,36382728,13.348431,35.7274823,-78.6962747,35.34353963872628,-0.113
1558,36382761,13.348469,35.7274823,-78.6962747,35.34353963872628,-0.113
1559,36382794,13.348194,35.7274823,-78.6962747,35.34353963872628,-0.113
1560,36382827,13.348354,35.7274823,-78.6962747,35.34353963872628,-0.113
1561,36382859,13.348789,35.7274823,-78.6962747,35.34353963872628,-0.113
1562,36382892,13.348244,35.7274823,-78.6962747,35.34353963872628,-0.113
1563,36382925,13.348209,35.7274823,-78.6962747,35.34353963872628,-0.113
1564,36382957,13.348938,35.7274823,-78.6962747,35.34353963872628,-0.113
1565,36382990,13.348618,35.7274823,-78.6962747,35.34353963872628,-0.113
1566,36383023,13.347755,35.7274823,-78.6962747,35.34353963872628,-0.113
1567,36383056,13.348267,35.7274823,-78.6962747,35.34353963872628,-0.113
1568,36383088,13.348595,35.7274823,-78.6962747,35.34353963872628,-0.113
1569,36383123,13.348526,35.7274823,-78.6962747,35.34353963872628,-0.113
1570,36383156,13.3480835,35.7274823,-78.6962747,35.34353963872628,-0.113
1571,36383189,13.348324,35.7274823,-78.6962747,35.34353963872628,-0.113
1572,36383222,13.348503,35.7274823,-78.6962747,35.34353963872628,-0.113
1573,36383254,13.348625,35.7274823,-78.6962747,35.34353963872628,-0.113
1574,36383287,13.348221,35.7274823,-78.6962747,35.34353963872628,-0.113
1575,36383320,13.348568,35.7274823,-78.6962747,35.34353963872628,-0.113
1576,36383353,13.348965,35.7274823,-78.6962747,35.34353963872628,-0.113
1577,36383385,13.349323,35.7274823,-78.6962747,35.34353963872628,-0.113
1578,36383418,13.347851,35.7274823,-78.6962747,35.34353963872628,-0.113
1579,36383451,13.348232,35.7274823,-78.6962747,35.34353963872628,-0.113
1580,36383484,13.348671,35.7274823,-78.6962747,35.34353963872628,-0.113
1581,36383516,13.349445,35.7274823,-78.6962747,35.34353963872628,-0.113
1582,36383549,13.3485565,35.7274823,-78.6962747,35.34353963872628,-0.113
1583,36383582,13.348358,35.7274823,-78.6962747,35.34353963872628,-0.113
1584,36383615,13.34901,35.7274823,-78.6962747,35.34353963872628,-0.113
1585,36383647,13.349216,35.7274823,-78.6962747,35.34353963872628,-0.113
1586,36383680,13.348274,35.7274823,-78.6962747,35.34353963872628,-0.113
1587,36383713,13.348026,35.7274823,-78.6962747,35.34353963872628,-0.113
1588,36383746,13.349289,35.7274823,-78.6962747,35.34353963872628,-0.113
1589,36383778,13.348846,35.7274823,-78.6962747,35.34353963872628,-0.113
1590,36383811,13.348732,35.7274823,-78.6962747,35.34353963872628,-0.113
1591,36383844,13.348244,35.7274823,-78.6962747,35.34353963872628,-0.113
1592,36383877,13.349285,35.7274823,-78.6962747,35.34353963872628,-0.113
1593,36383909,13.348957,35.7274823,-78.6962747,35.34353963872628,-0.113
1594,36383942,13.348335,35.7274823,-78.6962747,35.34353963872628,-0.113
1595,36383975,13.348274,35.7274823,-78.6962747,35.34353963872628,-0.113
1596,36384008,13.348686,35.7274823,-78.6962747,35.34353963872628,-0.113
1597,36384077,13.34848,35.7274823,-78.6962747,35.34353963872628,-0.113
1598,36384106,13.3487625,35.7274823,-78.6962747,35.34353963872628,-0.113
1599,36384139,13.34922,35.7274823,-78.6962747,35.34353963872628,-0.113
1600,36384171,13.349197,35.7274823,-78.6962747,35.34353963872628,-0.113
1601,36384204,13.3478775,35.7274823,-78.6962747,35.34353963872628,-0.113
1602,36384237,13.348423,35.7274823,-78.6962747,35.34353963872628,-0.113
1603,36384270,13.347614,35.7274823,-78.6962747,35.34353963872628,-0.113
1604,36384303,13.348347,35.7274823,-78.6962747,35.34353963872628,-0.113
1605,36384335,13.34914,35.7274823,-78.6962747,35.34353963872628,-0.113
1606,36384368,13.348675,35.7274823,-78.6962747,35.34353963872628,-0.113
1607,36384401,13.348358,35.7274823,-78.6962747,35.34353963872628,-0.113
1608,36384433,13.348614,35.7274823,-78.6962747,35.34353963872628,-0.113
1609,36384466,13.349358,35.7274823,-78.6962747,35.34353963872628,-0.113
1610,36384499,13.348923,35.7274823,-78.6962747,35.34353963872628,-0.113
1611,36384532,13.348709,35.7274823,-78.6962747,35.34353963872628,-0.113
1612,36384564,13.348331,35.7274823,-78.6962747,35.34353963872628,-0.113
1613,36384597,13.349152,35.7274823,-78.6962747,35.34353963872628,-0.113
1614,36384630,13.3489,35.7274823,-78.6962747,35.34353963872628,-0.113
1615,36384663,13.348061,35.7274823,-78.6962747,35.34353963872628,-0.113
1616,36384695,13.348354,35.7274823,-78.6962747,35.34353963872628,-0.113
1617,36384728,13.348743,35.7274823,-78.6962747,35.34353963872628,-0.113
1618,36384761,13.349163,35.7274823,-78.6962747,35.34353963872628,-0.113
1619,36384794,13.348221,35.7274823,-78.6962747,35.34353963872628,-0.113
1620,36384826,13.348888,35.7274823,-78.6962747,35.34353963872628,-0.113
1621,36384859,13.349243,35.7274823,-78.6962747,35.34353963872628,-0.113
1622,36384892,13.348717,35.7274823,-78.6962747,35.34353963872628,-0.113
1623,36384925,13.348465,35.7274823,-78.6962747,35.34353963872628,-0.113
1624,36384958,13.348728,35.7274823,-78.6962747,35.34353963872628,-0.113
1625,36384990,13.348938,35.7274823,-78.6962747,35.34353963872628,-0.113
1626,36385023,13.348366,35.7274823,-78.6962747,35.34353963872628,-0.113
1627,36385056,13.348511,35.7274823,-78.6962747,35.34353963872628,-0.113
1628,36385088,13.348831,35.7274823,-78.6962747,35.34353963872628,-0.113
1629,36385121,13.349335,35.7274823,-78.6962747,35.34353963872628,-0.113
1630,36385154,13.348331,35.7274823,-78.6962747,35.34353963872628,-0.113
1631,36385187,13.348465,35.7274823,-78.6962747,35.34353963872628,-0.113
1632,36385221,13.3484,35.7274823,-78.6962747,35.34353963872628,-0.113
1633,36385254,13.348721,35.7274823,-78.6962747,35.34353963872628,-0.113
1634,36385287,13.348034,35.7274823,-78.6962747,35.34353963872628,-0.113
1635,36385320,13.348103,35.7274823,-78.6962747,35.34353963872628,-0.113
1636,36385352,13.349186,35.7274823,-78.6962747,35.34353963872628,-0.113
1637,36385385,13.348892,35.7274823,-78.6962747,35.34353963872628,-0.113
1638,36385418,13.348263,35.7274823,-78.6962747,35.34353963872628,-0.113
1639,36385451,13.348499,35.7274823,-78.6962747,35.34353963872628,-0.113
1640,36385484,13.348877,35.7274823,-78.6962747,35.34353963872628,-0.113
1641,36385516,13.348999,35.7274823,-78.6962747,35.34353963872628,-0.113
1642,36385549,13.348377,35.7274823,-78.6962747,35.34353963872628,-0.113
1643,36385582,13.3485565,35.7274823,-78.6962747,35.34353963872628,-0.113
1644,36385614,13.348751,35.7274823,-78.6962747,35.34353963872628,-0.113
1645,36385647,13.348534,35.7274823,-78.6962747,35.34353963872628,-0.113
1646,36385680,13.3487625,35.7274823,-78.6962747,35.34353963872628,-0.113
1647,36385713,13.348408,35.7274823,-78.6962747,35.34353963872628,-0.113
1648,36385745,13.348923,35.7274823,-78.6962747,35.34353963872628,-0.113
1649,36385778,13.349163,35.7274823,-78.6962747,35.34353963872628,-0.113
1650,36385811,13.348175,35.7274823,-78.6962747,35.34353963872628,-0.113
1651,36385844,13.348286,35.7274823,-78.6962747,35.34353963872628,-0.113
1652,36385877,13.348801,35.7274823,-78.6962747,35.34353963872628,-0.113
1653,36385909,13.348492,35.7274823,-78.6962747,35.34353963872628,-0.113
1654,36385942,13.348629,35.7274823,-78.6962747,35.34353963872628,-0.113
1655,36385975,13.348244,35.7274823,-78.6962747,35.34353963872628,-0.113
1656,36386008,13.348835,35.7274823,-78.6962747,35.34353963872628,-0.113
1657,36386040,13.348743,35.7274823,-78.6962747,35.34353963872628,-0.113
1658,36386073,13.34856,35.7274823,-78.6962747,35.34353963872628,-0.113
1659,36386106,13.348488,35.7274823,-78.6962747,35.34353963872628,-0.113
1660,36386139,13.349159,35.7274823,-78.6962747,35.34353963872628,-0.113
1661,36386171,13.348911,35.7274823,-78.6962747,35.34353963872628,-0.113
1662,36386204,13.348614,35.7274823,-78.6962747,35.34353963872628,-0.113
1663,36386237,13.349102,35.7274823,-78.6962747,35.34353963872628,-0.113
1664,36386270,13.348999,35.7274823,-78.6962747,35.34353963872628,-0.113
1665,36386302,13.348946,35.7274823,-78.6962747,35.34353963872628,-0.113
1666,36386335,13.348686,35.7274823,-78.6962747,35.34353963872628,-0.113
1667,36386368,13.348709,35.7274823,-78.6962747,35.34353963872628,-0.113
1668,36386401,13.348869,35.7274823,-78.6962747,35.34353963872628,-0.113
1669,36386433,13.348946,35.7274823,-78.6962747,35.34353963872628,-0.113
1670,36386466,13.348698,35.7274823,-78.6962747,35.34353963872628,-0.113
1671,36386499,13.348652,35.7274823,-78.6962747,35.34353963872628,-0.113
1672,36386532,13.348595,35.7274823,-78.6962747,35.34353963872628,-0.113
1673,36386564,13.348721,35.7274823,-78.6962747,35.34353963872628,-0.113
1674,36386597,13.348934,35.7274823,-78.6962747,35.34353963872628,-0.113
1675,36386630,13.348515,35.7274823,-78.6962747,35.34353963872628,-0.113
1676,36386663,13.348869,35.7274823,-78.6962747,35.34353963872628,-0.113
1677,36386695,13.348709,35.7274823,-78.6962747,35.34353963872628,-0.113
1678,36386728,13.348446,35.7274823,-78.6962747,35.34353963872628,-0.113
1679,36386761,13.348904,35.7274823,-78.6962747,35.34353963872628,-0.113
1680,36386794,13.348892,35.7274823,-78.6962747,35.34353963872628,-0.113
1681,36386826,13.349079,35.7274823,-78.6962747,35.34353963872628,-0.113
1682,36386859,13.348118,35.7274823,-78.6962747,35.34353963872628,-0.113
1683,36386892,13.349033,35.7274823,-78.6962747,35.34353963872628,-0.113
1684,36386925,13.348206,35.7274823,-78.6962747,35.34353963872628,-0.113
1685,36386957,13.349056,35.7274823,-78.6962747,35.34353963872628,-0.113
1686,36386990,13.348503,35.7274823,-78.6962747,35.34353963872628,-0.113
1687,36387023,13.349171,35.7274823,-78.6962747,35.34353963872628,-0.113
1688,36387056,13.348618,35.7274823,-78.6962747,35.34353963872628,-0.113
1689,36387088,13.349194,35.7274823,-78.6962747,35.34353963872628,-0.113
1690,36387121,13.347931,35.7274823,-78.6962747,35.34353963872628,-0.113
1691,36387154,13.348755,35.7274823,-78.6962747,35.34353963872628,-0.113
1692,36387187,13.348843,35.7274823,-78.6962747,35.34353963872628,-0.113
1693,36387219,13.348988,35.7274823,-78.6962747,35.34353963872628,-0.113
1694,36387252,13.348251,35.7274823,-78.6962747,35.34353963872628,-0.113
1695,36387285,13.349003,35.7274823,-78.6962747,35.34353963872628,-0.113
1696,36387320,13.348625,35.7274823,-78.6962747,35.34353963872628,-0.113
1697,36387352,13.349232,35.7274823,-78.6962747,35.34353963872628,-0.113
1698,36387385,13.348152,35.7274823,-78.6962747,35.34353963872628,-0.113
1699,36387418,13.349014,35.7274823,-78.6962747,35.34353963872628,-0.113
1700,36387451,13.348721,35.7274823,-78.6962747,35.34353963872628,-0.113
1701,36387483,13.3491745,35.7274823,-78.6962747,35.34353963872628,-0.113
1702,36387516,13.34832,35.7274823,-78.6962747,35.34353963872628,-0.113
1703,36387549,13.3489,35.7274823,-78.6962747,35.34353963872628,-0.113
1704,36387581,13.348797,35.7274823,-78.6962747,35.34353963872628,-0.113
1705,36387614,13.348228,35.7274823,-78.6962747,35.34353963872628,-0.113
1706,36387647,13.348831,35.7274823,-78.6962747,35.34353963872628,-0.113
1707,36387680,13.348721,35.7274823,-78.6962747,35.34353963872628,-0.113
1708,36387713,13.34914,35.7274823,-78.6962747,35.34353963872628,-0.113
1709,36387745,13.348606,35.7274823,-78.6962747,35.34353963872628,-0.113
1710,36387778,13.348,35.7274823,-78.6962747,35.34353963872628,-0.113
1711,36387811,13.348949,35.7274823,-78.6962747,35.34353963872628,-0.113
1712,36387844,13.349113,35.7274823,-78.6962747,35.34353963872628,-0.113
1713,36387876,13.348171,35.7274823,-78.6962747,35.34353963872628,-0.113
1714,36387909,13.348549,35.7274823,-78.6962747,35.34353963872628,-0.113
1715,36387942,13.348698,35.7274823,-78.6962747,35.34353963872628,-0.113
1716,36387975,13.349323,35.7274823,-78.6962747,35.34353963872628,-0.113
1717,36388007,13.348766,35.7274823,-78.6962747,35.34353963872628,-0.113
1718,36388040,13.3484535,35.7274823,-78.6962747,35.34353963872628,-0.113
1719,36388073,13.348812,35.7274823,-78.6962747,35.34353963872628,-0.113
1720,36388106,13.3494,35.7274823,-78.6962747,35.34353963872628,-0.113
1721,36388138,13.348251,35.7274823,-78.6962747,35.34353963872628,-0.113
1722,36388171,13.348255,35.7274823,-78.6962747,35.34353963872628,-0.113
1723,36388204,13.348915,35.7274823,-78.6962747,35.34353963872628,-0.113
1724,36388237,13.349056,35.7274823,-78.6962747,35.34353963872628,-0.113
1725,36388270,13.348511,35.7274823,-78.6962747,35.34353963872628,-0.113
1726,36388302,13.348465,35.7274823,-78.6962747,35.34353963872628,-0.113
1727,36388335,13.34906,35.7274823,-78.6962747,35.34353963872628,-0.113
1728,36388368,13.34832,35.7274823,-78.6962747,35.34353963872628,-0.113
1729,36388400,13.348068,35.7274823,-78.6962747,35.34353963872628,-0.113
1730,36388433,13.348118,35.7274823,-78.6962747,35.34353963872628,-0.113
1731,36388466,13.349209,35.7274823,-78.6962747,35.34353963872628,-0.113
1732,36388499,13.3494,35.7274823,-78.6962747,35.34353963872628,-0.113
1733,36388531,13.348244,35.7274823,-78.6962747,35.34353963872628,-0.113
1734,36388564,13.348423,35.7274823,-78.6962747,35.34353963872628,-0.113
1735,36388597,13.349308,35.7274823,-78.6962747,35.34353963872628,-0.113
1736,36388630,13.348648,35.7274823,-78.6962747,35.34353963872628,-0.113
1737,36388662,13.348434,35.7274823,-78.6962747,35.34353963872628,-0.113
1738,36388695,13.3482895,35.7274823,-78.6962747,35.34353963872628,-0.113
1739,36388728,13.349377,35.7274823,-78.6962747,35.34353963872628,-0.113
1740,36388761,13.348999,35.7274823,-78.6962747,35.34353963872628,-0.113
1741,36388793,13.348465,35.7274823,-78.6962747,35.34353963872628,-0.113
1742,36388826,13.348537,35.7274823,-78.6962747,35.34353963872628,-0.113
1743,36388859,13.349197,35.7274823,-78.6962747,35.34353963872628,-0.113
1744,36388924,13.34837,35.7274823,-78.6962747,35.34353963872628,-0.113
1745,36388957,13.349045,35.7274823,-78.6962747,35.34353963872628,-0.113
1746,36388990,13.349525,35.7274823,-78.6962747,35.34353963872628,-0.113
1747,36389023,13.348949,35.7274823,-78.6962747,35.34353963872628,-0.113
1748,36389055,13.3486595,35.7274823,-78.6962747,35.34353963872628,-0.113
1749,36389088,13.348812,35.7274823,-78.6962747,35.34353963872628,-0.113
1750,36389121,13.348927,35.7274823,-78.6962747,35.34353963872628,-0.113
1751,36389154,13.349083,35.7274823,-78.6962747,35.34353963872628,-0.113
1752,36389186,13.349426,35.7274823,-78.6962747,35.34353963872628,-0.113
1753,36389219,13.348938,35.7274823,-78.6962747,35.34353963872628,-0.113
1754,36389252,13.349537,35.7274823,-78.6962747,35.34353963872628,-0.113
1755,36389285,13.351013,35.7274823,-78.6962747,35.34353963872628,-0.113
1756,36389317,13.34996,35.7274823,-78.6962747,35.34353963872628,-0.113
1757,36389350,13.349693,35.7274823,-78.6962747,35.34353963872628,-0.113
1758,36389383,13.350014,35.7274823,-78.6962747,35.34353963872628,-0.113
1759,36389418,13.350342,35.7274823,-78.6962747,35.34353963872628,-0.113
1760,36389451,13.349682,35.7274823,-78.6962747,35.34353963872628,-0.113
1761,36389483,13.35025,35.7274823,-78.6962747,35.34353963872628,-0.113
1762,36389516,13.351192,35.7274823,-78.6962747,35.34353963872628,-0.113
1763,36389549,13.352901,35.7274823,-78.6962747,35.34353963872628,-0.113
1764,36389582,13.3556595,35.7274823,-78.6962747,35.34353963872628,-0.113
1765,36389614,13.353844,35.7274823,-78.6962747,35.34353963872628,-0.113
1766,36389647,13.352947,35.7274823,-78.6962747,35.34353963872628,-0.113
1767,36389680,13.352695,35.7274823,-78.6962747,35.34353963872628,-0.113
1768,36389713,13.352116,35.7274823,-78.6962747,35.34353963872628,-0.113
1769,36389745,13.352127,35.7274823,-78.6962747,35.34353963872628,-0.113
1770,36389778,13.353313,35.7274823,-78.6962747,35.34353963872628,-0.113
1771,36389811,13.355576,35.7274823,-78.6962747,35.34353963872628,-0.113
1772,36389844,13.355694,35.7274823,-78.6962747,35.34353963872628,-0.113
1773,36389877,13.357246,35.7274823,-78.6962747,35.34353963872628,-0.113
1774,36389909,13.357513,35.7274823,-78.6962747,35.34353963872628,-0.113
1775,36389942,13.358173,35.7274823,-78.6962747,35.34353963872628,-0.113
1776,36389975,13.371323,35.7274823,-78.6962747,35.34353963872628,-0.113
1777,36390007,13.366562,35.7274823,-78.6962747,35.34353963872628,-0.113
1778,36390040,13.36277,35.7274823,-78.6962747,35.34353963872628,-0.113
1779,36390073,13.361343,35.7274823,-78.6962747,35.34353963872628,-0.113
1780,36390106,13.359058,35.7274823,-78.6962747,35.34353963872628,-0.113
1781,36390139,13.359005,35.7274823,-78.6962747,35.34353963872628,-0.113
1782,36390171,13.361778,35.7274823,-78.6962747,35.34353963872628,-0.113
1783,36390204,13.368961,35.7274823,-78.6962747,35.34353963872628,-0.113
1784,36390237,13.371796,35.7274823,-78.6962747,35.34353963872628,-0.113
1785,36390269,13.404037,35.7274823,-78.6962747,35.34353963872628,-0.113
1786,36390302,13.396812,35.7274823,-78.6962747,35.34353963872628,-0.113
1787,36390335,13.388184,35.7274823,-78.6962747,35.34353963872628,-0.113
1788,36390368,13.383442,35.7274823,-78.6962747,35.34353963872628,-0.113
1789,36390400,13.380772,35.7274823,-78.6962747,35.34353963872628,-0.113
1790,36390433,13.37941,35.7274823,-78.6962747,35.34353963872628,-0.113
1791,36390466,13.382748,35.7274823,-78.6962747,35.34353963872628,-0.113
1792,36390499,13.398785,35.7274823,-78.6962747,35.34353963872628,-0.113
1793,36390531,13.408775,35.7274823,-78.6962747,35.34353963872628,-0.113
1794,36390564,13.579056,35.7274823,-78.6962747,35.34353963872628,-0.113
1795,36390597,13.574387,35.7274823,-78.6962747,35.34353963872628,-0.113
1796,36390630,13.506718,35.7274823,-78.6962747,35.34353963872628,-0.113
1797,36390662,13.46936,35.7274823,-78.6962747,35.34353963872628,-0.113
1798,36390695,13.448162,35.7274823,-78.6962747,35.34353963872628,-0.113
1799,36390728,13.435944,35.7274823,-78.6962747,35.34353963872628,-0.113
1800,36390761,13.4468,35.7274823,-78.6962747,35.34353963872628,-0.113
1801,36390793,13.557919,35.7274823,-78.6962747,35.34353963872628,-0.113
1802,36390826,13.628601,35.7274823,-78.6962747,35.34353963872628,-0.113
1803,36390859,13.667763,35.7274823,-78.6962747,35.34353963872628,-0.113
1804,36390892,13.690109,35.7274823,-78.6962747,35.34353963872628,-0.113
1805,36390924,13.704552,35.7274823,-78.6962747,35.34353963872628,-0.113
1806,36390957,13.7545395,35.7274823,-78.6962747,35.34353963872628,-0.113
1807,36390990,13.779884,35.7274823,-78.6962747,35.34353963872628,-0.113
1808,36391023,13.752628,35.7274823,-78.6962747,35.34353963872628,-0.113
1809,36391055,13.73904,35.7274823,-78.6962747,35.34353963872628,-0.113
1810,36391088,13.731365,35.7274823,-78.6962747,35.34353963872628,-0.113
1811,36391121,13.725742,35.7274823,-78.6962747,35.34353963872628,-0.113
1812,36391154,13.727657,35.7274823,-78.6962747,35.34353963872628,-0.113
1813,36391186,13.764942,35.7274823,-78.6962747,35.34353963872628,-0.113
1814,36391219,13.794151,35.7274823,-78.6962747,35.34353963872628,-0.113
1815,36391252,13.839401,35.7274823,-78.6962747,35.34353963872628,-0.113
1816,36391285,13.900009,35.7274823,-78.6962747,35.34353963872628,-0.113
1817,36391317,13.870003,35.7274823,-78.6962747,35.34353963872628,-0.113
1818,36391350,13.853237,35.7274823,-78.6962747,35.34353963872628,-0.113
1819,36391383,13.8425865,35.7274823,-78.6962747,35.34353963872628,-0.113
1820,36391416,13.837639,35.7274823,-78.6962747,35.34353963872628,-0.113
1821,36391449,13.837128,35.7274823,-78.6962747,35.34353963872628,-0.113
1822,36391481,13.870686,35.7274823,-78.6962747,35.34353963872628,-0.113
1823,36391516,13.909054,35.7274823,-78.6962747,35.34353963872628,-0.113
1824,36391549,13.92366,35.7274823,-78.6962747,35.34353963872628,-0.113
1825,36391581,13.865501,35.7274823,-78.6962747,35.34353963872628,-0.113
1826,36391614,13.906227,35.7274823,-78.6962747,35.34353963872628,-0.113
1827,36391647,13.927933,35.7274823,-78.6962747,35.34353963872628,-0.113
1828,36391680,13.940334,35.7274823,-78.6962747,35.34353963872628,-0.113
1829,36391713,13.947723,35.7274823,-78.6962747,35.34353963872628,-0.113
1830,36391745,13.951561,35.7274823,-78.6962747,35.34353963872628,-0.113
1831,36391778,13.928192,35.7274823,-78.6962747,35.34353963872628,-0.113
1832,36391811,13.89212,35.7274823,-78.6962747,35.34353963872628,-0.113
1833,36391843,13.874191,35.7274823,-78.6962747,35.34353963872628,-0.113
1834,36391876,13.86343,35.7274823,-78.6962747,35.34353963872628,-0.113
1835,36391909,13.856224,35.7274823,-78.6962747,35.34353963872628,-0.113
1836,36391942,13.853619,35.7274823,-78.6962747,35.34353963872628,-0.113
1837,36391975,13.913261,35.7274823,-78.6962747,35.34353963872628,-0.113
1838,36392007,13.890678,35.7274823,-78.6962747,35.34353963872628,-0.113
1839,36392040,13.871468,35.7274823,-78.6962747,35.34353963872628,-0.113
1840,36392073,13.861904,35.7274823,-78.6962747,35.34353963872628,-0.113
1841,36392105,13.856499,35.7274823,-78.6962747,35.34353963872628,-0.113
1842,36392138,13.853653,35.7274823,-78.6962747,35.34353963872628,-0.113
1843,36392171,13.864735,35.7274823,-78.6962747,35.34353963872628,-0.113
1844,36392204,13.896595,35.7274823,-78.6962747,35.34353963872628,-0.113
1845,36392236,13.915512,35.7274823,-78.6962747,35.34353963872628,-0.113
1846,36392269,13.965885,35.7274823,-78.6962747,35.34353963872628,-0.113
1847,36392302,13.965401,35.7274823,-78.6962747,35.34353963872628,-0.113
1848,36392335,13.953133,35.7274823,-78.6962747,35.34353963872628,-0.113
1849,36392367,13.946896,35.7274823,-78.6962747,35.34353963872628,-0.113
1850,36392400,13.943073,35.7274823,-78.6962747,35.34353963872628,-0.113
1851,36392433,13.940361,35.7274823,-78.6962747,35.34353963872628,-0.113
1852,36392466,13.945244,35.7274823,-78.6962747,35.34353963872628,-0.113
1853,36392499,13.970966,35.7274823,-78.6962747,35.34353963872628,-0.113
1854,36392531,13.988243,35.7274823,-78.6962747,35.34353963872628,-0.113
1855,36392564,14.024403,35.7274823,-78.6962747,35.34353963872628,-0.113
1856,36392597,14.031754,35.7274823,-78.6962747,35.34353963872628,-0.113
1857,36392630,14.021027,35.7274823,-78.6962747,35.34353963872628,-0.113
1858,36392662,14.01469,35.7274823,-78.6962747,35.34353963872628,-0.113
1859,36392695,14.01086,35.7274823,-78.6962747,35.34353963872628,-0.113
1860,36392728,14.009338,35.7274823,-78.6962747,35.34353963872628,-0.113
1861,36392760,14.012821,35.7274823,-78.6962747,35.34353963872628,-0.113
1862,36392793,14.032085,35.7274823,-78.6962747,35.34353963872628,-0.113
1863,36392826,14.046654,35.7274823,-78.6962747,35.34353963872628,-0.113
1864,36392859,14.055122,35.7274823,-78.6962747,35.34353963872628,-0.113
1865,36392891,14.060036,35.7274823,-78.6962747,35.34353963872628,-0.113
1866,36392924,14.061565,35.7274823,-78.6962747,35.34353963872628,-0.113
1867,36392957,14.068424,35.7274823,-78.6962747,35.34353963872628,-0.113
1868,36392990,14.076492,35.7274823,-78.6962747,35.34353963872628,-0.113
1869,36393022,14.071571,35.7274823,-78.6962747,35.34353963872628,-0.113
1870,36393055,14.067852,35.7274823,-78.6962747,35.34353963872628,-0.113
1871,36393088,14.066601,35.7274823,-78.6962747,35.34353963872628,-0.113
1872,36393121,14.065777,35.7274823,-78.6962747,35.34353963872628,-0.113
1873,36393154,14.065975,35.7274823,-78.6962747,35.34353963872628,-0.113
1874,36393186,14.070766,35.7274823,-78.6962747,35.34353963872628,-0.113
1875,36393219,14.07708,35.7274823,-78.6962747,35.34353963872628,-0.113
1876,36393252,14.089123,35.7274823,-78.6962747,35.34353963872628,-0.113
1877,36393285,14.113686,35.7274823,-78.6962747,35.34353963872628,-0.113
1878,36393317,14.100506,35.7274823,-78.6962747,35.34353963872628,-0.113
1879,36393350,14.093521,35.7274823,-78.6962747,35.34353963872628,-0.113
1880,36393383,14.089596,35.7274823,-78.6962747,35.34353963872628,-0.113
1881,36393416,14.08712,35.7274823,-78.6962747,35.34353963872628,-0.113
1882,36393448,14.085667,35.7274823,-78.6962747,35.34353963872628,-0.113
1883,36393481,14.097916,35.7274823,-78.6962747,35.34353963872628,-0.113
1884,36393514,14.11441,35.7274823,-78.6962747,35.34353963872628,-0.113
1885,36393547,14.122505,35.7274823,-78.6962747,35.34353963872628,-0.113
1886,36393579,14.20858,35.7274823,-78.6962747,35.34353963872628,-0.113
1887,36393614,14.173332,35.7274823,-78.6962747,35.34353963872628,-0.113
1888,36393647,14.1547165,35.7274823,-78.6962747,35.34353963872628,-0.113
1889,36393680,14.143669,35.7274823,-78.6962747,35.34353963872628,-0.113
1890,36393712,14.137447,35.7274823,-78.6962747,35.34353963872628,-0.113
1891,36393745,14.135311,35.7274823,-78.6962747,35.34353963872628,-0.113
1892,36393778,14.156662,35.7274823,-78.6962747,35.34353963872628,-0.113
1893,36393811,14.194256,35.7274823,-78.6962747,35.34353963872628,-0.113
1894,36393843,14.216045,35.7274823,-78.6962747,35.34353963872628,-0.113
1895,36393876,14.22879,35.7274823,-78.6962747,35.34353963872628,-0.113
1896,36393909,14.235146,35.7274823,-78.6962747,35.34353963872628,-0.113
1897,36393942,14.237907,35.7274823,-78.6962747,35.34353963872628,-0.113
1898,36393974,14.250805,35.7274823,-78.6962747,35.34353963872628,-0.113
1899,36394008,14.249126,35.7274823,-78.6962747,35.34353963872628,-0.113
1900,36394040,14.2460785,35.7274823,-78.6962747,35.34353963872628,-0.113
1901,36394073,14.244244,35.7274823,-78.6962747,35.34353963872628,-0.113
1902,36394105,14.243065,35.7274823,-78.6962747,35.34353963872628,-0.113
1903,36394138,14.242428,35.7274823,-78.6962747,35.34353963872628,-0.113
1904,36394171,14.24474,35.7274823,-78.6962747,35.34353963872628,-0.113
1905,36394204,14.250885,35.7274823,-78.6962747,35.34353963872628,-0.113
1906,36394236,14.254696,35.7274823,-78.6962747,35.34353963872628,-0.113
1907,36394269,14.274937,35.7274823,-78.6962747,35.34353963872628,-0.113
1908,36394302,14.275166,35.7274823,-78.6962747,35.34353963872628,-0.113
1909,36394335,14.267754,35.7274823,-78.6962747,35.34353963872628,-0.113
1910,36394367,14.263374,35.7274823,-78.6962747,35.34353963872628,-0.113
1911,36394400,14.26268,35.7274823,-78.6962747,35.34353963872628,-0.113
1912,36394433,14.260365,35.7274823,-78.6962747,35.34353963872628,-0.113
1913,36394466,14.262161,35.7274823,-78.6962747,35.34353963872628,-0.113
1914,36394498,14.274982,35.7274823,-78.6962747,35.34353963872628,-0.113
1915,36394531,14.283821,35.7274823,-78.6962747,35.34353963872628,-0.113
1916,36394564,14.202866,35.7274823,-78.6962747,35.34353963872628,-0.113
1917,36394597,14.178581,35.7274823,-78.6962747,35.34353963872628,-0.113
1918,36394629,14.232086,35.7274823,-78.6962747,35.34353963872628,-0.113
1919,36394662,14.25975,35.7274823,-78.6962747,35.34353963872628,-0.113
1920,36394695,14.274956,35.7274823,-78.6962747,35.34353963872628,-0.113
1921,36394728,14.28294,35.7274823,-78.6962747,35.34353963872628,-0.113
1922,36394760,14.281223,35.7274823,-78.6962747,35.34353963872628,-0.113
1923,36394793,14.210556,35.7274823,-78.6962747,35.34353963872628,-0.113
1924,36394826,14.155746,35.7274823,-78.6962747,35.34353963872628,-0.113
1925,36394859,14.124432,35.7274823,-78.6962747,35.34353963872628,-0.113
1926,36394891,14.109684,35.7274823,-78.6962747,35.34353963872628,-0.113
1927,36394924,14.101307,35.7274823,-78.6962747,35.34353963872628,-0.113
1928,36394957,14.011917,35.7274823,-78.6962747,35.34353963872628,-0.113
1929,36394990,13.842457,35.7274823,-78.6962747,35.34353963872628,-0.113
1930,36395023,13.952869,35.7274823,-78.6962747,35.34353963872628,-0.113
1931,36395055,14.014214,35.7274823,-78.6962747,35.34353963872628,-0.113
1932,36395088,14.0484085,35.7274823,-78.6962747,35.34353963872628,-0.113
1933,36395121,14.066891,35.7274823,-78.6962747,35.34353963872628,-0.113
1934,36395154,14.076969,35.7274823,-78.6962747,35.34353963872628,-0.113
1935,36395186,13.972988,35.7274823,-78.6962747,35.34353963872628,-0.113
1936,36395219,13.850483,35.7274823,-78.6962747,35.34353963872628,-0.113
1937,36395252,13.7643585,35.7274823,-78.6962747,35.34353963872628,-0.113
1938,36395285,13.4702835,35.7274823,-78.6962747,35.34353963872628,-0.113
1939,36395317,13.571552,35.7274823,-78.6962747,35.34353963872628,-0.113
1940,36395350,13.628765,35.7274823,-78.6962747,35.34353963872628,-0.113
1941,36395383,13.660522,35.7274823,-78.6962747,35.34353963872628,-0.113
1942,36395416,13.680111,35.7274823,-78.6962747,35.34353963872628,-0.113
1943,36395448,13.691017,35.7274823,-78.6962747,35.34353963872628,-0.113
1944,36395481,13.616539,35.7274823,-78.6962747,35.34353963872628,-0.113
1945,36395514,13.49321,35.7274823,-78.6962747,35.34353963872628,-0.113
1946,36395547,13.422066,35.7274823,-78.6962747,35.34353963872628,-0.113
1947,36395579,13.260357,35.7274823,-78.6962747,35.34353963872628,-0.113
1948,36395612,13.279816,35.7274823,-78.6962747,35.34353963872628,-0.113
1949,36395645,13.298931,35.7274823,-78.6962747,35.34353963872628,-0.113
1950,36395678,13.310314,35.7274823,-78.6962747,35.34353963872628,-0.113
1951,36395712,13.316475,35.7274823,-78.6962747,35.34353963872628,-0.113
1952,36395745,13.320698,35.7274823,-78.6962747,35.34353963872628,-0.113
1953,36395778,13.297607,35.7274823,-78.6962747,35.34353963872628,-0.113
1954,36395811,13.241306,35.7274823,-78.6962747,35.34353963872628,-0.113
1955,36395843,13.2061615,35.7274823,-78.6962747,35.34353963872628,-0.113
1956,36395876,13.1866,35.7274823,-78.6962747,35.34353963872628,-0.113
1957,36395909,13.175545,35.7274823,-78.6962747,35.34353963872628,-0.113
1958,36395942,13.169407,35.7274823,-78.6962747,35.34353963872628,-0.113
1959,36395974,13.183453,35.7274823,-78.6962747,35.34353963872628,-0.113
1960,36396007,13.178936,35.7274823,-78.6962747,35.34353963872628,-0.113
1961,36396040,13.171032,35.7274823,-78.6962747,35.34353963872628,-0.113
1962,36396073,13.166912,35.7274823,-78.6962747,35.34353963872628,-0.113
1963,36396105,13.163887,35.7274823,-78.6962747,35.34353963872628,-0.113
1964,36396138,13.161755,35.7274823,-78.6962747,35.34353963872628,-0.113
1965,36396171,13.163116,35.7274823,-78.6962747,35.34353963872628,-0.113
1966,36396204,13.173985,35.7274823,-78.6962747,35.34353963872628,-0.113
1967,36396236,13.182293,35.7274823,-78.6962747,35.34353963872628,-0.113
1968,36396269,13.144218,35.7274823,-78.6962747,35.34353963872628,-0.113
1969,36396302,13.138863,35.7274823,-78.6962747,35.34353963872628,-0.113
1970,36396334,13.161404,35.7274823,-78.6962747,35.34353963872628,-0.113
1971,36396367,13.174664,35.7274823,-78.6962747,35.34353963872628,-0.113
1972,36396400,13.180973,35.7274823,-78.6962747,35.34353963872628,-0.113
1973,36396433,13.184887,35.7274823,-78.6962747,35.34353963872628,-0.113
1974,36396466,13.183281,35.7274823,-78.6962747,35.34353963872628,-0.113
1975,36396498,13.155743,35.7274823,-78.6962747,35.34353963872628,-0.113
1976,36396531,13.135075,35.7274823,-78.6962747,35.34353963872628,-0.113
1977,36396564,13.029881,35.7274823,-78.6962747,35.34353963872628,-0.113
1978,36396597,12.92844,35.7274823,-78.6962747,35.34353963872628,-0.113
1979,36396629,13.001457,35.7274823,-78.6962747,35.34353963872628,-0.113
1980,36396662,13.044113,35.7274823,-78.6962747,35.34353963872628,-0.113
1981,36396695,13.069542,35.7274823,-78.6962747,35.34353963872628,-0.113
1982,36396728,13.084873,35.7274823,-78.6962747,35.34353963872628,-0.113
1983,36396760,13.089069,35.7274823,-78.6962747,35.34353963872628,-0.113
1984,36396793,13.008537,35.7274823,-78.6962747,35.34353963872628,-0.113
1985,36396826,12.926846,35.7274823,-78.6962747,35.34353963872628,-0.113
1986,36396859,12.877689,35.7274823,-78.6962747,35.34353963872628,-0.113
1987,36396891,12.852421,35.7274823,-78.6962747,35.34353963872628,-0.113
1988,36396924,12.83535,35.7274823,-78.6962747,35.34353963872628,-0.113
1989,36396957,12.796398,35.7274823,-78.6962747,35.34353963872628,-0.113
1990,36396990,12.690247,35.7274823,-78.6962747,35.34353963872628,-0.113
1991,36397022,12.739609,35.7274823,-78.6962747,35.34353963872628,-0.113
1992,36397055,12.76862,35.7274823,-78.6962747,35.34353963872628,-0.113
1993,36397088,12.786259,35.7274823,-78.6962747,35.34353963872628,-0.113
1994,36397121,12.798088,35.7274823,-78.6962747,35.34353963872628,-0.113
1995,36397153,12.802792,35.7274823,-78.6962747,35.34353963872628,-0.113
1996,36397186,12.765141,35.7274823,-78.6962747,35.34353963872628,-0.113
1997,36397219,12.707645,35.7274823,-78.6962747,35.34353963872628,-0.113
1998,36397252,12.677364,35.7274823,-78.6962747,35.34353963872628,-0.113
1999,36397284,12.68689,35.7274823,-78.6962747,35.34353963872628,-0.113
2000,36397317,12.663219,35.7274823,-78.6962747,35.34353963872628,-0.113
2001,36397350,12.648937,35.7274823,-78.6962747,35.34353963872628,-0.113
2002,36397383,12.641754,35.7274823,-78.6962747,35.34353963872628,-0.113
2003,36397415,12.636372,35.7274823,-78.6962747,35.34353963872628,-0.113
2004,36397448,12.633095,35.7274823,-78.6962747,35.34353963872628,-0.113
2005,36397481,12.637756,35.7274823,-78.6962747,35.34353963872628,-0.113
2006,36397514,12.649307,35.7274823,-78.6962747,35.34353963872628,-0.113
2007,36397546,12.65625,35.7274823,-78.6962747,35.34353963872628,-0.113
2008,36397579,12.694996,35.7274823,-78.6962747,35.34353963872628,-0.113
2009,36397612,12.686691,35.7274823,-78.6962747,35.34353963872628,-0.113
2010,36397645,12.678833,35.7274823,-78.6962747,35.34353963872628,-0.113
2011,36397677,12.673878,35.7274823,-78.6962747,35.34353963872628,-0.113
2012,36397710,12.6703,35.7274823,-78.6962747,35.34353963872628,-0.113
2013,36397743,12.668884,35.7274823,-78.6962747,35.34353963872628,-0.113
2014,36397776,12.673649,35.7274823,-78.6962747,35.34353963872628,-0.113
2015,36397811,12.690105,35.7274823,-78.6962747,35.34353963872628,-0.113
2016,36397843,12.700626,35.7274823,-78.6962747,35.34353963872628,-0.113
2017,36397877,12.66301,35.7274823,-78.6962747,35.34353963872628,-0.113
2018,36397909,12.668339,35.7274823,-78.6962747,35.34353963872628,-0.113
2019,36397942,12.687481,35.7274823,-78.6962747,35.34353963872628,-0.113
2020,36397974,12.698715,35.7274823,-78.6962747,35.34353963872628,-0.113
2021,36398007,12.704933,35.7274823,-78.6962747,35.34353963872628,-0.113
2022,36398040,12.709408,35.7274823,-78.6962747,35.34353963872628,-0.113
2023,36398073,12.706081,35.7274823,-78.6962747,35.34353963872628,-0.113
2024,36398105,12.681854,35.7274823,-78.6962747,35.34353963872628,-0.113
2025,36398139,12.665157,35.7274823,-78.6962747,35.34353963872628,-0.113
2026,36398171,12.654949,35.7274823,-78.6962747,35.34353963872628,-0.113
2027,36398204,12.648693,35.7274823,-78.6962747,35.34353963872628,-0.113
2028,36398236,12.643833,35.7274823,-78.6962747,35.34353963872628,-0.113
2029,36398269,12.414234,35.7274823,-78.6962747,35.34353963872628,-0.113
2030,36398302,12.301472,35.7274823,-78.6962747,35.34353963872628,-0.113
2031,36398335,12.433708,35.7274823,-78.6962747,35.34353963872628,-0.113
2032,36398367,12.51268,35.7274823,-78.6962747,35.34353963872628,-0.113
2033,36398400,12.561863,35.7274823,-78.6962747,35.34353963872628,-0.113
2034,36398433,12.59161,35.7274823,-78.6962747,35.34353963872628,-0.113
2035,36398466,12.59111,35.7274823,-78.6962747,35.34353963872628,-0.113
2036,36398498,12.43911,35.7274823,-78.6962747,35.34353963872628,-0.113
2037,36398531,12.304291,35.7274823,-78.6962747,35.34353963872628,-0.113
2038,36398564,12.062641,35.7274823,-78.6962747,35.34353963872628,-0.113
2039,36398597,11.740604,35.7274823,-78.6962747,35.34353963872628,-0.113
2040,36398629,11.868927,35.7274823,-78.6962747,35.34353963872628,-0.113
2041,36398662,11.949562,35.7274823,-78.6962747,35.34353963872628,-0.113
2042,36398695,12.000603,35.7274823,-78.6962747,35.34353963872628,-0.113
2043,36398728,12.033157,35.7274823,-78.6962747,35.34353963872628,-0.113
2044,36398760,12.052559,35.7274823,-78.6962747,35.34353963872628,-0.113
2045,36398793,11.913013,35.7274823,-78.6962747,35.34353963872628,-0.113
2046,36398826,11.744293,35.7274823,-78.6962747,35.34353963872628,-0.113
2047,36398859,11.587933,35.7274823,-78.6962747,35.34353963872628,-0.113
2048,36398891,11.064274,35.7274823,-78.6962747,35.34353963872628,-0.113
2049,36398924,11.205261,35.7274823,-78.6962747,35.34353963872628,-0.113
2050,36398957,11.296825,35.7274823,-78.6962747,35.34353963872628,-0.113
2051,36398990,11.357697,35.7274823,-78.6962747,35.34353963872628,-0.113
2052,36399022,11.398109,35.7274823,-78.6962747,35.34353963872628,-0.113
2053,36399055,11.422443,35.7274823,-78.6962747,35.34353963872628,-0.113
2054,36399088,11.319477,35.7274823,-78.6962747,35.34353963872628,-0.113
2055,36399121,11.143799,35.7274823,-78.6962747,35.34353963872628,-0.113
2056,36399153,11.025009,35.7274823,-78.6962747,35.34353963872628,-0.113
2057,36399186,10.945156,35.7274823,-78.6962747,35.34353963872628,-0.113
2058,36399219,10.89838,35.7274823,-78.6962747,35.34353963872628,-0.113
2059,36399252,10.865791,35.7274823,-78.6962747,35.34353963872628,-0.113
2060,36399284,10.641083,35.7274823,-78.6962747,35.34353963872628,-0.113
2061,36399317,10.680878,35.7274823,-78.6962747,35.34353963872628,-0.113
2062,36399350,10.722851,35.7274823,-78.6962747,35.34353963872628,-0.113
2063,36399383,10.748653,35.7274823,-78.6962747,35.34353963872628,-0.113
2064,36399415,10.766724,35.7274823,-78.6962747,35.34353963872628,-0.113
2065,36399448,10.779339,35.7274823,-78.6962747,35.34353963872628,-0.113
2066,36399481,10.757721,35.7274823,-78.6962747,35.34353963872628,-0.113
2067,36399514,10.686207,35.7274823,-78.6962747,35.34353963872628,-0.113
2068,36399546,10.63483,35.7274823,-78.6962747,35.34353963872628,-0.113
2069,36399579,10.041527,35.7274823,-78.6962747,35.34353963872628,-0.113
2070,36399612,10.02467,35.7274823,-78.6962747,35.34353963872628,-0.113
2071,36399645,10.184544,35.7274823,-78.6962747,35.34353963872628,-0.113
2072,36399677,10.294441,35.7274823,-78.6962747,35.34353963872628,-0.113
2073,36399710,10.370972,35.7274823,-78.6962747,35.34353963872628,-0.113
2074,36399743,10.423248,35.7274823,-78.6962747,35.34353963872628,-0.113
2075,36399776,10.4039345,35.7274823,-78.6962747,35.34353963872628,-0.113
2076,36399809,10.146286,35.7274823,-78.6962747,35.34353963872628,-0.113
2077,36399841,10.023357,35.7274823,-78.6962747,35.34353963872628,-0.113
2078,36399874,8.896877,35.7274823,-78.6962747,35.34353963872628,-0.113
2079,36399909,8.516769,35.7274823,-78.6962747,35.34353963872628,-0.113
2080,36399941,8.8158,35.7274823,-78.6962747,35.34353963872628,-0.113
2081,36399974,9.035084,35.7274823,-78.6962747,35.34353963872628,-0.113
2082,36400007,9.19162,35.7274823,-78.6962747,35.34353963872628,-0.113
2083,36400040,9.30764,35.7274823,-78.6962747,35.34353963872628,-0.113
2084,36400072,9.337528,35.7274823,-78.6962747,35.34353963872628,-0.113
2085,36400105,8.966541,35.7274823,-78.6962747,35.34353963872628,-0.113
2086,36400138,8.6504135,35.7274823,-78.6962747,35.34353963872628,-0.113
2087,36400171,8.408966,35.7274823,-78.6962747,35.34353963872628,-0.113
2088,36400203,8.246662,35.7274823,-78.6962747,35.34353963872628,-0.113
2089,36400236,8.129761,35.7274823,-78.6962747,35.34353963872628,-0.113
2090,36400269,7.694622,35.7274823,-78.6962747,35.34353963872628,-0.113
2091,36400302,7.068447,35.7274823,-78.6962747,35.34353963872628,-0.113
2092,36400334,7.238903,35.7274823,-78.6962747,35.34353963872628,-0.113
2093,36400367,7.3651733,35.7274823,-78.6962747,35.34353963872628,-0.113
2094,36400400,7.4605904,35.7274823,-78.6962747,35.34353963872628,-0.113
2095,36400433,7.533779,35.7274823,-78.6962747,35.34353963872628,-0.113
2096,36400465,7.587757,35.7274823,-78.6962747,35.34353963872628,-0.113
2097,36400498,7.44273,35.7274823,-78.6962747,35.34353963872628,-0.113
2098,36400531,7.2439575,35.7274823,-78.6962747,35.34353963872628,-0.113
2099,36400564,7.0446587,35.7274823,-78.6962747,35.34353963872628,-0.113
2100,36400596,6.769726,35.7274823,-78.6962747,35.34353963872628,-0.113
2101,36400629,6.740074,35.7274823,-78.6962747,35.34353963872628,-0.113
2102,36400662,6.716137,35.7274823,-78.6962747,35.34353963872628,-0.113
2103,36400695,6.7002144,35.7274823,-78.6962747,35.34353963872628,-0.113
2104,36400727,6.688881,35.7274823,-78.6962747,35.34353963872628,-0.113
2105,36400760,6.679676,35.7274823,-78.6962747,35.34353963872628,-0.113
2106,36400793,6.631321,35.7274823,-78.6962747,35.34353963872628,-0.113
2107,36400826,6.576626,35.7274823,-78.6962747,35.34353963872628,-0.113
2108,36400859,6.5018425,35.7274823,-78.6962747,35.34353963872628,-0.113
2109,36400891,5.8548584,35.7274823,-78.6962747,35.34353963872628,-0.113
2110,36400924,5.962593,35.7274823,-78.6962747,35.34353963872628,-0.113
2111,36400957,6.0487175,35.7274823,-78.6962747,35.34353963872628,-0.113
2112,36400989,6.1162415,35.7274823,-78.6962747,35.34353963872628,-0.113
2113,36401022,6.169407,35.7274823,-78.6962747,35.34353963872628,-0.113
2114,36401055,6.2110367,35.7274823,-78.6962747,35.34353963872628,-0.113
2115,36401088,6.1807327,35.7274823,-78.6962747,35.34353963872628,-0.113
2116,36401120,6.0677757,35.7274823,-78.6962747,35.34353963872628,-0.113
2117,36401153,5.9723244,35.7274823,-78.6962747,35.34353963872628,-0.113
2118,36401186,5.9074326,35.7274823,-78.6962747,35.34353963872628,-0.113
2119,36401219,5.8540764,35.7274823,-78.6962747,35.34353963872628,-0.113
2120,36401251,5.8099136,35.7274823,-78.6962747,35.34353963872628,-0.113
2121,36401284,5.5606155,35.7274823,-78.6962747,35.34353963872628,-0.113
2122,36401317,5.5446663,35.7274823,-78.6962747,35.34353963872628,-0.113
2123,36401350,5.5656776,35.7274823,-78.6962747,35.34353963872628,-0.113
2124,36401383,5.5814285,35.7274823,-78.6962747,35.34353963872628,-0.113
2125,36401415,5.593479,35.7274823,-78.6962747,35.34353963872628,-0.113
2126,36401448,5.6045914,35.7274823,-78.6962747,35.34353963872628,-0.113
2127,36401481,5.5981445,35.7274823,-78.6962747,35.34353963872628,-0.113
2128,36401513,5.5531044,35.7274823,-78.6962747,35.34353963872628,-0.113
2129,36401546,5.515274,35.7274823,-78.6962747,35.34353963872628,-0.113
2130,36401579,5.189556,35.7274823,-78.6962747,35.34353963872628,-0.113
2131,36401612,5.0868683,35.7274823,-78.6962747,35.34353963872628,-0.113
2132,36401644,5.1412697,35.7274823,-78.6962747,35.34353963872628,-0.113
2133,36401677,5.1848717,35.7274823,-78.6962747,35.34353963872628,-0.113
2134,36401710,5.2199135,35.7274823,-78.6962747,35.34353963872628,-0.113
2135,36401743,5.249634,35.7274823,-78.6962747,35.34353963872628,-0.113
2136,36401776,5.2557526,35.7274823,-78.6962747,35.34353963872628,-0.113
2137,36401808,5.1956406,35.7274823,-78.6962747,35.34353963872628,-0.113
2138,36401841,5.136284,35.7274823,-78.6962747,35.34353963872628,-0.113
2139,36401874,4.4953537,35.7274823,-78.6962747,35.34353963872628,-0.113
2140,36401907,3.8491974,35.7274823,-78.6962747,35.34353963872628,-0.113
2141,36401939,4.0279846,35.7274823,-78.6962747,35.34353963872628,-0.113
2142,36401972,4.1732063,35.7274823,-78.6962747,35.34353963872628,-0.113
2143,36402007,4.292164,35.7274823,-78.6962747,35.34353963872628,-0.113
2144,36402040,4.3897896,35.7274823,-78.6962747,35.34353963872628,-0.113
2145,36402072,4.458786,35.7274823,-78.6962747,35.34353963872628,-0.113
2146,36402105,4.3334236,35.7274823,-78.6962747,35.34353963872628,-0.113
2147,36402138,4.1689796,35.7274823,-78.6962747,35.34353963872628,-0.113
2148,36402171,4.0400887,35.7274823,-78.6962747,35.34353963872628,-0.113
2149,36402203,3.941887,35.7274823,-78.6962747,35.34353963872628,-0.113
2150,36402236,3.8559608,35.7274823,-78.6962747,35.34353963872628,-0.113
2151,36402269,3.8700867,35.7274823,-78.6962747,35.34353963872628,-0.113
2152,36402302,4.0180435,35.7274823,-78.6962747,35.34353963872628,-0.113
2153,36402334,3.9223442,35.7274823,-78.6962747,35.34353963872628,-0.113
2154,36402367,3.8418617,35.7274823,-78.6962747,35.34353963872628,-0.113
2155,36402400,3.7742615,35.7274823,-78.6962747,35.34353963872628,-0.113
2156,36402433,3.7194939,35.7274823,-78.6962747,35.34353963872628,-0.113
2157,36402465,3.6753502,35.7274823,-78.6962747,35.34353963872628,-0.113
2158,36402498,3.6714058,35.7274823,-78.6962747,35.34353963872628,-0.113
2159,36402531,3.6923218,35.7274823,-78.6962747,35.34353963872628,-0.113
2160,36402564,3.685337,35.7274823,-78.6962747,35.34353963872628,-0.113
2161,36402596,3.4832916,35.7274823,-78.6962747,35.34353963872628,-0.113
2162,36402629,3.5330276,35.7274823,-78.6962747,35.34353963872628,-0.113
2163,36402662,3.574707,35.7274823,-78.6962747,35.34353963872628,-0.113
2164,36402695,3.6110268,35.7274823,-78.6962747,35.34353963872628,-0.113
2165,36402727,3.6401176,35.7274823,-78.6962747,35.34353963872628,-0.113
2166,36402760,3.6644783,35.7274823,-78.6962747,35.34353963872628,-0.113
2167,36402793,3.6638222,35.7274823,-78.6962747,35.34353963872628,-0.113
2168,36402826,3.643608,35.7274823,-78.6962747,35.34353963872628,-0.113
2169,36402858,3.6216202,35.7274823,-78.6962747,35.34353963872628,-0.113
2170,36402891,4.0433235,35.7274823,-78.6962747,35.34353963872628,-0.113
2171,36402924,3.9670296,35.7274823,-78.6962747,35.34353963872628,-0.113
2172,36402957,3.8915749,35.7274823,-78.6962747,35.34353963872628,-0.113
2173,36402989,3.8267746,35.7274823,-78.6962747,35.34353963872628,-0.113
2174,36403022,3.7749748,35.7274823,-78.6962747,35.34353963872628,-0.113
2175,36403055,3.7299576,35.7274823,-78.6962747,35.34353963872628,-0.113
2176,36403088,3.722622,35.7274823,-78.6962747,35.34353963872628,-0.113
2177,36403120,3.7698174,35.7274823,-78.6962747,35.34353963872628,-0.113
2178,36403153,3.8134117,35.7274823,-78.6962747,35.34353963872628,-0.113
2179,36403186,3.8445702,35.7274823,-78.6962747,35.34353963872628,-0.113
2180,36403219,3.8721924,35.7274823,-78.6962747,35.34353963872628,-0.113
2181,36403251,3.8957481,35.7274823,-78.6962747,35.34353963872628,-0.113
2182,36403284,3.744423,35.7274823,-78.6962747,35.34353963872628,-0.113
2183,36403317,3.7284584,35.7274823,-78.6962747,35.34353963872628,-0.113
2184,36403350,3.777214,35.7274823,-78.6962747,35.34353963872628,-0.113
2185,36403382,3.8189125,35.7274823,-78.6962747,35.34353963872628,-0.113
2186,36403415,3.8540955,35.7274823,-78.6962747,35.34353963872628,-0.113
2187,36403448,3.882431,35.7274823,-78.6962747,35.34353963872628,-0.113
2188,36403481,3.899231,35.7274823,-78.6962747,35.34353963872628,-0.113
2189,36403513,3.8791122,35.7274823,-78.6962747,35.34353963872628,-0.113
2190,36403546,3.859249,35.7274823,-78.6962747,35.34353963872628,-0.113
2191,36403579,3.6992226,35.7274823,-78.6962747,35.34353963872628,-0.113
2192,36403612,3.618599,35.7274823,-78.6962747,35.34353963872628,-0.113
2193,36403644,3.6396866,35.7274823,-78.6962747,35.34353963872628,-0.113
2194,36403677,3.6573906,35.7274823,-78.6962747,35.34353963872628,-0.113
2195,36403710,3.6734505,35.7274823,-78.6962747,35.34353963872628,-0.113
2196,36403743,3.6871643,35.7274823,-78.6962747,35.34353963872628,-0.113
2197,36403775,3.691059,35.7274823,-78.6962747,35.34353963872628,-0.113
2198,36403808,3.6696434,35.7274823,-78.6962747,35.34353963872628,-0.113
2199,36403841,3.6416473,35.7274823,-78.6962747,35.34353963872628,-0.113
2200,36403874,3.8254013,35.7274823,-78.6962747,35.34353963872628,-0.113
2201,36403906,4.06987,35.7274823,-78.6962747,35.34353963872628,-0.113
2202,36403939,3.9730263,35.7274823,-78.6962747,35.34353963872628,-0.113
2203,36403972,3.8927689,35.7274823,-78.6962747,35.34353963872628,-0.113
2204,36404005,3.8257408,35.7274823,-78.6962747,35.34353963872628,-0.113
2205,36404037,3.7707176,35.7274823,-78.6962747,35.34353963872628,-0.113
2206,36404070,3.7268028,35.7274823,-78.6962747,35.34353963872628,-0.113
2207,36404105,3.756813,35.7274823,-78.6962747,35.34353963872628,-0.113
2208,36404138,3.8114662,35.7274823,-78.6962747,35.34353963872628,-0.113
2209,36404170,3.8507385,35.7274823,-78.6962747,35.34353963872628,-0.113
2210,36404203,3.8838158,35.7274823,-78.6962747,35.34353963872628,-0.113
2211,36404236,3.9129333,35.7274823,-78.6962747,35.34353963872628,-0.113
2212,36404269,4.0753174,35.7274823,-78.6962747,35.34353963872628,-0.113
2213,36404301,4.5449524,35.7274823,-78.6962747,35.34353963872628,-0.113
2214,36404334,4.4561577,35.7274823,-78.6962747,35.34353963872628,-0.113
2215,36404367,4.382473,35.7274823,-78.6962747,35.34353963872628,-0.113
2216,36404400,4.3228874,35.7274823,-78.6962747,35.34353963872628,-0.113
2217,36404432,4.2738914,35.7274823,-78.6962747,35.34353963872628,-0.113
2218,36404465,4.2345543,35.7274823,-78.6962747,35.34353963872628,-0.113
2219,36404498,4.277855,35.7274823,-78.6962747,35.34353963872628,-0.113
2220,36404531,4.3582306,35.7274823,-78.6962747,35.34353963872628,-0.113
2221,36404563,4.4166985,35.7274823,-78.6962747,35.34353963872628,-0.113
2222,36404596,4.2778015,35.7274823,-78.6962747,35.34353963872628,-0.113
2223,36404629,4.3644447,35.7274823,-78.6962747,35.34353963872628,-0.113
2224,36404662,4.4315376,35.7274823,-78.6962747,35.34353963872628,-0.113
2225,36404694,4.487034,35.7274823,-78.6962747,35.34353963872628,-0.113
2226,36404727,4.5346184,35.7274823,-78.6962747,35.34353963872628,-0.113
2227,36404760,4.5739403,35.7274823,-78.6962747,35.34353963872628,-0.113
2228,36404793,4.5859337,35.7274823,-78.6962747,35.34353963872628,-0.113
2229,36404825,4.572624,35.7274823,-78.6962747,35.34353963872628,-0.113
2230,36404858,4.560951,35.7274823,-78.6962747,35.34353963872628,-0.113
2231,36404891,4.899811,35.7274823,-78.6962747,35.34353963872628,-0.113
2232,36404924,4.860359,35.7274823,-78.6962747,35.34353963872628,-0.113
2233,36404956,4.7931633,35.7274823,-78.6962747,35.34353963872628,-0.113
2234,36404989,4.7389565,35.7274823,-78.6962747,35.34353963872628,-0.113
2235,36405022,4.693657,35.7274823,-78.6962747,35.34353963872628,-0.113
2236,36405055,4.6584244,35.7274823,-78.6962747,35.34353963872628,-0.113
2237,36405087,4.652443,35.7274823,-78.6962747,35.34353963872628,-0.113
2238,36405120,4.706089,35.7274823,-78.6962747,35.34353963872628,-0.113
2239,36405153,4.7473335,35.7274823,-78.6962747,35.34353963872628,-0.113
2240,36405186,4.782158,35.7274823,-78.6962747,35.34353963872628,-0.113
2241,36405218,4.811455,35.7274823,-78.6962747,35.34353963872628,-0.113
2242,36405251,4.835758,35.7274823,-78.6962747,35.34353963872628,-0.113
2243,36405284,4.7118645,35.7274823,-78.6962747,35.34353963872628,-0.113
2244,36405317,4.6850967,35.7274823,-78.6962747,35.34353963872628,-0.113
2245,36405349,4.7330933,35.7274823,-78.6962747,35.34353963872628,-0.113
2246,36405382,4.7713547,35.7274823,-78.6962747,35.34353963872628,-0.113
2247,36405415,4.8012657,35.7274823,-78.6962747,35.34353963872628,-0.113
2248,36405448,4.826412,35.7274823,-78.6962747,35.34353963872628,-0.113
2249,36405480,4.8396454,35.7274823,-78.6962747,35.34353963872628,-0.113
2250,36405513,4.8198853,35.7274823,-78.6962747,35.34353963872628,-0.113
2251,36405546,4.7980804,35.7274823,-78.6962747,35.34353963872628,-0.113
2252,36405579,4.6899986,35.7274823,-78.6962747,35.34353963872628,-0.113
2253,36405612,4.5882454,35.7274823,-78.6962747,35.34353963872628,-0.113
2254,36405644,4.6094666,35.7274823,-78.6962747,35.34353963872628,-0.113
2255,36405677,4.625004,35.7274823,-78.6962747,35.34353963872628,-0.113
2256,36405710,4.638592,35.7274823,-78.6962747,35.34353963872628,-0.113
2257,36405742,4.6511307,35.7274823,-78.6962747,35.34353963872628,-0.113
2258,36405775,4.6595078,35.7274823,-78.6962747,35.34353963872628,-0.113
2259,36405808,4.637989,35.7274823,-78.6962747,35.34353963872628,-0.113
2260,36405841,4.611553,35.7274823,-78.6962747,35.34353963872628,-0.113
2261,36405873,4.521805,35.7274823,-78.6962747,35.34353963872628,-0.113
2262,36405906,4.3864365,35.7274823,-78.6962747,35.34353963872628,-0.113
2263,36405939,4.4036026,35.7274823,-78.6962747,35.34353963872628,-0.113
2264,36405972,4.4170113,35.7274823,-78.6962747,35.34353963872628,-0.113
2265,36406004,4.4280205,35.7274823,-78.6962747,35.34353963872628,-0.113
2266,36406037,4.4386826,35.7274823,-78.6962747,35.34353963872628,-0.113
2267,36406070,4.4466057,35.7274823,-78.6962747,35.34353963872628,-0.113
2268,36406103,4.4270363,35.7274823,-78.6962747,35.34353963872628,-0.113
2269,36406135,4.4003334,35.7274823,-78.6962747,35.34353963872628,-0.113
2270,36406168,4.3786774,35.7274823,-78.6962747,35.34353963872628,-0.113
2271,36406203,4.359833,35.7274823,-78.6962747,35.34353963872628,-0.113
2272,36406236,4.343853,35.7274823,-78.6962747,35.34353963872628,-0.113
2273,36406269,4.3778496,35.7274823,-78.6962747,35.34353963872628,-0.113
2274,36406301,4.8965454,35.7274823,-78.6962747,35.34353963872628,-0.113
2275,36406334,4.780365,35.7274823,-78.6962747,35.34353963872628,-0.113
2276,36406367,4.683586,35.7274823,-78.6962747,35.34353963872628,-0.113
2277,36406400,4.6054,35.7274823,-78.6962747,35.34353963872628,-0.113
2278,36406432,4.5424347,35.7274823,-78.6962747,35.34353963872628,-0.113
2279,36406465,4.491249,35.7274823,-78.6962747,35.34353963872628,-0.113
2280,36406498,4.5042305,35.7274823,-78.6962747,35.34353963872628,-0.113
2281,36406531,4.5778046,35.7274823,-78.6962747,35.34353963872628,-0.113
2282,36406563,4.641979,35.7274823,-78.6962747,35.34353963872628,-0.113
2283,36406596,4.549473,35.7274823,-78.6962747,35.34353963872628,-0.113
2284,36406629,4.6109657,35.7274823,-78.6962747,35.34353963872628,-0.113
2285,36406662,4.6679916,35.7274823,-78.6962747,35.34353963872628,-0.113
2286,36406694,4.7158813,35.7274823,-78.6962747,35.34353963872628,-0.113
2287,36406727,4.756733,35.7274823,-78.6962747,35.34353963872628,-0.113
2288,36406760,4.7849274,35.7274823,-78.6962747,35.34353963872628,-0.113
2289,36406793,4.8006477,35.7274823,-78.6962747,35.34353963872628,-0.113
2290,36406825,4.7904396,35.7274823,-78.6962747,35.34353963872628,-0.113
2291,36406858,4.7819214,35.7274823,-78.6962747,35.34353963872628,-0.113
2292,36406891,4.6623535,35.7274823,-78.6962747,35.34353963872628,-0.113
2293,36406924,4.6474724,35.7274823,-78.6962747,35.34353963872628,-0.113
2294,36406956,4.6657906,35.7274823,-78.6962747,35.34353963872628,-0.113
2295,36406989,4.6804085,35.7274823,-78.6962747,35.34353963872628,-0.113
2296,36407022,4.693161,35.7274823,-78.6962747,35.34353963872628,-0.113
2297,36407055,4.7029305,35.7274823,-78.6962747,35.34353963872628,-0.113
2298,36407087,4.7050858,35.7274823,-78.6962747,35.34353963872628,-0.113
2299,36407120,4.6852493,35.7274823,-78.6962747,35.34353963872628,-0.113
2300,36407153,4.6677475,35.7274823,-78.6962747,35.34353963872628,-0.113
2301,36407186,4.6526604,35.7274823,-78.6962747,35.34353963872628,-0.113
2302,36407218,4.639431,35.7274823,-78.6962747,35.34353963872628,-0.113
2303,36407251,4.6308746,35.7274823,-78.6962747,35.34353963872628,-0.113
2304,36407284,4.6226616,35.7274823,-78.6962747,35.34353963872628,-0.113
2305,36407317,4.616127,35.7274823,-78.6962747,35.34353963872628,-0.113
2306,36407349,4.610985,35.7274823,-78.6962747,35.34353963872628,-0.113
2307,36407382,4.606266,35.7274823,-78.6962747,35.34353963872628,-0.113
2308,36407415,4.6036263,35.7274823,-78.6962747,35.34353963872628,-0.113
2309,36407448,4.6017036,35.7274823,-78.6962747,35.34353963872628,-0.113
2310,36407480,4.5990562,35.7274823,-78.6962747,35.34353963872628,-0.113
2311,36407513,4.59729,35.7274823,-78.6962747,35.34353963872628,-0.113
2312,36407546,4.594677,35.7274823,-78.6962747,35.34353963872628,-0.113
2313,36407579,4.5095787,35.7274823,-78.6962747,35.34353963872628,-0.113
2314,36407611,4.389187,35.7274823,-78.6962747,35.34353963872628,-0.113
2315,36407644,4.4230156,35.7274823,-78.6962747,35.34353963872628,-0.113
2316,36407677,4.453312,35.7274823,-78.6962747,35.34353963872628,-0.113
2317,36407710,4.4776344,35.7274823,-78.6962747,35.34353963872628,-0.113
2318,36407742,4.497837,35.7274823,-78.6962747,35.34353963872628,-0.113
2319,36407775,4.5126457,35.7274823,-78.6962747,35.34353963872628,-0.113
2320,36407808,4.4952736,35.7274823,-78.6962747,35.34353963872628,-0.113
2321,36407841,4.469116,35.7274823,-78.6962747,35.34353963872628,-0.113
2322,36407873,4.427475,35.7274823,-78.6962747,35.34353963872628,-0.113
2323,36407906,4.354187,35.7274823,-78.6962747,35.34353963872628,-0.113
2324,36407939,4.3525047,35.7274823,-78.6962747,35.34353963872628,-0.113
2325,36407972,4.351383,35.7274823,-78.6962747,35.34353963872628,-0.113
2326,36408004,4.3510284,35.7274823,-78.6962747,35.34353963872628,-0.113
2327,36408037,4.349594,35.7274823,-78.6962747,35.34353963872628,-0.113
2328,36408070,4.3474083,35.7274823,-78.6962747,35.34353963872628,-0.113
2329,36408103,4.3373528,35.7274823,-78.6962747,35.34353963872628,-0.113
2330,36408136,4.3235626,35.7274823,-78.6962747,35.34353963872628,-0.113
2331,36408168,4.310875,35.7274823,-78.6962747,35.34353963872628,-0.113
2332,36408201,4.299942,35.7274823,-78.6962747,35.34353963872628,-0.113
2333,36408234,4.292465,35.7274823,-78.6962747,35.34353963872628,-0.113
2334,36408267,4.263237,35.7274823,-78.6962747,35.34353963872628,-0.113
2335,36408301,2.2672958,35.7274823,-78.6962747,35.34353963872628,-0.113
2336,36408334,2.5779,35.7274823,-78.6962747,35.34353963872628,-0.113
2337,36408367,2.83638,35.7274823,-78.6962747,35.34353963872628,-0.113
2338,36408400,3.0517426,35.7274823,-78.6962747,35.34353963872628,-0.113
2339,36408432,3.2324753,35.7274823,-78.6962747,35.34353963872628,-0.113
2340,36408465,3.3850632,35.7274823,-78.6962747,35.34353963872628,-0.113
2341,36408498,3.3829803,35.7274823,-78.6962747,35.34353963872628,-0.113
2342,36408530,3.1717796,35.7274823,-78.6962747,35.34353963872628,-0.113
2343,36408563,2.9790993,35.7274823,-78.6962747,35.34353963872628,-0.113
2344,36408596,2.8088531,35.7274823,-78.6962747,35.34353963872628,-0.113
2345,36408629,2.6895256,35.7274823,-78.6962747,35.34353963872628,-0.113
2346,36408661,2.5909576,35.7274823,-78.6962747,35.34353963872628,-0.113
2347,36408694,2.508625,35.7274823,-78.6962747,35.34353963872628,-0.113
2348,36408727,2.4450111,35.7274823,-78.6962747,35.34353963872628,-0.113
2349,36408760,2.3880463,35.7274823,-78.6962747,35.34353963872628,-0.113
2350,36408792,2.337799,35.7274823,-78.6962747,35.34353963872628,-0.113
2351,36408825,2.2900734,35.7274823,-78.6962747,35.34353963872628,-0.113
2352,36408858,2.2506065,35.7274823,-78.6962747,35.34353963872628,-0.113
2353,36408891,2.1941566,35.7274823,-78.6962747,35.34353963872628,-0.113
2354,36408924,2.1579437,35.7274823,-78.6962747,35.34353963872628,-0.113
2355,36408956,2.138691,35.7274823,-78.6962747,35.34353963872628,-0.113
2356,36408989,2.1214714,35.7274823,-78.6962747,35.34353963872628,-0.113
2357,36409022,2.1078033,35.7274823,-78.6962747,35.34353963872628,-0.113
2358,36409054,2.094101,35.7274823,-78.6962747,35.34353963872628,-0.113
2359,36409087,2.0839615,35.7274823,-78.6962747,35.34353963872628,-0.113
2360,36409120,2.0699959,35.7274823,-78.6962747,35.34353963872628,-0.113
2361,36409153,2.0579224,35.7274823,-78.6962747,35.34353963872628,-0.113
2362,36409186,2.0478134,35.7274823,-78.6962747,35.34353963872628,-0.113
2363,36409218,2.0393562,35.7274823,-78.6962747,35.34353963872628,-0.113
2364,36409251,2.0313148,35.7274823,-78.6962747,35.34353963872628,-0.113
2365,36409284,2.0154724,35.7274823,-78.6962747,35.34353963872628,-0.113
2366,36409317,2.0006256,35.7274823,-78.6962747,35.34353963872628,-0.113
2367,36409349,1.9985161,35.7274823,-78.6962747,35.34353963872628,-0.113
2368,36409382,1.9956245,35.7274823,-78.6962747,35.34353963872628,-0.113
2369,36409415,1.9933739,35.7274823,-78.6962747,35.34353963872628,-0.113
2370,36409448,1.9923134,35.7274823,-78.6962747,35.34353963872628,-0.113
2371,36409481,1.9906731,35.7274823,-78.6962747,35.34353963872628,-0.113
2372,36409513,1.9860497,35.7274823,-78.6962747,35.34353963872628,-0.113
2373,36409547,1.9841805,35.7274823,-78.6962747,35.34353963872628,-0.113
2374,36409579,1.9786987,35.7274823,-78.6962747,35.34353963872628,-0.113
2375,36409611,1.9706306,35.7274823,-78.6962747,35.34353963872628,-0.113
2376,36409644,1.969883,35.7274823,-78.6962747,35.34353963872628,-0.113
2377,36409677,1.9699059,35.7274823,-78.6962747,35.34353963872628,-0.113
2378,36409710,1.9674644,35.7274823,-78.6962747,35.34353963872628,-0.113
2379,36409742,1.9665718,35.7274823,-78.6962747,35.34353963872628,-0.113
2380,36409775,1.9666557,35.7274823,-78.6962747,35.34353963872628,-0.113
2381,36409808,1.9658012,35.7274823,-78.6962747,35.34353963872628,-0.113
2382,36409841,1.9639053,35.7274823,-78.6962747,35.34353963872628,-0.113
2383,36409874,1.8566055,35.7274823,-78.6962747,35.34353963872628,-0.113
2384,36409906,1.10186,35.7274823,-78.6962747,35.34353963872628,-0.113
2385,36409939,1.215477,35.7274823,-78.6962747,35.34353963872628,-0.113
2386,36409972,1.3120003,35.7274823,-78.6962747,35.34353963872628,-0.113
2387,36410005,1.3952827,35.7274823,-78.6962747,35.34353963872628,-0.113
2388,36410037,1.467598,35.7274823,-78.6962747,35.34353963872628,-0.113
2389,36410070,1.5301399,35.7274823,-78.6962747,35.34353963872628,-0.113
2390,36410103,1.5247383,35.7274823,-78.6962747,35.34353963872628,-0.113
2391,36410136,1.4596672,35.7274823,-78.6962747,35.34353963872628,-0.113
2392,36410169,1.3932381,35.7274823,-78.6962747,35.34353963872628,-0.113
2393,36410201,1.3457794,35.7274823,-78.6962747,35.34353963872628,-0.113
2394,36410234,1.3033524,35.7274823,-78.6962747,35.34353963872628,-0.113
2395,36410266,1.264492,35.7274823,-78.6962747,35.34353963872628,-0.113
2396,36410299,1.2447968,35.7274823,-78.6962747,35.34353963872628,-0.113
2397,36410332,1.2183952,35.7274823,-78.6962747,35.34353963872628,-0.113
2398,36410365,1.1924744,35.7274823,-78.6962747,35.34353963872628,-0.113
2399,36410400,1.1684761,35.7274823,-78.6962747,35.34353963872628,-0.113
2400,36410432,1.1488228,35.7274823,-78.6962747,35.34353963872628,-0.113
2401,36410465,1.1332626,35.7274823,-78.6962747,35.34353963872628,-0.113
2402,36410498,1.120163,35.7274823,-78.6962747,35.34353963872628,-0.113
2403,36410531,1.1072083,35.7274823,-78.6962747,35.34353963872628,-0.113
2404,36410563,1.0989723,35.7274823,-78.6962747,35.34353963872628,-0.113
2405,36410596,1.1108856,35.7274823,-78.6962747,35.34353963872628,-0.113
2406,36410629,1.1058578,35.7274823,-78.6962747,35.34353963872628,-0.113
2407,36410662,1.0961723,35.7274823,-78.6962747,35.34353963872628,-0.113
2408,36410695,1.0879211,35.7274823,-78.6962747,35.34353963872628,-0.113
2409,36410727,1.0811577,35.7274823,-78.6962747,35.34353963872628,-0.113
2410,36410760,1.0761681,35.7274823,-78.6962747,35.34353963872628,-0.113
2411,36410793,1.0704346,35.7274823,-78.6962747,35.34353963872628,-0.113
2412,36410825,1.0694351,35.7274823,-78.6962747,35.34353963872628,-0.113
2413,36410858,1.067913,35.7274823,-78.6962747,35.34353963872628,-0.113
2414,36410891,1.1716805,35.7274823,-78.6962747,35.34353963872628,-0.113
2415,36410924,1.2141724,35.7274823,-78.6962747,35.34353963872628,-0.113
2416,36410956,1.1941452,35.7274823,-78.6962747,35.34353963872628,-0.113
2417,36410989,1.1762848,35.7274823,-78.6962747,35.34353963872628,-0.113
2418,36411022,1.1610069,35.7274823,-78.6962747,35.34353963872628,-0.113
2419,36411055,1.1491051,35.7274823,-78.6962747,35.34353963872628,-0.113
2420,36411087,1.1386566,35.7274823,-78.6962747,35.34353963872628,-0.113
2421,36411120,1.1480064,35.7274823,-78.6962747,35.34353963872628,-0.113
2422,36411153,1.1602402,35.7274823,-78.6962747,35.34353963872628,-0.113
2423,36411186,1.1697655,35.7274823,-78.6962747,35.34353963872628,-0.113
2424,36411218,1.1769905,35.7274823,-78.6962747,35.34353963872628,-0.113
2425,36411251,1.1846886,35.7274823,-78.6962747,35.34353963872628,-0.113
2426,36411284,1.5020676,35.7274823,-78.6962747,35.34353963872628,-0.113
2427,36411317,1.9635925,35.7274823,-78.6962747,35.34353963872628,-0.113
2428,36411349,1.8636436,35.7274823,-78.6962747,35.34353963872628,-0.113
2429,36411382,1.7769394,35.7274823,-78.6962747,35.34353963872628,-0.113
2430,36411415,1.7022934,35.7274823,-78.6962747,35.34353963872628,-0.113
2431,36411448,1.6365509,35.7274823,-78.6962747,35.34353963872628,-0.113
2432,36411481,1.583725,35.7274823,-78.6962747,35.34353963872628,-0.113
2433,36411514,1.623764,35.7274823,-78.6962747,35.34353963872628,-0.113
2434,36411546,1.682209,35.7274823,-78.6962747,35.34353963872628,-0.113
2435,36411579,1.7509003,35.7274823,-78.6962747,35.34353963872628,-0.113
2436,36411611,1.8265991,35.7274823,-78.6962747,35.34353963872628,-0.113
2437,36411644,1.8673668,35.7274823,-78.6962747,35.34353963872628,-0.113
2438,36411677,1.8971634,35.7274823,-78.6962747,35.34353963872628,-0.113
2439,36411710,1.9261131,35.7274823,-78.6962747,35.34353963872628,-0.113
2440,36411742,1.9521332,35.7274823,-78.6962747,35.34353963872628,-0.113
2441,36411775,1.9717026,35.7274823,-78.6962747,35.34353963872628,-0.113
2442,36411808,1.9912987,35.7274823,-78.6962747,35.34353963872628,-0.113
2443,36411841,2.0126114,35.7274823,-78.6962747,35.34353963872628,-0.113
2444,36411873,2.0990677,35.7274823,-78.6962747,35.34353963872628,-0.113
2445,36411906,3.009037,35.7274823,-78.6962747,35.34353963872628,-0.113
2446,36411939,2.875412,35.7274823,-78.6962747,35.34353963872628,-0.113
2447,36411972,2.7620583,35.7274823,-78.6962747,35.34353963872628,-0.113
2448,36412004,2.6664352,35.7274823,-78.6962747,35.34353963872628,-0.113
2449,36412037,2.5830345,35.7274823,-78.6962747,35.34353963872628,-0.113
2450,36412070,2.5160637,35.7274823,-78.6962747,35.34353963872628,-0.113
2451,36412103,2.526657,35.7274823,-78.6962747,35.34353963872628,-0.113
2452,36412135,2.626873,35.7274823,-78.6962747,35.34353963872628,-0.113
2453,36412168,2.7092743,35.7274823,-78.6962747,35.34353963872628,-0.113
2454,36412201,2.7841034,35.7274823,-78.6962747,35.34353963872628,-0.113
2455,36412234,2.8524704,35.7274823,-78.6962747,35.34353963872628,-0.113
2456,36412266,2.903122,35.7274823,-78.6962747,35.34353963872628,-0.113
2457,36412299,2.9754105,35.7274823,-78.6962747,35.34353963872628,-0.113
2458,36412332,3.0126534,35.7274823,-78.6962747,35.34353963872628,-0.113
2459,36412365,3.043293,35.7274823,-78.6962747,35.34353963872628,-0.113
2460,36412397,3.0642853,35.7274823,-78.6962747,35.34353963872628,-0.113
2461,36412430,3.0831223,35.7274823,-78.6962747,35.34353963872628,-0.113
2462,36412463,3.1016502,35.7274823,-78.6962747,35.34353963872628,-0.113
2463,36412498,3.1181984,35.7274823,-78.6962747,35.34353963872628,-0.113
2464,36412530,3.1349602,35.7274823,-78.6962747,35.34353963872628,-0.113
2465,36412563,3.1494331,35.7274823,-78.6962747,35.34353963872628,-0.113
2466,36412596,3.59206,35.7274823,-78.6962747,35.34353963872628,-0.113
2467,36412629,3.7071648,35.7274823,-78.6962747,35.34353963872628,-0.113
2468,36412661,3.6277046,35.7274823,-78.6962747,35.34353963872628,-0.113
2469,36412694,3.5608597,35.7274823,-78.6962747,35.34353963872628,-0.113
2470,36412727,3.5044174,35.7274823,-78.6962747,35.34353963872628,-0.113
2471,36412760,3.4584045,35.7274823,-78.6962747,35.34353963872628,-0.113
2472,36412792,3.4376907,35.7274823,-78.6962747,35.34353963872628,-0.113
2473,36412825,3.5001183,35.7274823,-78.6962747,35.34353963872628,-0.113
2474,36412858,3.5670166,35.7274823,-78.6962747,35.34353963872628,-0.113
2475,36412891,3.630188,35.7274823,-78.6962747,35.34353963872628,-0.113
2476,36412923,3.684269,35.7274823,-78.6962747,35.34353963872628,-0.113
2477,36412956,3.7193031,35.7274823,-78.6962747,35.34353963872628,-0.113
2478,36412989,3.747017,35.7274823,-78.6962747,35.34353963872628,-0.113
2479,36413022,3.7696304,35.7274823,-78.6962747,35.34353963872628,-0.113
2480,36413054,3.7881813,35.7274823,-78.6962747,35.34353963872628,-0.113
2481,36413087,3.806713,35.7274823,-78.6962747,35.34353963872628,-0.113
2482,36413120,3.8239975,35.7274823,-78.6962747,35.34353963872628,-0.113
2483,36413153,3.839058,35.7274823,-78.6962747,35.34353963872628,-0.113
2484,36413185,3.8526878,35.7274823,-78.6962747,35.34353963872628,-0.113
2485,36413218,3.864849,35.7274823,-78.6962747,35.34353963872628,-0.113
2486,36413251,3.873745,35.7274823,-78.6962747,35.34353963872628,-0.113
2487,36413284,3.8735123,35.7274823,-78.6962747,35.34353963872628,-0.113
2488,36413316,3.8620224,35.7274823,-78.6962747,35.34353963872628,-0.113
2489,36413349,3.87191,35.7274823,-78.6962747,35.34353963872628,-0.113
2490,36413382,3.8805313,35.7274823,-78.6962747,35.34353963872628,-0.113
2491,36413415,3.8871727,35.7274823,-78.6962747,35.34353963872628,-0.113
2492,36413447,3.8913803,35.7274823,-78.6962747,35.34353963872628,-0.113
2493,36413480,3.8952446,35.7274823,-78.6962747,35.34353963872628,-0.113
2494,36413513,3.8964767,35.7274823,-78.6962747,35.34353963872628,-0.113
2495,36413546,3.893608,35.7274823,-78.6962747,35.34353963872628,-0.113
2496,36413578,3.8928413,35.7274823,-78.6962747,35.34353963872628,-0.113
2497,36413611,3.9015656,35.7274823,-78.6962747,35.34353963872628,-0.113
2498,36413644,3.8990822,35.7274823,-78.6962747,35.34353963872628,-0.113
2499,36413677,3.89571,35.7274823,-78.6962747,35.34353963872628,-0.113
2500,36413709,3.895729,35.7274823,-78.6962747,35.34353963872628,-0.113
2501,36413742,3.8935394,35.7274823,-78.6962747,35.34353963872628,-0.113
2502,36413775,3.8918953,35.7274823,-78.6962747,35.34353963872628,-0.113
2503,36413808,3.8929405,35.7274823,-78.6962747,35.34353963872628,-0.113
2504,36413840,3.893673,35.7274823,-78.6962747,35.34353963872628,-0.113
2505,36413873,3.8945312,35.7274823,-78.6962747,35.34353963872628,-0.113
2506,36413906,3.585617,35.7274823,-78.6962747,35.34353963872628,-0.113
2507,36413939,3.6352654,35.7274823,-78.6962747,35.34353963872628,-0.113
2508,36413971,3.6772614,35.7274823,-78.6962747,35.34353963872628,-0.113
2509,36414004,3.7144089,35.7274823,-78.6962747,35.34353963872628,-0.113
2510,36414037,3.7437935,35.7274823,-78.6962747,35.34353963872628,-0.113
2511,36414070,3.769764,35.7274823,-78.6962747,35.34353963872628,-0.113
2512,36414102,3.7678108,35.7274823,-78.6962747,35.34353963872628,-0.113
2513,36414135,3.73592,35.7274823,-78.6962747,35.34353963872628,-0.113
2514,36414168,3.7070503,35.7274823,-78.6962747,35.34353963872628,-0.113
2515,36414201,3.6818047,35.7274823,-78.6962747,35.34353963872628,-0.113
2516,36414233,3.6610413,35.7274823,-78.6962747,35.34353963872628,-0.113
2517,36414266,3.6450539,35.7274823,-78.6962747,35.34353963872628,-0.113
2518,36414299,3.6303596,35.7274823,-78.6962747,35.34353963872628,-0.113
2519,36414332,3.6179504,35.7274823,-78.6962747,35.34353963872628,-0.113
2520,36414365,3.6077614,35.7274823,-78.6962747,35.34353963872628,-0.113
2521,36414397,3.5984612,35.7274823,-78.6962747,35.34353963872628,-0.113
2522,36414430,3.590519,35.7274823,-78.6962747,35.34353963872628,-0.113
2523,36414463,3.5842133,35.7274823,-78.6962747,35.34353963872628,-0.113
2524,36414496,3.5801353,35.7274823,-78.6962747,35.34353963872628,-0.113
2525,36414528,3.5755234,35.7274823,-78.6962747,35.34353963872628,-0.113
2526,36414561,3.5719147,35.7274823,-78.6962747,35.34353963872628,-0.113
2527,36414596,3.5230598,35.7274823,-78.6962747,35.34353963872628,-0.113
2528,36414629,3.5047226,35.7274823,-78.6962747,35.34353963872628,-0.113
2529,36414661,3.5136795,35.7274823,-78.6962747,35.34353963872628,-0.113
2530,36414694,3.519947,35.7274823,-78.6962747,35.34353963872628,-0.113
2531,36414727,3.5259514,35.7274823,-78.6962747,35.34353963872628,-0.113
2532,36414759,3.5311546,35.7274823,-78.6962747,35.34353963872628,-0.113
2533,36414792,3.5337753,35.7274823,-78.6962747,35.34353963872628,-0.113
2534,36414825,3.5261803,35.7274823,-78.6962747,35.34353963872628,-0.113
2535,36414858,3.5188522,35.7274823,-78.6962747,35.34353963872628,-0.113
2536,36414891,3.5091019,35.7274823,-78.6962747,35.34353963872628,-0.113
2537,36414923,3.4989853,35.7274823,-78.6962747,35.34353963872628,-0.113
2538,36414956,3.496296,35.7274823,-78.6962747,35.34353963872628,-0.113
2539,36414989,3.4925537,35.7274823,-78.6962747,35.34353963872628,-0.113
2540,36415021,3.491066,35.7274823,-78.6962747,35.34353963872628,-0.113
2541,36415054,3.4886932,35.7274823,-78.6962747,35.34353963872628,-0.113
2542,36415087,3.4862785,35.7274823,-78.6962747,35.34353963872628,-0.113
2543,36415120,3.484398,35.7274823,-78.6962747,35.34353963872628,-0.113
2544,36415153,3.4829636,35.7274823,-78.6962747,35.34353963872628,-0.113
2545,36415185,3.4805298,35.7274823,-78.6962747,35.34353963872628,-0.113
2546,36415218,3.478939,35.7274823,-78.6962747,35.34353963872628,-0.113
2547,36415251,3.4772873,35.7274823,-78.6962747,35.34353963872628,-0.113
2548,36415284,3.4750633,35.7274823,-78.6962747,35.34353963872628,-0.113
2549,36415316,3.4671555,35.7274823,-78.6962747,35.34353963872628,-0.113
2550,36415349,3.4682274,35.7274823,-78.6962747,35.34353963872628,-0.113
2551,36415382,3.4681892,35.7274823,-78.6962747,35.34353963872628,-0.113
2552,36415415,3.4693794,35.7274823,-78.6962747,35.34353963872628,-0.113
2553,36415448,3.4694939,35.7274823,-78.6962747,35.34353963872628,-0.113
2554,36415480,3.4697647,35.7274823,-78.6962747,35.34353963872628,-0.113
2555,36415513,3.4690208,35.7274823,-78.6962747,35.34353963872628,-0.113
2556,36415546,3.4678764,35.7274823,-78.6962747,35.34353963872628,-0.113
2557,36415578,3.48658,35.7274823,-78.6962747,35.34353963872628,-0.113
2558,36415611,3.829811,35.7274823,-78.6962747,35.34353963872628,-0.113
2559,36415644,3.7668839,35.7274823,-78.6962747,35.34353963872628,-0.113
2560,36415677,3.7157516,35.7274823,-78.6962747,35.34353963872628,-0.113
2561,36415709,3.672081,35.7274823,-78.6962747,35.34353963872628,-0.113
2562,36415742,3.6364708,35.7274823,-78.6962747,35.34353963872628,-0.113
2563,36415775,3.6065674,35.7274823,-78.6962747,35.34353963872628,-0.113
2564,36415808,3.6118393,35.7274823,-78.6962747,35.34353963872628,-0.113
2565,36415840,3.6506386,35.7274823,-78.6962747,35.34353963872628,-0.113
2566,36415873,3.685112,35.7274823,-78.6962747,35.34353963872628,-0.113
2567,36415906,3.7077827,35.7274823,-78.6962747,35.34353963872628,-0.113
2568,36415939,3.7322426,35.7274823,-78.6962747,35.34353963872628,-0.113
2569,36415971,3.753952,35.7274823,-78.6962747,35.34353963872628,-0.113
2570,36416004,3.7725258,35.7274823,-78.6962747,35.34353963872628,-0.113
2571,36416037,3.7898178,35.7274823,-78.6962747,35.34353963872628,-0.113
2572,36416070,3.802452,35.7274823,-78.6962747,35.34353963872628,-0.113
2573,36416102,3.812706,35.7274823,-78.6962747,35.34353963872628,-0.113
2574,36416135,3.8198967,35.7274823,-78.6962747,35.34353963872628,-0.113
2575,36416168,3.8267822,35.7274823,-78.6962747,35.34353963872628,-0.113
2576,36416201,3.8319778,35.7274823,-78.6962747,35.34353963872628,-0.113
2577,36416234,3.8355255,35.7274823,-78.6962747,35.34353963872628,-0.113
2578,36416266,3.8385277,35.7274823,-78.6962747,35.34353963872628,-0.113
2579,36416299,3.8408508,35.7274823,-78.6962747,35.34353963872628,-0.113
2580,36416332,3.8428688,35.7274823,-78.6962747,35.34353963872628,-0.113
2581,36416364,3.8448792,35.7274823,-78.6962747,35.34353963872628,-0.113
2582,36416397,3.8474693,35.7274823,-78.6962747,35.34353963872628,-0.113
2583,36416430,3.848755,35.7274823,-78.6962747,35.34353963872628,-0.113
2584,36416463,3.8499947,35.7274823,-78.6962747,35.34353963872628,-0.113
2585,36416495,3.850731,35.7274823,-78.6962747,35.34353963872628,-0.113
2586,36416528,3.851345,35.7274823,-78.6962747,35.34353963872628,-0.113
2587,36416561,3.85001,35.7274823,-78.6962747,35.34353963872628,-0.113
2588,36416594,3.8550072,35.7274823,-78.6962747,35.34353963872628,-0.113
2589,36416626,3.8587494,35.7274823,-78.6962747,35.34353963872628,-0.113
2590,36416659,3.8572388,35.7274823,-78.6962747,35.34353963872628,-0.113
2591,36416694,3.8573914,35.7274823,-78.6962747,35.34353963872628,-0.113
2592,36416727,3.855671,35.7274823,-78.6962747,35.34353963872628,-0.113
2593,36416760,3.8554077,35.7274823,-78.6962747,35.34353963872628,-0.113
2594,36416792,3.8548126,35.7274823,-78.6962747,35.34353963872628,-0.113
2595,36416825,3.8548737,35.7274823,-78.6962747,35.34353963872628,-0.113
2596,36416858,3.8570366,35.7274823,-78.6962747,35.34353963872628,-0.113
2597,36416891,3.866211,35.7274823,-78.6962747,35.34353963872628,-0.113
2598,36416923,3.8785515,35.7274823,-78.6962747,35.34353963872628,-0.113
2599,36416956,3.8742828,35.7274823,-78.6962747,35.34353963872628,-0.113
2600,36416989,3.5010452,35.7274823,-78.6962747,35.34353963872628,-0.113
2601,36417022,3.947216,35.7274823,-78.6962747,35.34353963872628,-0.113
2602,36417054,3.9321823,35.7274823,-78.6962747,35.34353963872628,-0.113
2603,36417087,3.918911,35.7274823,-78.6962747,35.34353963872628,-0.113
2604,36417120,3.9114761,35.7274823,-78.6962747,35.34353963872628,-0.113
2605,36417153,3.9072723,35.7274823,-78.6962747,35.34353963872628,-0.113
2606,36417185,3.852253,35.7274823,-78.6962747,35.34353963872628,-0.113
2607,36417218,3.8201218,35.7274823,-78.6962747,35.34353963872628,-0.113
2608,36417251,3.832325,35.7274823,-78.6962747,35.34353963872628,-0.113
2609,36417284,3.8447495,35.7274823,-78.6962747,35.34353963872628,-0.113
2610,36417316,3.879448,35.7274823,-78.6962747,35.34353963872628,-0.113
2611,36417349,3.8796806,35.7274823,-78.6962747,35.34353963872628,-0.113
2612,36417382,3.881199,35.7274823,-78.6962747,35.34353963872628,-0.113
2613,36417415,3.8815956,35.7274823,-78.6962747,35.34353963872628,-0.113
2614,36417448,3.8822403,35.7274823,-78.6962747,35.34353963872628,-0.113
2615,36417480,3.8822098,35.7274823,-78.6962747,35.34353963872628,-0.113
2616,36417513,3.8859253,35.7274823,-78.6962747,35.34353963872628,-0.113
2617,36417546,3.8914108,35.7274823,-78.6962747,35.34353963872628,-0.113
2618,36417578,3.8971558,35.7274823,-78.6962747,35.34353963872628,-0.113
2619,36417611,4.503975,35.7274823,-78.6962747,35.34353963872628,-0.113
2620,36417644,4.413574,35.7274823,-78.6962747,35.34353963872628,-0.113
2621,36417677,4.323395,35.7274823,-78.6962747,35.34353963872628,-0.113
2622,36417709,4.2482796,35.7274823,-78.6962747,35.34353963872628,-0.113
2623,36417742,4.1892395,35.7274823,-78.6962747,35.34353963872628,-0.113
2624,36417775,4.140003,35.7274823,-78.6962747,35.34353963872628,-0.113
2625,36417808,4.1436005,35.7274823,-78.6962747,35.34353963872628,-0.113
2626,36417840,4.2215424,35.7274823,-78.6962747,35.34353963872628,-0.113
2627,36417873,4.291893,35.7274823,-78.6962747,35.34353963872628,-0.113
2628,36417906,4.3855553,35.7274823,-78.6962747,35.34353963872628,-0.113
2629,36417939,4.4326515,35.7274823,-78.6962747,35.34353963872628,-0.113
2630,36417971,4.4599113,35.7274823,-78.6962747,35.34353963872628,-0.113
2631,36418004,4.4862328,35.7274823,-78.6962747,35.34353963872628,-0.113
2632,36418037,4.503975,35.7274823,-78.6962747,35.34353963872628,-0.113
2633,36418070,4.5219727,35.7274823,-78.6962747,35.34353963872628,-0.113
2634,36418102,4.5386543,35.7274823,-78.6962747,35.34353963872628,-0.113
2635,36418135,4.5602455,35.7274823,-78.6962747,35.34353963872628,-0.113
2636,36418168,4.577446,35.7274823,-78.6962747,35.34353963872628,-0.113
2637,36418201,4.593258,35.7274823,-78.6962747,35.34353963872628,-0.113
2638,36418233,4.6049232,35.7274823,-78.6962747,35.34353963872628,-0.113
2639,36418266,4.613762,35.7274823,-78.6962747,35.34353963872628,-0.113
2640,36418299,4.6629333,35.7274823,-78.6962747,35.34353963872628,-0.113
2641,36418332,4.684677,35.7274823,-78.6962747,35.34353963872628,-0.113
2642,36418365,4.678993,35.7274823,-78.6962747,35.34353963872628,-0.113
2643,36418397,4.673027,35.7274823,-78.6962747,35.34353963872628,-0.113
2644,36418430,4.6707573,35.7274823,-78.6962747,35.34353963872628,-0.113
2645,36418463,4.666729,35.7274823,-78.6962747,35.34353963872628,-0.113
2646,36418495,4.6659355,35.7274823,-78.6962747,35.34353963872628,-0.113
2647,36418528,4.6757774,35.7274823,-78.6962747,35.34353963872628,-0.113
2648,36418561,4.683998,35.7274823,-78.6962747,35.34353963872628,-0.113
2649,36418594,4.726715,35.7274823,-78.6962747,35.34353963872628,-0.113
2650,36418626,4.7740517,35.7274823,-78.6962747,35.34353963872628,-0.113
2651,36418659,4.7644806,35.7274823,-78.6962747,35.34353963872628,-0.113
2652,36418692,4.757313,35.7274823,-78.6962747,35.34353963872628,-0.113
2653,36418725,4.751686,35.7274823,-78.6962747,35.34353963872628,-0.113
2654,36418757,4.7463837,35.7274823,-78.6962747,35.34353963872628,-0.113
2655,36418792,4.742779,35.7274823,-78.6962747,35.34353963872628,-0.113
2656,36418825,4.751301,35.7274823,-78.6962747,35.34353963872628,-0.113
2657,36418858,4.765209,35.7274823,-78.6962747,35.34353963872628,-0.113
2658,36418890,4.8002777,35.7274823,-78.6962747,35.34353963872628,-0.113
2659,36418923,4.8674164,35.7274823,-78.6962747,35.34353963872628,-0.113
2660,36418956,4.858032,35.7274823,-78.6962747,35.34353963872628,-0.113
2661,36418989,4.8498917,35.7274823,-78.6962747,35.34353963872628,-0.113
2662,36419021,4.843502,35.7274823,-78.6962747,35.34353963872628,-0.113
2663,36419054,4.8383713,35.7274823,-78.6962747,35.34353963872628,-0.113
2664,36419087,4.835243,35.7274823,-78.6962747,35.34353963872628,-0.113
2665,36419120,4.843998,35.7274823,-78.6962747,35.34353963872628,-0.113
2666,36419152,4.8564568,35.7274823,-78.6962747,35.34353963872628,-0.113
2667,36419185,4.8683243,35.7274823,-78.6962747,35.34353963872628,-0.113
2668,36419218,4.8783684,35.7274823,-78.6962747,35.34353963872628,-0.113
2669,36419251,4.885952,35.7274823,-78.6962747,35.34353963872628,-0.113
2670,36419283,4.8951836,35.7274823,-78.6962747,35.34353963872628,-0.113
2671,36419316,5.00222,35.7274823,-78.6962747,35.34353963872628,-0.113
2672,36419349,4.985222,35.7274823,-78.6962747,35.34353963872628,-0.113
2673,36419382,4.972599,35.7274823,-78.6962747,35.34353963872628,-0.113
2674,36419414,4.9617577,35.7274823,-78.6962747,35.34353963872628,-0.113
2675,36419447,4.952961,35.7274823,-78.6962747,35.34353963872628,-0.113
2676,36419480,4.9462433,35.7274823,-78.6962747,35.34353963872628,-0.113
2677,36419513,4.9497223,35.7274823,-78.6962747,35.34353963872628,-0.113
2678,36419545,4.966049,35.7274823,-78.6962747,35.34353963872628,-0.113
2679,36419578,4.9799843,35.7274823,-78.6962747,35.34353963872628,-0.113
2680,36419611,5.0889587,35.7274823,-78.6962747,35.34353963872628,-0.113
2681,36419644,5.0935745,35.7274823,-78.6962747,35.34353963872628,-0.113
2682,36419677,5.0824814,35.7274823,-78.6962747,35.34353963872628,-0.113
2683,36419709,5.0738335,35.7274823,-78.6962747,35.34353963872628,-0.113
2684,36419742,5.0654144,35.7274823,-78.6962747,35.34353963872628,-0.113
2685,36419775,5.059635,35.7274823,-78.6962747,35.34353963872628,-0.113
2686,36419807,5.0608597,35.7274823,-78.6962747,35.34353963872628,-0.113
2687,36419840,5.0813103,35.7274823,-78.6962747,35.34353963872628,-0.113
2688,36419873,5.09507,35.7274823,-78.6962747,35.34353963872628,-0.113
2689,36419906,5.1910973,35.7274823,-78.6962747,35.34353963872628,-0.113
2690,36419938,5.214222,35.7274823,-78.6962747,35.34353963872628,-0.113
2691,36419971,5.204155,35.7274823,-78.6962747,35.34353963872628,-0.113
2692,36420004,5.1952744,35.7274823,-78.6962747,35.34353963872628,-0.113
2693,36420037,5.1890106,35.7274823,-78.6962747,35.34353963872628,-0.113
2694,36420069,5.1836395,35.7274823,-78.6962747,35.34353963872628,-0.113
2695,36420102,5.18367,35.7274823,-78.6962747,35.34353963872628,-0.113
2696,36420135,5.201233,35.7274823,-78.6962747,35.34353963872628,-0.113
2697,36420168,5.21743,35.7274823,-78.6962747,35.34353963872628,-0.113
2698,36420200,5.295311,35.7274823,-78.6962747,35.34353963872628,-0.113
2699,36420233,5.343338,35.7274823,-78.6962747,35.34353963872628,-0.113
2700,36420266,5.331051,35.7274823,-78.6962747,35.34353963872628,-0.113
2701,36420299,5.3216667,35.7274823,-78.6962747,35.34353963872628,-0.113
2702,36420331,5.315487,35.7274823,-78.6962747,35.34353963872628,-0.113
2703,36420364,5.308609,35.7274823,-78.6962747,35.34353963872628,-0.113
2704,36420397,5.3057632,35.7274823,-78.6962747,35.34353963872628,-0.113
2705,36420430,5.321949,35.7274823,-78.6962747,35.34353963872628,-0.113
2706,36420463,5.342121,35.7274823,-78.6962747,35.34353963872628,-0.113
2707,36420495,5.3543663,35.7274823,-78.6962747,35.34353963872628,-0.113
2708,36420528,5.366497,35.7274823,-78.6962747,35.34353963872628,-0.113
2709,36420561,5.375496,35.7274823,-78.6962747,35.34353963872628,-0.113
2710,36420594,5.4188385,35.7274823,-78.6962747,35.34353963872628,-0.113
2711,36420626,5.485714,35.7274823,-78.6962747,35.34353963872628,-0.113
2712,36420659,5.4703064,35.7274823,-78.6962747,35.34353963872628,-0.113
2713,36420692,5.458267,35.7274823,-78.6962747,35.34353963872628,-0.113
2714,36420725,5.4488106,35.7274823,-78.6962747,35.34353963872628,-0.113
2715,36420757,5.440933,35.7274823,-78.6962747,35.34353963872628,-0.113
2716,36420790,5.436775,35.7274823,-78.6962747,35.34353963872628,-0.113
2717,36420823,5.4485703,35.7274823,-78.6962747,35.34353963872628,-0.113
2718,36420856,5.4916496,35.7274823,-78.6962747,35.34353963872628,-0.113
2719,36420890,5.576103,35.7274823,-78.6962747,35.34353963872628,-0.113
2720,36420923,5.566662,35.7274823,-78.6962747,35.34353963872628,-0.113
2721,36420956,5.5585785,35.7274823,-78.6962747,35.34353963872628,-0.113
2722,36420989,5.552765,35.7274823,-78.6962747,35.34353963872628,-0.113
2723,36421021,5.5478134,35.7274823,-78.6962747,35.34353963872628,-0.113
2724,36421054,5.5443954,35.7274823,-78.6962747,35.34353963872628,-0.113
2725,36421087,5.5518417,35.7274823,-78.6962747,35.34353963872628,-0.113
2726,36421120,5.5690155,35.7274823,-78.6962747,35.34353963872628,-0.113
2727,36421152,5.582203,35.7274823,-78.6962747,35.34353963872628,-0.113
2728,36421185,5.591732,35.7274823,-78.6962747,35.34353963872628,-0.113
2729,36421218,5.599758,35.7274823,-78.6962747,35.34353963872628,-0.113
2730,36421251,5.605694,35.7274823,-78.6962747,35.34353963872628,-0.113
2731,36421283,5.6954765,35.7274823,-78.6962747,35.34353963872628,-0.113
2732,36421316,5.6857986,35.7274823,-78.6962747,35.34353963872628,-0.113
2733,36421349,5.6742363,35.7274823,-78.6962747,35.34353963872628,-0.113
2734,36421382,5.6660805,35.7274823,-78.6962747,35.34353963872628,-0.113
2735,36421414,5.6591682,35.7274823,-78.6962747,35.34353963872628,-0.113
2736,36421447,5.6532135,35.7274823,-78.6962747,35.34353963872628,-0.113
2737,36421480,5.6556053,35.7274823,-78.6962747,35.34353963872628,-0.113
2738,36421513,5.671295,35.7274823,-78.6962747,35.34353963872628,-0.113
2739,36421545,5.682892,35.7274823,-78.6962747,35.34353963872628,-0.113
2740,36421578,5.755104,35.7274823,-78.6962747,35.34353963872628,-0.113
2741,36421611,5.765579,35.7274823,-78.6962747,35.34353963872628,-0.113
2742,36421644,5.757744,35.7274823,-78.6962747,35.34353963872628,-0.113
2743,36421676,5.75214,35.7274823,-78.6962747,35.34353963872628,-0.113
2744,36421709,5.7480545,35.7274823,-78.6962747,35.34353963872628,-0.113
2745,36421742,5.7440186,35.7274823,-78.6962747,35.34353963872628,-0.113
2746,36421775,5.7452736,35.7274823,-78.6962747,35.34353963872628,-0.113
2747,36421807,5.758663,35.7274823,-78.6962747,35.34353963872628,-0.113
2748,36421840,5.770382,35.7274823,-78.6962747,35.34353963872628,-0.113
2749,36421873,6.1477356,35.7274823,-78.6962747,35.34353963872628,-0.113
2750,36421906,6.2398834,35.7274823,-78.6962747,35.34353963872628,-0.113
2751,36421938,6.1471977,35.7274823,-78.6962747,35.34353963872628,-0.113
2752,36421971,6.074795,35.7274823,-78.6962747,35.34353963872628,-0.113
2753,36422004,6.0184364,35.7274823,-78.6962747,35.34353963872628,-0.113
2754,36422037,5.972786,35.7274823,-78.6962747,35.34353963872628,-0.113
2755,36422069,5.95525,35.7274823,-78.6962747,35.34353963872628,-0.113
2756,36422102,6.042156,35.7274823,-78.6962747,35.34353963872628,-0.113
2757,36422135,6.123459,35.7274823,-78.6962747,35.34353963872628,-0.113
2758,36422168,6.217224,35.7274823,-78.6962747,35.34353963872628,-0.113
2759,36422200,6.2959976,35.7274823,-78.6962747,35.34353963872628,-0.113
2760,36422233,6.3241997,35.7274823,-78.6962747,35.34353963872628,-0.113
2761,36422266,6.3423767,35.7274823,-78.6962747,35.34353963872628,-0.113
2762,36422299,6.3578835,35.7274823,-78.6962747,35.34353963872628,-0.113
2763,36422331,6.370064,35.7274823,-78.6962747,35.34353963872628,-0.113
2764,36422364,6.3822174,35.7274823,-78.6962747,35.34353963872628,-0.113
2765,36422397,6.4014854,35.7274823,-78.6962747,35.34353963872628,-0.113
2766,36422430,6.4216843,35.7274823,-78.6962747,35.34353963872628,-0.113
2767,36422462,6.4369926,35.7274823,-78.6962747,35.34353963872628,-0.113
2768,36422495,6.450302,35.7274823,-78.6962747,35.34353963872628,-0.113
2769,36422528,6.4591446,35.7274823,-78.6962747,35.34353963872628,-0.113
2770,36422561,6.487026,35.7274823,-78.6962747,35.34353963872628,-0.113
2771,36422593,6.5387535,35.7274823,-78.6962747,35.34353963872628,-0.113
2772,36422626,6.5284348,35.7274823,-78.6962747,35.34353963872628,-0.113
2773,36422659,6.5204773,35.7274823,-78.6962747,35.34353963872628,-0.113
2774,36422692,6.513672,35.7274823,-78.6962747,35.34353963872628,-0.113
2775,36422724,6.5092163,35.7274823,-78.6962747,35.34353963872628,-0.113
2776,36422757,6.5056496,35.7274823,-78.6962747,35.34353963872628,-0.113
2777,36422790,6.5139313,35.7274823,-78.6962747,35.34353963872628,-0.113
2778,36422823,6.5272064,35.7274823,-78.6962747,35.34353963872628,-0.113
2779,36422855,6.5428123,35.7274823,-78.6962747,35.34353963872628,-0.113
2780,36422888,6.61639,35.7274823,-78.6962747,35.34353963872628,-0.113
2781,36422921,6.6067314,35.7274823,-78.6962747,35.34353963872628,-0.113
2782,36422954,6.5988083,35.7274823,-78.6962747,35.34353963872628,-0.113
2783,36422988,6.5931625,35.7274823,-78.6962747,35.34353963872628,-0.113
2784,36423021,6.588295,35.7274823,-78.6962747,35.34353963872628,-0.113
2785,36423054,6.585743,35.7274823,-78.6962747,35.34353963872628,-0.113
2786,36423087,6.591461,35.7274823,-78.6962747,35.34353963872628,-0.113
2787,36423119,6.6053276,35.7274823,-78.6962747,35.34353963872628,-0.113
2788,36423152,6.616146,35.7274823,-78.6962747,35.34353963872628,-0.113
2789,36423185,6.6252594,35.7274823,-78.6962747,35.34353963872628,-0.113
2790,36423218,6.6325226,35.7274823,-78.6962747,35.34353963872628,-0.113
2791,36423250,6.637787,35.7274823,-78.6962747,35.34353963872628,-0.113
2792,36423283,6.9331284,35.7274823,-78.6962747,35.34353963872628,-0.113
2793,36423316,6.916626,35.7274823,-78.6962747,35.34353963872628,-0.113
2794,36423349,6.855503,35.7274823,-78.6962747,35.34353963872628,-0.113
2795,36423381,6.8085976,35.7274823,-78.6962747,35.34353963872628,-0.113
2796,36423414,6.7724533,35.7274823,-78.6962747,35.34353963872628,-0.113
2797,36423447,6.74477,35.7274823,-78.6962747,35.34353963872628,-0.113
2798,36423480,6.7450714,35.7274823,-78.6962747,35.34353963872628,-0.113
2799,36423512,6.8103065,35.7274823,-78.6962747,35.34353963872628,-0.113
2800,36423545,6.86467,35.7274823,-78.6962747,35.34353963872628,-0.113
2801,36423578,6.97921,35.7274823,-78.6962747,35.34353963872628,-0.113
2802,36423611,7.017555,35.7274823,-78.6962747,35.34353963872628,-0.113
2803,36423643,7.024029,35.7274823,-78.6962747,35.34353963872628,-0.113
2804,36423677,7.0280113,35.7274823,-78.6962747,35.34353963872628,-0.113
2805,36423709,7.031727,35.7274823,-78.6962747,35.34353963872628,-0.113
2806,36423742,7.033184,35.7274823,-78.6962747,35.34353963872628,-0.113
2807,36423774,7.0395584,35.7274823,-78.6962747,35.34353963872628,-0.113
2808,36423807,7.0644836,35.7274823,-78.6962747,35.34353963872628,-0.113
2809,36423840,7.085705,35.7274823,-78.6962747,35.34353963872628,-0.113
2810,36423873,7.156372,35.7274823,-78.6962747,35.34353963872628,-0.113
2811,36423905,7.2016945,35.7274823,-78.6962747,35.34353963872628,-0.113
2812,36423938,7.1900063,35.7274823,-78.6962747,35.34353963872628,-0.113
2813,36423971,7.180523,35.7274823,-78.6962747,35.34353963872628,-0.113
2814,36424004,7.1732407,35.7274823,-78.6962747,35.34353963872628,-0.113
2815,36424037,7.1687317,35.7274823,-78.6962747,35.34353963872628,-0.113
2816,36424069,7.167938,35.7274823,-78.6962747,35.34353963872628,-0.113
2817,36424102,7.1859894,35.7274823,-78.6962747,35.34353963872628,-0.113
2818,36424135,7.205101,35.7274823,-78.6962747,35.34353963872628,-0.113
2819,36424168,7.759838,35.7274823,-78.6962747,35.34353963872628,-0.113
2820,36424200,8.372635,35.7274823,-78.6962747,35.34353963872628,-0.113
2821,36424233,8.073986,35.7274823,-78.6962747,35.34353963872628,-0.113
2822,36424266,7.85458,35.7274823,-78.6962747,35.34353963872628,-0.113
2823,36424299,7.6928253,35.7274823,-78.6962747,35.34353963872628,-0.113
2824,36424331,7.57489,35.7274823,-78.6962747,35.34353963872628,-0.113
2825,36424364,7.5047836,35.7274823,-78.6962747,35.34353963872628,-0.113
2826,36424397,7.7196693,35.7274823,-78.6962747,35.34353963872628,-0.113
2827,36424429,8.010822,35.7274823,-78.6962747,35.34353963872628,-0.113
2828,36424462,8.208836,35.7274823,-78.6962747,35.34353963872628,-0.113
2829,36424495,8.353722,35.7274823,-78.6962747,35.34353963872628,-0.113
2830,36424528,8.465427,35.7274823,-78.6962747,35.34353963872628,-0.113
2831,36424561,8.566143,35.7274823,-78.6962747,35.34353963872628,-0.113
2832,36424593,8.708191,35.7274823,-78.6962747,35.34353963872628,-0.113
2833,36424626,8.721046,35.7274823,-78.6962747,35.34353963872628,-0.113
2834,36424659,8.731205,35.7274823,-78.6962747,35.34353963872628,-0.113
2835,36424692,8.739105,35.7274823,-78.6962747,35.34353963872628,-0.113
2836,36424724,8.7434845,35.7274823,-78.6962747,35.34353963872628,-0.113
2837,36424757,8.746094,35.7274823,-78.6962747,35.34353963872628,-0.113
2838,36424790,8.768997,35.7274823,-78.6962747,35.34353963872628,-0.113
2839,36424823,8.800938,35.7274823,-78.6962747,35.34353963872628,-0.113
2840,36424855,8.830147,35.7274823,-78.6962747,35.34353963872628,-0.113
2841,36424888,9.290516,35.7274823,-78.6962747,35.34353963872628,-0.113
2842,36424921,9.17104,35.7274823,-78.6962747,35.34353963872628,-0.113
2843,36424954,9.085236,35.7274823,-78.6962747,35.34353963872628,-0.113
2844,36424986,9.025192,35.7274823,-78.6962747,35.34353963872628,-0.113
2845,36425019,8.982132,35.7274823,-78.6962747,35.34353963872628,-0.113
2846,36425052,8.953186,35.7274823,-78.6962747,35.34353963872628,-0.113
2847,36425087,8.99435,35.7274823,-78.6962747,35.34353963872628,-0.113
2848,36425119,9.1166725,35.7274823,-78.6962747,35.34353963872628,-0.113
2849,36425152,9.205063,35.7274823,-78.6962747,35.34353963872628,-0.113
2850,36425185,9.3599205,35.7274823,-78.6962747,35.34353963872628,-0.113
2851,36425218,9.389618,35.7274823,-78.6962747,35.34353963872628,-0.113
2852,36425251,9.39801,35.7274823,-78.6962747,35.34353963872628,-0.113
2853,36425283,9.403492,35.7274823,-78.6962747,35.34353963872628,-0.113
2854,36425316,9.40749,35.7274823,-78.6962747,35.34353963872628,-0.113
2855,36425349,9.41029,35.7274823,-78.6962747,35.34353963872628,-0.113
2856,36425381,9.421513,35.7274823,-78.6962747,35.34353963872628,-0.113
2857,36425414,9.455669,35.7274823,-78.6962747,35.34353963872628,-0.113
2858,36425447,9.480789,35.7274823,-78.6962747,35.34353963872628,-0.113
2859,36425480,9.498695,35.7274823,-78.6962747,35.34353963872628,-0.113
2860,36425512,9.5109825,35.7274823,-78.6962747,35.34353963872628,-0.113
2861,36425545,9.519554,35.7274823,-78.6962747,35.34353963872628,-0.113
2862,36425578,9.836594,35.7274823,-78.6962747,35.34353963872628,-0.113
2863,36425611,9.884907,35.7274823,-78.6962747,35.34353963872628,-0.113
2864,36425643,9.776234,35.7274823,-78.6962747,35.34353963872628,-0.113
2865,36425676,9.701347,35.7274823,-78.6962747,35.34353963872628,-0.113
2866,36425709,9.650177,35.7274823,-78.6962747,35.34353963872628,-0.113
2867,36425742,9.615932,35.7274823,-78.6962747,35.34353963872628,-0.113
2868,36425774,9.616837,35.7274823,-78.6962747,35.34353963872628,-0.113
2869,36425807,9.746922,35.7274823,-78.6962747,35.34353963872628,-0.113
2870,36425840,9.846401,35.7274823,-78.6962747,35.34353963872628,-0.113
2871,36425873,9.95108,35.7274823,-78.6962747,35.34353963872628,-0.113
2872,36425905,10.0280075,35.7274823,-78.6962747,35.34353963872628,-0.113
2873,36425938,10.044312,35.7274823,-78.6962747,35.34353963872628,-0.113
2874,36425971,10.05463,35.7274823,-78.6962747,35.34353963872628,-0.113
2875,36426004,10.06184,35.7274823,-78.6962747,35.34353963872628,-0.113
2876,36426036,10.068138,35.7274823,-78.6962747,35.34353963872628,-0.113
2877,36426069,10.072441,35.7274823,-78.6962747,35.34353963872628,-0.113
2878,36426102,10.094063,35.7274823,-78.6962747,35.34353963872628,-0.113
2879,36426135,10.115089,35.7274823,-78.6962747,35.34353963872628,-0.113
2880,36426168,10.2326355,35.7274823,-78.6962747,35.34353963872628,-0.113
2881,36426200,10.454128,35.7274823,-78.6962747,35.34353963872628,-0.113
2882,36426233,10.3566475,35.7274823,-78.6962747,35.34353963872628,-0.113
2883,36426266,10.291363,35.7274823,-78.6962747,35.34353963872628,-0.113
2884,36426299,10.24799,35.7274823,-78.6962747,35.34353963872628,-0.113
2885,36426331,10.218651,35.7274823,-78.6962747,35.34353963872628,-0.113
2886,36426364,10.201424,35.7274823,-78.6962747,35.34353963872628,-0.113
2887,36426397,10.276321,35.7274823,-78.6962747,35.34353963872628,-0.113
2888,36426430,10.380749,35.7274823,-78.6962747,35.34353963872628,-0.113
2889,36426462,10.444214,35.7274823,-78.6962747,35.34353963872628,-0.113
2890,36426495,10.491047,35.7274823,-78.6962747,35.34353963872628,-0.113
2891,36426528,10.522076,35.7274823,-78.6962747,35.34353963872628,-0.113
2892,36426561,10.542686,35.7274823,-78.6962747,35.34353963872628,-0.113
2893,36426593,10.567734,35.7274823,-78.6962747,35.34353963872628,-0.113
2894,36426626,10.573017,35.7274823,-78.6962747,35.34353963872628,-0.113
2895,36426659,10.577114,35.7274823,-78.6962747,35.34353963872628,-0.113
2896,36426692,10.578735,35.7274823,-78.6962747,35.34353963872628,-0.113
2897,36426724,10.580303,35.7274823,-78.6962747,35.34353963872628,-0.113
2898,36426757,10.581818,35.7274823,-78.6962747,35.34353963872628,-0.113
2899,36426790,10.585159,35.7274823,-78.6962747,35.34353963872628,-0.113
2900,36426823,10.58923,35.7274823,-78.6962747,35.34353963872628,-0.113
2901,36426855,10.592384,35.7274823,-78.6962747,35.34353963872628,-0.113
2902,36426888,10.586308,35.7274823,-78.6962747,35.34353963872628,-0.113
2903,36426921,10.589516,35.7274823,-78.6962747,35.34353963872628,-0.113
2904,36426954,10.592094,35.7274823,-78.6962747,35.34353963872628,-0.113
2905,36426986,10.594421,35.7274823,-78.6962747,35.34353963872628,-0.113
2906,36427019,10.596264,35.7274823,-78.6962747,35.34353963872628,-0.113
2907,36427052,10.597347,35.7274823,-78.6962747,35.34353963872628,-0.113
2908,36427085,10.596283,35.7274823,-78.6962747,35.34353963872628,-0.113
2909,36427117,10.593693,35.7274823,-78.6962747,35.34353963872628,-0.113
2910,36427150,10.591671,35.7274823,-78.6962747,35.34353963872628,-0.113
2911,36427185,10.721134,35.7274823,-78.6962747,35.34353963872628,-0.113
2912,36427218,10.70969,35.7274823,-78.6962747,35.34353963872628,-0.113
2913,36427250,10.668705,35.7274823,-78.6962747,35.34353963872628,-0.113
2914,36427283,10.641743,35.7274823,-78.6962747,35.34353963872628,-0.113
2915,36427316,10.622734,35.7274823,-78.6962747,35.34353963872628,-0.113
2916,36427349,10.61097,35.7274823,-78.6962747,35.34353963872628,-0.113
2917,36427381,10.618134,35.7274823,-78.6962747,35.34353963872628,-0.113
2918,36427414,10.673416,35.7274823,-78.6962747,35.34353963872628,-0.113
2919,36427447,10.709908,35.7274823,-78.6962747,35.34353963872628,-0.113
2920,36427480,10.736103,35.7274823,-78.6962747,35.34353963872628,-0.113
2921,36427512,10.753975,35.7274823,-78.6962747,35.34353963872628,-0.113
2922,36427545,10.766212,35.7274823,-78.6962747,35.34353963872628,-0.113
2923,36427578,10.747757,35.7274823,-78.6962747,35.34353963872628,-0.113
2924,36427611,10.740437,35.7274823,-78.6962747,35.34353963872628,-0.113
2925,36427643,10.75713,35.7274823,-78.6962747,35.34353963872628,-0.113
2926,36427676,10.767612,35.7274823,-78.6962747,35.34353963872628,-0.113
2927,36427709,10.773808,35.7274823,-78.6962747,35.34353963872628,-0.113
2928,36427742,10.779011,35.7274823,-78.6962747,35.34353963872628,-0.113
2929,36427774,10.779888,35.7274823,-78.6962747,35.34353963872628,-0.113
2930,36427807,10.766781,35.7274823,-78.6962747,35.34353963872628,-0.113
2931,36427840,10.755276,35.7274823,-78.6962747,35.34353963872628,-0.113
2932,36427873,10.720146,35.7274823,-78.6962747,35.34353963872628,-0.113
2933,36427905,10.684162,35.7274823,-78.6962747,35.34353963872628,-0.113
2934,36427938,10.700745,35.7274823,-78.6962747,35.34353963872628,-0.113
2935,36427971,10.71122,35.7274823,-78.6962747,35.34353963872628,-0.113
2936,36428004,10.717575,35.7274823,-78.6962747,35.34353963872628,-0.113
2937,36428036,10.72242,35.7274823,-78.6962747,35.34353963872628,-0.113
2938,36428069,10.724556,35.7274823,-78.6962747,35.34353963872628,-0.113
2939,36428102,10.707088,35.7274823,-78.6962747,35.34353963872628,-0.113
2940,36428135,10.6871605,35.7274823,-78.6962747,35.34353963872628,-0.113
2941,36428167,10.663895,35.7274823,-78.6962747,35.34353963872628,-0.113
2942,36428200,10.619892,35.7274823,-78.6962747,35.34353963872628,-0.113
2943,36428233,10.629486,35.7274823,-78.6962747,35.34353963872628,-0.113
2944,36428266,10.636078,35.7274823,-78.6962747,35.34353963872628,-0.113
2945,36428298,10.640671,35.7274823,-78.6962747,35.34353963872628,-0.113
2946,36428331,10.643391,35.7274823,-78.6962747,35.34353963872628,-0.113
2947,36428364,10.644897,35.7274823,-78.6962747,35.34353963872628,-0.113
2948,36428397,10.63356,35.7274823,-78.6962747,35.34353963872628,-0.113
2949,36428429,10.618496,35.7274823,-78.6962747,35.34353963872628,-0.113
2950,36428462,10.608475,35.7274823,-78.6962747,35.34353963872628,-0.113
2951,36428495,10.601513,35.7274823,-78.6962747,35.34353963872628,-0.113
2952,36428528,10.596584,35.7274823,-78.6962747,35.34353963872628,-0.113
2953,36428560,10.594437,35.7274823,-78.6962747,35.34353963872628,-0.113
2954,36428593,10.49247,35.7274823,-78.6962747,35.34353963872628,-0.113
2955,36428626,10.524395,35.7274823,-78.6962747,35.34353963872628,-0.113
2956,36428659,10.545765,35.7274823,-78.6962747,35.34353963872628,-0.113
2957,36428691,10.560482,35.7274823,-78.6962747,35.34353963872628,-0.113
2958,36428724,10.569283,35.7274823,-78.6962747,35.34353963872628,-0.113
2959,36428757,10.574768,35.7274823,-78.6962747,35.34353963872628,-0.113
2960,36428790,10.560734,35.7274823,-78.6962747,35.34353963872628,-0.113
2961,36428822,10.531364,35.7274823,-78.6962747,35.34353963872628,-0.113
2962,36428855,10.509319,35.7274823,-78.6962747,35.34353963872628,-0.113
2963,36428888,10.3898735,35.7274823,-78.6962747,35.34353963872628,-0.113
2964,36428921,10.395012,35.7274823,-78.6962747,35.34353963872628,-0.113
2965,36428953,10.419197,35.7274823,-78.6962747,35.34353963872628,-0.113
2966,36428986,10.435059,35.7274823,-78.6962747,35.34353963872628,-0.113
2967,36429019,10.445187,35.7274823,-78.6962747,35.34353963872628,-0.113
2968,36429052,10.451813,35.7274823,-78.6962747,35.34353963872628,-0.113
2969,36429084,10.445118,35.7274823,-78.6962747,35.34353963872628,-0.113
2970,36429117,10.405186,35.7274823,-78.6962747,35.34353963872628,-0.113
2971,36429150,10.374691,35.7274823,-78.6962747,35.34353963872628,-0.113
2972,36429183,9.635483,35.7274823,-78.6962747,35.34353963872628,-0.113
2973,36429216,9.466255,35.7274823,-78.6962747,35.34353963872628,-0.113
2974,36429248,9.719688,35.7274823,-78.6962747,35.34353963872628,-0.113
2975,36429283,9.895161,35.7274823,-78.6962747,35.34353963872628,-0.113
2976,36429316,10.018238,35.7274823,-78.6962747,35.34353963872628,-0.113
2977,36429348,10.106407,35.7274823,-78.6962747,35.34353963872628,-0.113
2978,36429381,10.115204,35.7274823,-78.6962747,35.34353963872628,-0.113
2979,36429414,9.825123,35.7274823,-78.6962747,35.34353963872628,-0.113
2980,36429447,9.575363,35.7274823,-78.6962747,35.34353963872628,-0.113
2981,36429479,9.412643,35.7274823,-78.6962747,35.34353963872628,-0.113
2982,36429512,9.294659,35.7274823,-78.6962747,35.34353963872628,-0.113
2983,36429545,9.207512,35.7274823,-78.6962747,35.34353963872628,-0.113
2984,36429578,9.063965,35.7274823,-78.6962747,35.34353963872628,-0.113
2985,36429610,8.9381485,35.7274823,-78.6962747,35.34353963872628,-0.113
2986,36429643,8.957916,35.7274823,-78.6962747,35.34353963872628,-0.113
2987,36429676,8.97094,35.7274823,-78.6962747,35.34353963872628,-0.113
2988,36429709,8.982552,35.7274823,-78.6962747,35.34353963872628,-0.113
2989,36429741,8.9903145,35.7274823,-78.6962747,35.34353963872628,-0.113
2990,36429774,8.991207,35.7274823,-78.6962747,35.34353963872628,-0.113
2991,36429807,8.943798,35.7274823,-78.6962747,35.34353963872628,-0.113
2992,36429840,8.898346,35.7274823,-78.6962747,35.34353963872628,-0.113
2993,36429872,8.818024,35.7274823,-78.6962747,35.34353963872628,-0.113
2994,36429905,8.678307,35.7274823,-78.6962747,35.34353963872628,-0.113
2995,36429938,8.704811,35.7274823,-78.6962747,35.34353963872628,-0.113
2996,36429971,8.7248955,35.7274823,-78.6962747,35.34353963872628,-0.113
2997,36430004,8.739056,35.7274823,-78.6962747,35.34353963872628,-0.113
2998,36430036,8.749172,35.7274823,-78.6962747,35.34353963872628,-0.113
2999,36430069,8.756248,35.7274823,-78.6962747,35.34353963872628,-0.113
3000,36430102,8.727806,35.7274823,-78.6962747,35.34353963872628,-0.113
3001,36430135,8.685238,35.7274823,-78.6962747,35.34353963872628,-0.113
3002,36430167,8.630165,35.7274823,-78.6962747,35.34353963872628,-0.113
3003,36430200,8.4518585,35.7274823,-78.6962747,35.34353963872628,-0.113
3004,36430233,8.485104,35.7274823,-78.6962747,35.34353963872628,-0.113
3005,36430266,8.5093155,35.7274823,-78.6962747,35.34353963872628,-0.113
3006,36430298,8.526543,35.7274823,-78.6962747,35.34353963872628,-0.113
3007,36430331,8.539272,35.7274823,-78.6962747,35.34353963872628,-0.113
3008,36430364,8.548649,35.7274823,-78.6962747,35.34353963872628,-0.113
3009,36430397,8.52449,35.7274823,-78.6962747,35.34353963872628,-0.113
3010,36430429,8.478672,35.7274823,-78.6962747,35.34353963872628,-0.113
3011,36430462,8.446442,35.7274823,-78.6962747,35.34353963872628,-0.113
3012,36430495,8.421852,35.7274823,-78.6962747,35.34353963872628,-0.113
3013,36430528,8.403545,35.7274823,-78.6962747,35.34353963872628,-0.113
3014,36430560,8.390827,35.7274823,-78.6962747,35.34353963872628,-0.113
3015,36430593,8.21664,35.7274823,-78.6962747,35.34353963872628,-0.113
3016,36430626,8.232506,35.7274823,-78.6962747,35.34353963872628,-0.113
3017,36430659,8.265724,35.7274823,-78.6962747,35.34353963872628,-0.113
3018,36430691,8.289993,35.7274823,-78.6962747,35.34353963872628,-0.113
3019,36430724,8.308186,35.7274823,-78.6962747,35.34353963872628,-0.113
3020,36430757,8.32074,35.7274823,-78.6962747,35.34353963872628,-0.113
3021,36430790,8.313374,35.7274823,-78.6962747,35.34353963872628,-0.113
3022,36430822,8.270031,35.7274823,-78.6962747,35.34353963872628,-0.113
3023,36430855,8.234596,35.7274823,-78.6962747,35.34353963872628,-0.113
3024,36430888,8.047359,35.7274823,-78.6962747,35.34353963872628,-0.113
3025,36430921,8.023315,35.7274823,-78.6962747,35.34353963872628,-0.113
3026,36430953,8.053928,35.7274823,-78.6962747,35.34353963872628,-0.113
3027,36430986,8.075726,35.7274823,-78.6962747,35.34353963872628,-0.113
3028,36431019,8.093002,35.7274823,-78.6962747,35.34353963872628,-0.113
3029,36431052,8.105518,35.7274823,-78.6962747,35.34353963872628,-0.113
3030,36431084,8.101845,35.7274823,-78.6962747,35.34353963872628,-0.113
3031,36431117,8.053955,35.7274823,-78.6962747,35.34353963872628,-0.113
3032,36431150,8.011005,35.7274823,-78.6962747,35.34353963872628,-0.113
3033,36431183,7.80711,35.7274823,-78.6962747,35.34353963872628,-0.113
3034,36431215,7.7035904,35.7274823,-78.6962747,35.34353963872628,-0.113
3035,36431248,7.75148,35.7274823,-78.6962747,35.34353963872628,-0.113
3036,36431281,7.78743,35.7274823,-78.6962747,35.34353963872628,-0.113
3037,36431314,7.81583,35.7274823,-78.6962747,35.34353963872628,-0.113
3038,36431346,7.8364334,35.7274823,-78.6962747,35.34353963872628,-0.113
3039,36431381,7.8424225,35.7274823,-78.6962747,35.34353963872628,-0.113
3040,36431414,7.7831573,35.7274823,-78.6962747,35.34353963872628,-0.113
3041,36431447,7.725109,35.7274823,-78.6962747,35.34353963872628,-0.113
3042,36431479,7.6808777,35.7274823,-78.6962747,35.34353963872628,-0.113
3043,36431512,7.6462097,35.7274823,-78.6962747,35.34353963872628,-0.113
3044,36431545,7.6225624,35.7274823,-78.6962747,35.34353963872628,-0.113
3045,36431577,7.5256577,35.7274823,-78.6962747,35.34353963872628,-0.113
3046,36431610,7.400242,35.7274823,-78.6962747,35.34353963872628,-0.113
3047,36431643,7.436119,35.7274823,-78.6962747,35.34353963872628,-0.113
3048,36431676,7.4644394,35.7274823,-78.6962747,35.34353963872628,-0.113
3049,36431709,7.486,35.7274823,-78.6962747,35.34353963872628,-0.113
3050,36431741,7.5012436,35.7274823,-78.6962747,35.34353963872628,-0.113
3051,36431774,7.5114975,35.7274823,-78.6962747,35.34353963872628,-0.113
3052,36431807,7.479515,35.7274823,-78.6962747,35.34353963872628,-0.113
3053,36431840,7.4371147,35.7274823,-78.6962747,35.34353963872628,-0.113
3054,36431872,7.3675385,35.7274823,-78.6962747,35.34353963872628,-0.113
3055,36431905,7.1851807,35.7274823,-78.6962747,35.34353963872628,-0.113
3056,36431938,7.2152824,35.7274823,-78.6962747,35.34353963872628,-0.113
3057,36431971,7.2379036,35.7274823,-78.6962747,35.34353963872628,-0.113
3058,36432003,7.253208,35.7274823,-78.6962747,35.34353963872628,-0.113
3059,36432036,7.2675095,35.7274823,-78.6962747,35.34353963872628,-0.113
3060,36432069,7.276779,35.7274823,-78.6962747,35.34353963872628,-0.113
3061,36432102,7.253929,35.7274823,-78.6962747,35.34353963872628,-0.113
3062,36432134,7.2072334,35.7274823,-78.6962747,35.34353963872628,-0.113
3063,36432167,7.168255,35.7274823,-78.6962747,35.34353963872628,-0.113
3064,36432200,6.9698334,35.7274823,-78.6962747,35.34353963872628,-0.113
3065,36432233,6.9930496,35.7274823,-78.6962747,35.34353963872628,-0.113
3066,36432265,7.0111694,35.7274823,-78.6962747,35.34353963872628,-0.113
3067,36432298,7.02676,35.7274823,-78.6962747,35.34353963872628,-0.113
3068,36432331,7.0379677,35.7274823,-78.6962747,35.34353963872628,-0.113
3069,36432364,7.0467606,35.7274823,-78.6962747,35.34353963872628,-0.113
3070,36432396,7.029682,35.7274823,-78.6962747,35.34353963872628,-0.113
3071,36432429,6.9922485,35.7274823,-78.6962747,35.34353963872628,-0.113
3072,36432462,6.9620743,35.7274823,-78.6962747,35.34353963872628,-0.113
3073,36432495,6.9384346,35.7274823,-78.6962747,35.34353963872628,-0.113
3074,36432527,6.9199867,35.7274823,-78.6962747,35.34353963872628,-0.113
3075,36432560,6.906784,35.7274823,-78.6962747,35.34353963872628,-0.113
3076,36432593,6.6606407,35.7274823,-78.6962747,35.34353963872628,-0.113
3077,36432626,6.6533546,35.7274823,-78.6962747,35.34353963872628,-0.113
3078,36432658,6.7012177,35.7274823,-78.6962747,35.34353963872628,-0.113
3079,36432691,6.7378807,35.7274823,-78.6962747,35.34353963872628,-0.113
3080,36432724,6.7656326,35.7274823,-78.6962747,35.34353963872628,-0.113
3081,36432757,6.7884674,35.7274823,-78.6962747,35.34353963872628,-0.113
3082,36432789,6.7882843,35.7274823,-78.6962747,35.34353963872628,-0.113
3083,36432822,6.733761,35.7274823,-78.6962747,35.34353963872628,-0.113
3084,36432855,6.687687,35.7274823,-78.6962747,35.34353963872628,-0.113
3085,36432888,6.532753,35.7274823,-78.6962747,35.34353963872628,-0.113
3086,36432920,6.4685326,35.7274823,-78.6962747,35.34353963872628,-0.113
3087,36432953,6.4828224,35.7274823,-78.6962747,35.34353963872628,-0.113
3088,36432986,6.493313,35.7274823,-78.6962747,35.34353963872628,-0.113
3089,36433019,6.502247,35.7274823,-78.6962747,35.34353963872628,-0.113
3090,36433052,6.5089607,35.7274823,-78.6962747,35.34353963872628,-0.113
3091,36433085,6.5089645,35.7274823,-78.6962747,35.34353963872628,-0.113
3092,36433117,6.473011,35.7274823,-78.6962747,35.34353963872628,-0.113
3093,36433150,6.4412155,35.7274823,-78.6962747,35.34353963872628,-0.113
3094,36433182,6.3336563,35.7274823,-78.6962747,35.34353963872628,-0.113
3095,36433215,6.247959,35.7274823,-78.6962747,35.34353963872628,-0.113
3096,36433248,6.2638817,35.7274823,-78.6962747,35.34353963872628,-0.113
3097,36433281,6.2774773,35.7274823,-78.6962747,35.34353963872628,-0.113
3098,36433313,6.288414,35.7274823,-78.6962747,35.34353963872628,-0.113
3099,36433346,6.296406,35.7274823,-78.6962747,35.34353963872628,-0.113
3100,36433379,6.2990723,35.7274823,-78.6962747,35.34353963872628,-0.113
3101,36433412,6.273571,35.7274823,-78.6962747,35.34353963872628,-0.113
3102,36433444,6.2441597,35.7274823,-78.6962747,35.34353963872628,-0.113
3103,36433479,6.220646,35.7274823,-78.6962747,35.34353963872628,-0.113
3104,36433512,6.2026367,35.7274823,-78.6962747,35.34353963872628,-0.113
3105,36433545,6.188957,35.7274823,-78.6962747,35.34353963872628,-0.113
3106,36433578,6.1369057,35.7274823,-78.6962747,35.34353963872628,-0.113
3107,36433610,6.0065155,35.7274823,-78.6962747,35.34353963872628,-0.113
3108,36433643,6.034706,35.7274823,-78.6962747,35.34353963872628,-0.113
3109,36433676,6.056774,35.7274823,-78.6962747,35.34353963872628,-0.113
3110,36433709,6.074417,35.7274823,-78.6962747,35.34353963872628,-0.113
3111,36433741,6.0884857,35.7274823,-78.6962747,35.34353963872628,-0.113
3112,36433774,6.098816,35.7274823,-78.6962747,35.34353963872628,-0.113
3113,36433807,6.0828896,35.7274823,-78.6962747,35.34353963872628,-0.113
3114,36433840,6.053318,35.7274823,-78.6962747,35.34353963872628,-0.113
3115,36433872,6.0119934,35.7274823,-78.6962747,35.34353963872628,-0.113
3116,36433905,5.8463364,35.7274823,-78.6962747,35.34353963872628,-0.113
3117,36433938,5.8668823,35.7274823,-78.6962747,35.34353963872628,-0.113
3118,36433971,5.883095,35.7274823,-78.6962747,35.34353963872628,-0.113
3119,36434003,5.896263,35.7274823,-78.6962747,35.34353963872628,-0.113
3120,36434036,5.9065666,35.7274823,-78.6962747,35.34353963872628,-0.113
3121,36434069,5.914322,35.7274823,-78.6962747,35.34353963872628,-0.113
3122,36434102,5.9023476,35.7274823,-78.6962747,35.34353963872628,-0.113
3123,36434134,5.869236,35.7274823,-78.6962747,35.34353963872628,-0.113
3124,36434167,5.847435,35.7274823,-78.6962747,35.34353963872628,-0.113
3125,36434200,5.681755,35.7274823,-78.6962747,35.34353963872628,-0.113
3126,36434233,5.6848526,35.7274823,-78.6962747,35.34353963872628,-0.113
3127,36434266,5.6987114,35.7274823,-78.6962747,35.34353963872628,-0.113
3128,36434298,5.7115326,35.7274823,-78.6962747,35.34353963872628,-0.113
3129,36434331,5.72015,35.7274823,-78.6962747,35.34353963872628,-0.113
3130,36434364,5.727337,35.7274823,-78.6962747,35.34353963872628,-0.113
3131,36434397,5.721466,35.7274823,-78.6962747,35.34353963872628,-0.113
3132,36434429,5.693634,35.7274823,-78.6962747,35.34353963872628,-0.113
3133,36434462,5.670208,35.7274823,-78.6962747,35.34353963872628,-0.113
3134,36434495,5.650627,35.7274823,-78.6962747,35.34353963872628,-0.113
3135,36434528,5.636055,35.7274823,-78.6962747,35.34353963872628,-0.113
3136,36434560,5.6249466,35.7274823,-78.6962747,35.34353963872628,-0.113
3137,36434593,5.490883,35.7274823,-78.6962747,35.34353963872628,-0.113
3138,36434626,5.466858,35.7274823,-78.6962747,35.34353963872628,-0.113
3139,36434659,5.4914017,35.7274823,-78.6962747,35.34353963872628,-0.113
3140,36434691,5.508278,35.7274823,-78.6962747,35.34353963872628,-0.113
3141,36434724,5.522335,35.7274823,-78.6962747,35.34353963872628,-0.113
3142,36434757,5.5335274,35.7274823,-78.6962747,35.34353963872628,-0.113
3143,36434790,5.5369186,35.7274823,-78.6962747,35.34353963872628,-0.113
3144,36434822,5.5115623,35.7274823,-78.6962747,35.34353963872628,-0.113
3145,36434855,5.4870033,35.7274823,-78.6962747,35.34353963872628,-0.113
3146,36434888,5.42638,35.7274823,-78.6962747,35.34353963872628,-0.113
3147,36434921,5.390579,35.7274823,-78.6962747,35.34353963872628,-0.113
3148,36434953,5.390541,35.7274823,-78.6962747,35.34353963872628,-0.113
3149,36434986,5.39032,35.7274823,-78.6962747,35.34353963872628,-0.113
3150,36435019,5.3919067,35.7274823,-78.6962747,35.34353963872628,-0.113
3151,36435052,5.3932114,35.7274823,-78.6962747,35.34353963872628,-0.113
3152,36435084,5.391178,35.7274823,-78.6962747,35.34353963872628,-0.113
3153,36435117,5.3782043,35.7274823,-78.6962747,35.34353963872628,-0.113
3154,36435150,5.3660355,35.7274823,-78.6962747,35.34353963872628,-0.113
3155,36435183,5.2964554,35.7274823,-78.6962747,35.34353963872628,-0.113
3156,36435216,5.2162437,35.7274823,-78.6962747,35.34353963872628,-0.113
3157,36435248,5.235386,35.7274823,-78.6962747,35.34353963872628,-0.113
3158,36435281,5.250866,35.7274823,-78.6962747,35.34353963872628,-0.113
3159,36435314,5.2639465,35.7274823,-78.6962747,35.34353963872628,-0.113
3160,36435346,5.2730064,35.7274823,-78.6962747,35.34353963872628,-0.113
3161,36435379,5.280094,35.7274823,-78.6962747,35.34353963872628,-0.113
3162,36435412,5.2637672,35.7274823,-78.6962747,35.34353963872628,-0.113
3163,36435445,5.2425537,35.7274823,-78.6962747,35.34353963872628,-0.113
3164,36435477,5.2242165,35.7274823,-78.6962747,35.34353963872628,-0.113
3165,36435510,5.2109146,35.7274823,-78.6962747,35.34353963872628,-0.113
3166,36435543,5.200054,35.7274823,-78.6962747,35.34353963872628,-0.113
3167,36435578,5.1679306,35.7274823,-78.6962747,35.34353963872628,-0.113
3168,36435610,5.047165,35.7274823,-78.6962747,35.34353963872628,-0.113
3169,36435643,5.0679245,35.7274823,-78.6962747,35.34353963872628,-0.113
3170,36435676,5.0856934,35.7274823,-78.6962747,35.34353963872628,-0.113
3171,36435709,5.0987625,35.7274823,-78.6962747,35.34353963872628,-0.113
3172,36435741,5.109562,35.7274823,-78.6962747,35.34353963872628,-0.113
3173,36435774,5.1186943,35.7274823,-78.6962747,35.34353963872628,-0.113
3174,36435807,5.1096992,35.7274823,-78.6962747,35.34353963872628,-0.113
3175,36435840,5.0882072,35.7274823,-78.6962747,35.34353963872628,-0.113
3176,36435872,5.0641403,35.7274823,-78.6962747,35.34353963872628,-0.113
3177,36435905,4.9309387,35.7274823,-78.6962747,35.34353963872628,-0.113
3178,36435938,4.9440346,35.7274823,-78.6962747,35.34353963872628,-0.113
3179,36435971,4.9543533,35.7274823,-78.6962747,35.34353963872628,-0.113
3180,36436003,4.9616737,35.7274823,-78.6962747,35.34353963872628,-0.113
3181,36436036,4.969303,35.7274823,-78.6962747,35.34353963872628,-0.113
3182,36436069,4.974724,35.7274823,-78.6962747,35.34353963872628,-0.113
3183,36436102,4.968357,35.7274823,-78.6962747,35.34353963872628,-0.113
3184,36436134,4.9466248,35.7274823,-78.6962747,35.34353963872628,-0.113
3185,36436167,4.93095,35.7274823,-78.6962747,35.34353963872628,-0.113
3186,36436200,4.8282623,35.7274823,-78.6962747,35.34353963872628,-0.113
3187,36436233,4.8176193,35.7274823,-78.6962747,35.34353963872628,-0.113
3188,36436265,4.8252563,35.7274823,-78.6962747,35.34353963872628,-0.113
3189,36436298,4.8324814,35.7274823,-78.6962747,35.34353963872628,-0.113
3190,36436331,4.8379784,35.7274823,-78.6962747,35.34353963872628,-0.113
3191,36436364,4.8412933,35.7274823,-78.6962747,35.34353963872628,-0.113
3192,36436396,4.8392525,35.7274823,-78.6962747,35.34353963872628,-0.113
3193,36436429,4.8223953,35.7274823,-78.6962747,35.34353963872628,-0.113
3194,36436462,4.806637,35.7274823,-78.6962747,35.34353963872628,-0.113
3195,36436495,4.7938385,35.7274823,-78.6962747,35.34353963872628,-0.113
3196,36436527,4.7854958,35.7274823,-78.6962747,35.34353963872628,-0.113
3197,36436560,4.777733,35.7274823,-78.6962747,35.34353963872628,-0.113
3198,36436593,4.712551,35.7274823,-78.6962747,35.34353963872628,-0.113
3199,36436626,4.6821823,35.7274823,-78.6962747,35.34353963872628,-0.113
3200,36436658,4.6950493,35.7274823,-78.6962747,35.34353963872628,-0.113
3201,36436691,4.703232,35.7274823,-78.6962747,35.34353963872628,-0.113
3202,36436724,4.711029,35.7274823,-78.6962747,35.34353963872628,-0.113
3203,36436757,4.716236,35.7274823,-78.6962747,35.34353963872628,-0.113
3204,36436789,4.720112,35.7274823,-78.6962747,35.34353963872628,-0.113
3205,36436822,4.7079086,35.7274823,-78.6962747,35.34353963872628,-0.113
3206,36436855,4.6938095,35.7274823,-78.6962747,35.34353963872628,-0.113
3207,36436888,4.6474075,35.7274823,-78.6962747,35.34353963872628,-0.113
3208,36436920,4.6057587,35.7274823,-78.6962747,35.34353963872628,-0.113
3209,36436953,4.6122437,35.7274823,-78.6962747,35.34353963872628,-0.113
3210,36436986,4.616791,35.7274823,-78.6962747,35.34353963872628,-0.113
3211,36437019,4.621315,35.7274823,-78.6962747,35.34353963872628,-0.113
3212,36437051,4.624893,35.7274823,-78.6962747,35.34353963872628,-0.113
3213,36437084,4.6272087,35.7274823,-78.6962747,35.34353963872628,-0.113
3214,36437117,4.6172867,35.7274823,-78.6962747,35.34353963872628,-0.113
3215,36437150,4.606823,35.7274823,-78.6962747,35.34353963872628,-0.113
3216,36437183,4.5815163,35.7274823,-78.6962747,35.34353963872628,-0.113
3217,36437215,4.53479,35.7274823,-78.6962747,35.34353963872628,-0.113
3218,36437248,4.539112,35.7274823,-78.6962747,35.34353963872628,-0.113
3219,36437281,4.5426445,35.7274823,-78.6962747,35.34353963872628,-0.113
3220,36437313,4.5440826,35.7274823,-78.6962747,35.34353963872628,-0.113
3221,36437346,4.5459747,35.7274823,-78.6962747,35.34353963872628,-0.113
3222,36437379,4.5476723,35.7274823,-78.6962747,35.34353963872628,-0.113
3223,36437412,4.5406227,35.7274823,-78.6962747,35.34353963872628,-0.113
3224,36437444,4.5308456,35.7274823,-78.6962747,35.34353963872628,-0.113
3225,36437477,4.5230713,35.7274823,-78.6962747,35.34353963872628,-0.113
3226,36437510,4.5168877,35.7274823,-78.6962747,35.34353963872628,-0.113
3227,36437543,4.511402,35.7274823,-78.6962747,35.34353963872628,-0.113
3228,36437576,4.5039024,35.7274823,-78.6962747,35.34353963872628,-0.113
3229,36437608,4.4566345,35.7274823,-78.6962747,35.34353963872628,-0.113
3230,36437641,4.4637146,35.7274823,-78.6962747,35.34353963872628,-0.113
3231,36437676,4.468235,35.7274823,-78.6962747,35.34353963872628,-0.113
3232,36437709,4.4723396,35.7274823,-78.6962747,35.34353963872628,-0.113
3233,36437741,4.4764175,35.7274823,-78.6962747,35.34353963872628,-0.113
3234,36437774,4.4788513,35.7274823,-78.6962747,35.34353963872628,-0.113
3235,36437807,4.475998,35.7274823,-78.6962747,35.34353963872628,-0.113
3236,36437840,4.4685745,35.7274823,-78.6962747,35.34353963872628,-0.113
3237,36437872,4.46257,35.7274823,-78.6962747,35.34353963872628,-0.113
3238,36437905,4.533943,35.7274823,-78.6962747,35.34353963872628,-0.113
3239,36437938,4.521141,35.7274823,-78.6962747,35.34353963872628,-0.113
3240,36437971,4.5042915,35.7274823,-78.6962747,35.34353963872628,-0.113
3241,36438003,4.4911346,35.7274823,-78.6962747,35.34353963872628,-0.113
3242,36438036,4.480362,35.7274823,-78.6962747,35.34353963872628,-0.113
3243,36438069,4.471218,35.7274823,-78.6962747,35.34353963872628,-0.113
3244,36438102,4.470978,35.7274823,-78.6962747,35.34353963872628,-0.113
3245,36438134,4.481388,35.7274823,-78.6962747,35.34353963872628,-0.113
3246,36438167,4.4909134,35.7274823,-78.6962747,35.34353963872628,-0.113
3247,36438200,4.478203,35.7274823,-78.6962747,35.34353963872628,-0.113
3248,36438233,4.482975,35.7274823,-78.6962747,35.34353963872628,-0.113
3249,36438265,4.4932823,35.7274823,-78.6962747,35.34353963872628,-0.113
3250,36438298,4.500149,35.7274823,-78.6962747,35.34353963872628,-0.113
3251,36438331,4.50597,35.7274823,-78.6962747,35.34353963872628,-0.113
3252,36438364,4.5102196,35.7274823,-78.6962747,35.34353963872628,-0.113
3253,36438396,4.512802,35.7274823,-78.6962747,35.34353963872628,-0.113
3254,36438429,4.509243,35.7274823,-78.6962747,35.34353963872628,-0.113
3255,36438462,4.5087395,35.7274823,-78.6962747,35.34353963872628,-0.113
3256,36438495,4.5058937,35.7274823,-78.6962747,35.34353963872628,-0.113
3257,36438527,4.5057907,35.7274823,-78.6962747,35.34353963872628,-0.113
3258,36438560,4.5040245,35.7274823,-78.6962747,35.34353963872628,-0.113
3259,36438593,4.494007,35.7274823,-78.6962747,35.34353963872628,-0.113
3260,36438626,4.4882545,35.7274823,-78.6962747,35.34353963872628,-0.113
3261,36438658,4.491272,35.7274823,-78.6962747,35.34353963872628,-0.113
3262,36438691,4.492153,35.7274823,-78.6962747,35.34353963872628,-0.113
3263,36438724,4.493519,35.7274823,-78.6962747,35.34353963872628,-0.113
3264,36438757,4.495167,35.7274823,-78.6962747,35.34353963872628,-0.113
3265,36438789,4.4970284,35.7274823,-78.6962747,35.34353963872628,-0.113
3266,36438822,4.494484,35.7274823,-78.6962747,35.34353963872628,-0.113
3267,36438855,4.490917,35.7274823,-78.6962747,35.34353963872628,-0.113
3268,36438888,4.4862022,35.7274823,-78.6962747,35.34353963872628,-0.113
3269,36438920,4.4811287,35.7274823,-78.6962747,35.34353963872628,-0.113
3270,36438953,4.4812202,35.7274823,-78.6962747,35.34353963872628,-0.113
3271,36438986,4.480114,35.7274823,-78.6962747,35.34353963872628,-0.113
3272,36439019,4.481098,35.7274823,-78.6962747,35.34353963872628,-0.113
3273,36439051,4.481964,35.7274823,-78.6962747,35.34353963872628,-0.113
3274,36439084,4.481678,35.7274823,-78.6962747,35.34353963872628,-0.113
3275,36439117,4.480541,35.7274823,-78.6962747,35.34353963872628,-0.113
3276,36439150,4.4791183,35.7274823,-78.6962747,35.34353963872628,-0.113
3277,36439182,4.478443,35.7274823,-78.6962747,35.34353963872628,-0.113
3278,36439215,4.4781837,35.7274823,-78.6962747,35.34353963872628,-0.113
3279,36439248,4.477333,35.7274823,-78.6962747,35.34353963872628,-0.113
3280,36439281,4.4771614,35.7274823,-78.6962747,35.34353963872628,-0.113
3281,36439313,4.4759064,35.7274823,-78.6962747,35.34353963872628,-0.113
3282,36439346,4.475498,35.7274823,-78.6962747,35.34353963872628,-0.113
3283,36439379,4.474186,35.7274823,-78.6962747,35.34353963872628,-0.113
3284,36439412,4.4749603,35.7274823,-78.6962747,35.34353963872628,-0.113
3285,36439444,4.4745293,35.7274823,-78.6962747,35.34353963872628,-0.113
3286,36439477,4.475277,35.7274823,-78.6962747,35.34353963872628,-0.113
3287,36439510,4.4743843,35.7274823,-78.6962747,35.34353963872628,-0.113
3288,36439543,4.474865,35.7274823,-78.6962747,35.34353963872628,-0.113
3289,36439575,4.4757156,35.7274823,-78.6962747,35.34353963872628,-0.113
3290,36439608,4.4846992,35.7274823,-78.6962747,35.34353963872628,-0.113
3291,36439641,4.4816856,35.7274823,-78.6962747,35.34353963872628,-0.113
3292,36439674,4.4810715,35.7274823,-78.6962747,35.34353963872628,-0.113
3293,36439706,4.4794083,35.7274823,-78.6962747,35.34353963872628,-0.113
3294,36439739,4.478199,35.7274823,-78.6962747,35.34353963872628,-0.113
3295,36439774,4.477379,35.7274823,-78.6962747,35.34353963872628,-0.113
3296,36439807,4.477703,35.7274823,-78.6962747,35.34353963872628,-0.113
3297,36439839,4.479561,35.7274823,-78.6962747,35.34353963872628,-0.113
3298,36439872,4.4807777,35.7274823,-78.6962747,35.34353963872628,-0.113
3299,36439905,4.523922,35.7274823,-78.6962747,35.34353963872628,-0.113
3300,36439938,4.5243263,35.7274823,-78.6962747,35.34353963872628,-0.113
3301,36439970,4.516781,35.7274823,-78.6962747,35.34353963872628,-0.113
3302,36440003,4.510887,35.7274823,-78.6962747,35.34353963872628,-0.113
3303,36440036,4.5046234,35.7274823,-78.6962747,35.34353963872628,-0.113
3304,36440069,4.5005302,35.7274823,-78.6962747,35.34353963872628,-0.113
3305,36440101,4.5010834,35.7274823,-78.6962747,35.34353963872628,-0.113
3306,36440134,4.507721,35.7274823,-78.6962747,35.34353963872628,-0.113
3307,36440167,4.5145454,35.7274823,-78.6962747,35.34353963872628,-0.113
3308,36440200,4.532852,35.7274823,-78.6962747,35.34353963872628,-0.113
3309,36440233,4.5411034,35.7274823,-78.6962747,35.34353963872628,-0.113
3310,36440265,4.540592,35.7274823,-78.6962747,35.34353963872628,-0.113
3311,36440298,4.5394974,35.7274823,-78.6962747,35.34353963872628,-0.113
3312,36440331,4.5404396,35.7274823,-78.6962747,35.34353963872628,-0.113
3313,36440364,4.540642,35.7274823,-78.6962747,35.34353963872628,-0.113
3314,36440396,4.541313,35.7274823,-78.6962747,35.34353963872628,-0.113
3315,36440429,4.5448112,35.7274823,-78.6962747,35.34353963872628,-0.113
3316,36440462,4.547615,35.7274823,-78.6962747,35.34353963872628,-0.113
3317,36440495,4.552021,35.7274823,-78.6962747,35.34353963872628,-0.113
3318,36440527,4.553173,35.7274823,-78.6962747,35.34353963872628,-0.113
3319,36440560,4.5547104,35.7274823,-78.6962747,35.34353963872628,-0.113
3320,36440593,4.5643005,35.7274823,-78.6962747,35.34353963872628,-0.113
3321,36440625,4.5738792,35.7274823,-78.6962747,35.34353963872628,-0.113
3322,36440658,4.5709343,35.7274823,-78.6962747,35.34353963872628,-0.113
3323,36440691,4.5693665,35.7274823,-78.6962747,35.34353963872628,-0.113
3324,36440724,4.5675697,35.7274823,-78.6962747,35.34353963872628,-0.113
3325,36440757,4.566227,35.7274823,-78.6962747,35.34353963872628,-0.113
3326,36440789,4.5657883,35.7274823,-78.6962747,35.34353963872628,-0.113
3327,36440822,4.567932,35.7274823,-78.6962747,35.34353963872628,-0.113
3328,36440855,4.5710144,35.7274823,-78.6962747,35.34353963872628,-0.113
3329,36440887,4.558834,35.7274823,-78.6962747,35.34353963872628,-0.113
3330,36440920,4.525833,35.7274823,-78.6962747,35.34353963872628,-0.113
3331,36440953,4.537182,35.7274823,-78.6962747,35.34353963872628,-0.113
3332,36440986,4.5456047,35.7274823,-78.6962747,35.34353963872628,-0.113
3333,36441018,4.5530396,35.7274823,-78.6962747,35.34353963872628,-0.113
3334,36441051,4.558811,35.7274823,-78.6962747,35.34353963872628,-0.113
3335,36441084,4.562702,35.7274823,-78.6962747,35.34353963872628,-0.113
3336,36441117,4.5592384,35.7274823,-78.6962747,35.34353963872628,-0.113
3337,36441149,4.553623,35.7274823,-78.6962747,35.34353963872628,-0.113
3338,36441182,4.549404,35.7274823,-78.6962747,35.34353963872628,-0.113
3339,36441215,4.5592575,35.7274823,-78.6962747,35.34353963872628,-0.113
3340,36441248,4.55249,35.7274823,-78.6962747,35.34353963872628,-0.113
3341,36441280,4.546753,35.7274823,-78.6962747,35.34353963872628,-0.113
3342,36441313,4.541294,35.7274823,-78.6962747,35.34353963872628,-0.113
3343,36441346,4.5390015,35.7274823,-78.6962747,35.34353963872628,-0.113
3344,36441379,4.5367317,35.7274823,-78.6962747,35.34353963872628,-0.113
3345,36441411,4.536331,35.7274823,-78.6962747,35.34353963872628,-0.113
3346,36441444,4.537075,35.7274823,-78.6962747,35.34353963872628,-0.113
3347,36441477,4.5394707,35.7274823,-78.6962747,35.34353963872628,-0.113
3348,36441510,4.5397453,35.7274823,-78.6962747,35.34353963872628,-0.113
3349,36441542,4.5401344,35.7274823,-78.6962747,35.34353963872628,-0.113
3350,36441575,4.540802,35.7274823,-78.6962747,35.34353963872628,-0.113
3351,36441608,4.553726,35.7274823,-78.6962747,35.34353963872628,-0.113
3352,36441641,4.552986,35.7274823,-78.6962747,35.34353963872628,-0.113
3353,36441673,4.551014,35.7274823,-78.6962747,35.34353963872628,-0.113
3354,36441706,4.549225,35.7274823,-78.6962747,35.34353963872628,-0.113
3355,36441739,4.547592,35.7274823,-78.6962747,35.34353963872628,-0.113
3356,36441772,4.5473747,35.7274823,-78.6962747,35.34353963872628,-0.113
3357,36441804,4.5474854,35.7274823,-78.6962747,35.34353963872628,-0.113
3358,36441837,4.5504456,35.7274823,-78.6962747,35.34353963872628,-0.113
3359,36441872,4.5525703,35.7274823,-78.6962747,35.34353963872628,-0.113
3360,36441905,4.500168,35.7274823,-78.6962747,35.34353963872628,-0.113
3361,36441938,4.496807,35.7274823,-78.6962747,35.34353963872628,-0.113
3362,36441970,4.5087624,35.7274823,-78.6962747,35.34353963872628,-0.113
3363,36442003,4.518841,35.7274823,-78.6962747,35.34353963872628,-0.113
3364,36442036,4.52602,35.7274823,-78.6962747,35.34353963872628,-0.113
3365,36442069,4.5327797,35.7274823,-78.6962747,35.34353963872628,-0.113
3366,36442101,4.534542,35.7274823,-78.6962747,35.34353963872628,-0.113
3367,36442134,4.526108,35.7274823,-78.6962747,35.34353963872628,-0.113
3368,36442167,4.5167465,35.7274823,-78.6962747,35.34353963872628,-0.113
3369,36442200,4.515873,35.7274823,-78.6962747,35.34353963872628,-0.113
3370,36442232,4.5121,35.7274823,-78.6962747,35.34353963872628,-0.113
3371,36442265,4.5067825,35.7274823,-78.6962747,35.34353963872628,-0.113
3372,36442298,4.5027313,35.7274823,-78.6962747,35.34353963872628,-0.113
3373,36442331,4.498123,35.7274823,-78.6962747,35.34353963872628,-0.113
3374,36442363,4.495102,35.7274823,-78.6962747,35.34353963872628,-0.113
3375,36442396,4.4931564,35.7274823,-78.6962747,35.34353963872628,-0.113
3376,36442429,4.4930496,35.7274823,-78.6962747,35.34353963872628,-0.113
3377,36442462,4.4925995,35.7274823,-78.6962747,35.34353963872628,-0.113
3378,36442494,4.4919662,35.7274823,-78.6962747,35.34353963872628,-0.113
3379,36442527,4.492428,35.7274823,-78.6962747,35.34353963872628,-0.113
3380,36442560,4.492443,35.7274823,-78.6962747,35.34353963872628,-0.113
3381,36442593,4.5032997,35.7274823,-78.6962747,35.34353963872628,-0.113
3382,36442625,4.520035,35.7274823,-78.6962747,35.34353963872628,-0.113
3383,36442658,4.5146255,35.7274823,-78.6962747,35.34353963872628,-0.113
3384,36442691,4.5097694,35.7274823,-78.6962747,35.34353963872628,-0.113
3385,36442724,4.50663,35.7274823,-78.6962747,35.34353963872628,-0.113
3386,36442756,4.502846,35.7274823,-78.6962747,35.34353963872628,-0.113
3387,36442789,4.501396,35.7274823,-78.6962747,35.34353963872628,-0.113
3388,36442822,4.50473,35.7274823,-78.6962747,35.34353963872628,-0.113
3389,36442855,4.509781,35.7274823,-78.6962747,35.34353963872628,-0.113
3390,36442887,4.512371,35.7274823,-78.6962747,35.34353963872628,-0.113
3391,36442921,4.517189,35.7274823,-78.6962747,35.34353963872628,-0.113
3392,36442953,4.5187645,35.7274823,-78.6962747,35.34353963872628,-0.113
3393,36442986,4.5203705,35.7274823,-78.6962747,35.34353963872628,-0.113
3394,36443018,4.5208054,35.7274823,-78.6962747,35.34353963872628,-0.113
3395,36443051,4.522045,35.7274823,-78.6962747,35.34353963872628,-0.113
3396,36443084,4.5230484,35.7274823,-78.6962747,35.34353963872628,-0.113
3397,36443117,4.524006,35.7274823,-78.6962747,35.34353963872628,-0.113
3398,36443149,4.5254593,35.7274823,-78.6962747,35.34353963872628,-0.113
3399,36443182,4.5247536,35.7274823,-78.6962747,35.34353963872628,-0.113
3400,36443215,4.5263634,35.7274823,-78.6962747,35.34353963872628,-0.113
3401,36443248,4.5265236,35.7274823,-78.6962747,35.34353963872628,-0.113
3402,36443280,4.5265656,35.7274823,-78.6962747,35.34353963872628,-0.113
3403,36443313,4.527233,35.7274823,-78.6962747,35.34353963872628,-0.113
3404,36443346,4.5272484,35.7274823,-78.6962747,35.34353963872628,-0.113
3405,36443379,4.5264587,35.7274823,-78.6962747,35.34353963872628,-0.113
3406,36443411,4.527321,35.7274823,-78.6962747,35.34353963872628,-0.113
3407,36443444,4.528164,35.7274823,-78.6962747,35.34353963872628,-0.113
3408,36443477,4.528076,35.7274823,-78.6962747,35.34353963872628,-0.113
3409,36443510,4.5280266,35.7274823,-78.6962747,35.34353963872628,-0.113
3410,36443542,4.528496,35.7274823,-78.6962747,35.34353963872628,-0.113
3411,36443575,4.5279007,35.7274823,-78.6962747,35.34353963872628,-0.113
3412,36443608,4.5316467,35.7274823,-78.6962747,35.34353963872628,-0.113
3413,36443641,4.5314445,35.7274823,-78.6962747,35.34353963872628,-0.113
3414,36443673,4.531513,35.7274823,-78.6962747,35.34353963872628,-0.113
3415,36443706,4.5306015,35.7274823,-78.6962747,35.34353963872628,-0.113
3416,36443739,4.5309677,35.7274823,-78.6962747,35.34353963872628,-0.113
3417,36443772,4.530346,35.7274823,-78.6962747,35.34353963872628,-0.113
3418,36443804,4.530487,35.7274823,-78.6962747,35.34353963872628,-0.113
3419,36443837,4.529583,35.7274823,-78.6962747,35.34353963872628,-0.113
3420,36443870,4.531021,35.7274823,-78.6962747,35.34353963872628,-0.113
3421,36443903,4.6096573,35.7274823,-78.6962747,35.34353963872628,-0.113
3422,36443935,4.6346436,35.7274823,-78.6962747,35.34353963872628,-0.113
3423,36443970,4.6136093,35.7274823,-78.6962747,35.34353963872628,-0.113
3424,36444003,4.5974464,35.7274823,-78.6962747,35.34353963872628,-0.113
3425,36444036,4.585144,35.7274823,-78.6962747,35.34353963872628,-0.113
3426,36444068,4.574852,35.7274823,-78.6962747,35.34353963872628,-0.113
3427,36444101,4.570183,35.7274823,-78.6962747,35.34353963872628,-0.113
3428,36444134,4.584305,35.7274823,-78.6962747,35.34353963872628,-0.113
3429,36444167,4.600254,35.7274823,-78.6962747,35.34353963872628,-0.113
3430,36444199,4.6218834,35.7274823,-78.6962747,35.34353963872628,-0.113
3431,36444232,4.6384277,35.7274823,-78.6962747,35.34353963872628,-0.113
3432,36444265,4.642563,35.7274823,-78.6962747,35.34353963872628,-0.113
3433,36444298,4.6459007,35.7274823,-78.6962747,35.34353963872628,-0.113
3434,36444330,4.6496468,35.7274823,-78.6962747,35.34353963872628,-0.113
3435,36444363,4.651573,35.7274823,-78.6962747,35.34353963872628,-0.113
3436,36444396,4.6541367,35.7274823,-78.6962747,35.34353963872628,-0.113
3437,36444429,4.6577225,35.7274823,-78.6962747,35.34353963872628,-0.113
3438,36444461,4.663395,35.7274823,-78.6962747,35.34353963872628,-0.113
3439,36444494,4.674656,35.7274823,-78.6962747,35.34353963872628,-0.113
3440,36444527,4.6917343,35.7274823,-78.6962747,35.34353963872628,-0.113
3441,36444560,4.689739,35.7274823,-78.6962747,35.34353963872628,-0.113
3442,36444592,4.6890793,35.7274823,-78.6962747,35.34353963872628,-0.113
3443,36444625,4.6872635,35.7274823,-78.6962747,35.34353963872628,-0.113
3444,36444658,4.6858063,35.7274823,-78.6962747,35.34353963872628,-0.113
3445,36444691,4.685421,35.7274823,-78.6962747,35.34353963872628,-0.113
3446,36444723,4.68824,35.7274823,-78.6962747,35.34353963872628,-0.113
3447,36444756,4.6927757,35.7274823,-78.6962747,35.34353963872628,-0.113
3448,36444789,4.6947365,35.7274823,-78.6962747,35.34353963872628,-0.113
3449,36444822,4.6975327,35.7274823,-78.6962747,35.34353963872628,-0.113
3450,36444854,4.6996574,35.7274823,-78.6962747,35.34353963872628,-0.113
3451,36444887,4.7057495,35.7274823,-78.6962747,35.34353963872628,-0.113
3452,36444920,4.7347336,35.7274823,-78.6962747,35.34353963872628,-0.113
3453,36444952,4.729397,35.7274823,-78.6962747,35.34353963872628,-0.113
3454,36444985,4.7256966,35.7274823,-78.6962747,35.34353963872628,-0.113
3455,36445018,4.72221,35.7274823,-78.6962747,35.34353963872628,-0.113
3456,36445051,4.7196198,35.7274823,-78.6962747,35.34353963872628,-0.113
3457,36445084,4.7173386,35.7274823,-78.6962747,35.34353963872628,-0.113
3458,36445116,4.719818,35.7274823,-78.6962747,35.34353963872628,-0.113
3459,36445149,4.723919,35.7274823,-78.6962747,35.34353963872628,-0.113
3460,36445182,4.72826,35.7274823,-78.6962747,35.34353963872628,-0.113
3461,36445215,4.7697945,35.7274823,-78.6962747,35.34353963872628,-0.113
3462,36445248,4.7666664,35.7274823,-78.6962747,35.34353963872628,-0.113
3463,36445280,4.7635612,35.7274823,-78.6962747,35.34353963872628,-0.113
3464,36445313,4.760071,35.7274823,-78.6962747,35.34353963872628,-0.113
3465,36445346,4.7572327,35.7274823,-78.6962747,35.34353963872628,-0.113
3466,36445379,4.754795,35.7274823,-78.6962747,35.34353963872628,-0.113
3467,36445411,4.7567635,35.7274823,-78.6962747,35.34353963872628,-0.113
3468,36445444,4.762104,35.7274823,-78.6962747,35.34353963872628,-0.113
3469,36445477,4.767906,35.7274823,-78.6962747,35.34353963872628,-0.113
3470,36445510,4.811779,35.7274823,-78.6962747,35.34353963872628,-0.113
3471,36445542,4.814884,35.7274823,-78.6962747,35.34353963872628,-0.113
3472,36445575,4.8113937,35.7274823,-78.6962747,35.34353963872628,-0.113
3473,36445608,4.807602,35.7274823,-78.6962747,35.34353963872628,-0.113
3474,36445641,4.8039093,35.7274823,-78.6962747,35.34353963872628,-0.113
3475,36445673,4.80175,35.7274823,-78.6962747,35.34353963872628,-0.113
3476,36445706,4.8020515,35.7274823,-78.6962747,35.34353963872628,-0.113
3477,36445739,4.809086,35.7274823,-78.6962747,35.34353963872628,-0.113
3478,36445772,4.8162613,35.7274823,-78.6962747,35.34353963872628,-0.113
3479,36445804,4.8211975,35.7274823,-78.6962747,35.34353963872628,-0.113
3480,36445837,4.8259964,35.7274823,-78.6962747,35.34353963872628,-0.113
3481,36445870,4.8286285,35.7274823,-78.6962747,35.34353963872628,-0.113
3482,36445903,4.898468,35.7274823,-78.6962747,35.34353963872628,-0.113
3483,36445935,4.934784,35.7274823,-78.6962747,35.34353963872628,-0.113
3484,36445969,4.9171867,35.7274823,-78.6962747,35.34353963872628,-0.113
3485,36446001,4.9031296,35.7274823,-78.6962747,35.34353963872628,-0.113
3486,36446034,4.892357,35.7274823,-78.6962747,35.34353963872628,-0.113
3487,36446068,4.882572,35.7274823,-78.6962747,35.34353963872628,-0.113
3488,36446101,4.8763084,35.7274823,-78.6962747,35.34353963872628,-0.113
3489,36446134,4.890503,35.7274823,-78.6962747,35.34353963872628,-0.113
3490,36446167,4.906376,35.7274823,-78.6962747,35.34353963872628,-0.113
3491,36446199,4.9471207,35.7274823,-78.6962747,35.34353963872628,-0.113
3492,36446232,4.996029,35.7274823,-78.6962747,35.34353963872628,-0.113
3493,36446265,4.9914246,35.7274823,-78.6962747,35.34353963872628,-0.113
3494,36446298,4.9871864,35.7274823,-78.6962747,35.34353963872628,-0.113
3495,36446331,4.983547,35.7274823,-78.6962747,35.34353963872628,-0.113
3496,36446363,4.980301,35.7274823,-78.6962747,35.34353963872628,-0.113
3497,36446396,4.9787407,35.7274823,-78.6962747,35.34353963872628,-0.113
3498,36446429,4.98851,35.7274823,-78.6962747,35.34353963872628,-0.113
3499,36446462,5.000881,35.7274823,-78.6962747,35.34353963872628,-0.113
3500,36446494,5.0313644,35.7274823,-78.6962747,35.34353963872628,-0.113
3501,36446527,5.0951385,35.7274823,-78.6962747,35.34353963872628,-0.113
3502,36446560,5.0869293,35.7274823,-78.6962747,35.34353963872628,-0.113
3503,36446593,5.079479,35.7274823,-78.6962747,35.34353963872628,-0.113
3504,36446625,5.0742455,35.7274823,-78.6962747,35.34353963872628,-0.113
3505,36446658,5.070469,35.7274823,-78.6962747,35.34353963872628,-0.113
3506,36446691,5.067074,35.7274823,-78.6962747,35.34353963872628,-0.113
3507,36446724,5.0744057,35.7274823,-78.6962747,35.34353963872628,-0.113
3508,36446756,5.0872574,35.7274823,-78.6962747,35.34353963872628,-0.113
3509,36446789,5.0974655,35.7274823,-78.6962747,35.34353963872628,-0.113
3510,36446822,5.107048,35.7274823,-78.6962747,35.34353963872628,-0.113
3511,36446855,5.1129227,35.7274823,-78.6962747,35.34353963872628,-0.113
3512,36446887,5.118908,35.7274823,-78.6962747,35.34353963872628,-0.113
3513,36446920,5.222866,35.7274823,-78.6962747,35.34353963872628,-0.113
3514,36446953,5.2071342,35.7274823,-78.6962747,35.34353963872628,-0.113
3515,36446986,5.1944046,35.7274823,-78.6962747,35.34353963872628,-0.113
3516,36447018,5.1833496,35.7274823,-78.6962747,35.34353963872628,-0.113
3517,36447051,5.175251,35.7274823,-78.6962747,35.34353963872628,-0.113
3518,36447084,5.168968,35.7274823,-78.6962747,35.34353963872628,-0.113
3519,36447117,5.171673,35.7274823,-78.6962747,35.34353963872628,-0.113
3520,36447149,5.1868324,35.7274823,-78.6962747,35.34353963872628,-0.113
3521,36447182,5.200512,35.7274823,-78.6962747,35.34353963872628,-0.113
3522,36447215,5.3126526,35.7274823,-78.6962747,35.34353963872628,-0.113
3523,36447248,5.313717,35.7274823,-78.6962747,35.34353963872628,-0.113
3524,36447280,5.301834,35.7274823,-78.6962747,35.34353963872628,-0.113
3525,36447313,5.29216,35.7274823,-78.6962747,35.34353963872628,-0.113
3526,36447346,5.2842712,35.7274823,-78.6962747,35.34353963872628,-0.113
3527,36447379,5.2776337,35.7274823,-78.6962747,35.34353963872628,-0.113
3528,36447411,5.2802086,35.7274823,-78.6962747,35.34353963872628,-0.113
3529,36447444,5.299427,35.7274823,-78.6962747,35.34353963872628,-0.113
3530,36447477,5.3151093,35.7274823,-78.6962747,35.34353963872628,-0.113
3531,36447510,5.4142456,35.7274823,-78.6962747,35.34353963872628,-0.113
3532,36447542,5.442253,35.7274823,-78.6962747,35.34353963872628,-0.113
3533,36447575,5.4309654,35.7274823,-78.6962747,35.34353963872628,-0.113
3534,36447608,3.695385,35.7274823,-78.6962747,35.34353963872628,-0.113
3535,36447641,3.975689,35.7274823,-78.6962747,35.34353963872628,-0.113
3536,36447673,4.1993904,35.7274823,-78.6962747,35.34353963872628,-0.113
3537,36447706,4.378605,35.7274823,-78.6962747,35.34353963872628,-0.113
3538,36447739,4.55542,35.7274823,-78.6962747,35.34353963872628,-0.113
3539,36447772,6.1512184,35.7274823,-78.6962747,35.34353963872628,-0.113
3540,36447804,6.1151924,35.7274823,-78.6962747,35.34353963872628,-0.113
3541,36447837,5.7029343,35.7274823,-78.6962747,35.34353963872628,-0.113
3542,36447870,5.3657455,35.7274823,-78.6962747,35.34353963872628,-0.113
3543,36447903,5.1488037,35.7274823,-78.6962747,35.34353963872628,-0.113
3544,36447935,4.990143,35.7274823,-78.6962747,35.34353963872628,-0.113
3545,36447968,4.868782,35.7274823,-78.6962747,35.34353963872628,-0.113
3546,36448001,4.9785194,35.7274823,-78.6962747,35.34353963872628,-0.113
3547,36448033,5.0859375,35.7274823,-78.6962747,35.34353963872628,-0.113
3548,36448066,5.1677628,35.7274823,-78.6962747,35.34353963872628,-0.113
3549,36448099,5.235592,35.7274823,-78.6962747,35.34353963872628,-0.113
3550,36448132,5.317627,35.7274823,-78.6962747,35.34353963872628,-0.113
3551,36448166,5.391678,35.7274823,-78.6962747,35.34353963872628,-0.113
3552,36448199,5.4958,35.7274823,-78.6962747,35.34353963872628,-0.113
3553,36448232,5.6415787,35.7274823,-78.6962747,35.34353963872628,-0.113
3554,36448265,5.6478577,35.7274823,-78.6962747,35.34353963872628,-0.113
3555,36448297,5.655155,35.7274823,-78.6962747,35.34353963872628,-0.113
3556,36448330,5.657131,35.7274823,-78.6962747,35.34353963872628,-0.113
3557,36448363,5.660736,35.7274823,-78.6962747,35.34353963872628,-0.113
3558,36448396,5.664772,35.7274823,-78.6962747,35.34353963872628,-0.113
3559,36448428,5.691696,35.7274823,-78.6962747,35.34353963872628,-0.113
3560,36448461,5.7232285,35.7274823,-78.6962747,35.34353963872628,-0.113
3561,36448494,5.781067,35.7274823,-78.6962747,35.34353963872628,-0.113
3562,36448527,5.927265,35.7274823,-78.6962747,35.34353963872628,-0.113
3563,36448559,5.9112663,35.7274823,-78.6962747,35.34353963872628,-0.113
3564,36448592,5.897991,35.7274823,-78.6962747,35.34353963872628,-0.113
3565,36448625,5.88797,35.7274823,-78.6962747,35.34353963872628,-0.113
3566,36448658,5.881035,35.7274823,-78.6962747,35.34353963872628,-0.113
3567,36448690,5.874344,35.7274823,-78.6962747,35.34353963872628,-0.113
3568,36448723,5.890007,35.7274823,-78.6962747,35.34353963872628,-0.113
3569,36448756,5.9205513,35.7274823,-78.6962747,35.34353963872628,-0.113
3570,36448789,5.946762,35.7274823,-78.6962747,35.34353963872628,-0.113
3571,36448822,5.963791,35.7274823,-78.6962747,35.34353963872628,-0.113
3572,36448854,5.9790726,35.7274823,-78.6962747,35.34353963872628,-0.113
3573,36448887,5.990303,35.7274823,-78.6962747,35.34353963872628,-0.113
3574,36448920,6.1727867,35.7274823,-78.6962747,35.34353963872628,-0.113
3575,36448953,6.1540413,35.7274823,-78.6962747,35.34353963872628,-0.113
3576,36448985,6.127884,35.7274823,-78.6962747,35.34353963872628,-0.113
3577,36449018,6.1067886,35.7274823,-78.6962747,35.34353963872628,-0.113
3578,36449051,6.0918617,35.7274823,-78.6962747,35.34353963872628,-0.113
3579,36449084,6.0784187,35.7274823,-78.6962747,35.34353963872628,-0.113
3580,36449116,6.0823517,35.7274823,-78.6962747,35.34353963872628,-0.113
3581,36449149,6.117527,35.7274823,-78.6962747,35.34353963872628,-0.113
3582,36449182,6.1454926,35.7274823,-78.6962747,35.34353963872628,-0.113
3583,36449214,6.3216705,35.7274823,-78.6962747,35.34353963872628,-0.113
3584,36449247,6.338009,35.7274823,-78.6962747,35.34353963872628,-0.113
3585,36449280,6.3171463,35.7274823,-78.6962747,35.34353963872628,-0.113
3586,36449313,6.3009872,35.7274823,-78.6962747,35.34353963872628,-0.113
3587,36449346,6.2867165,35.7274823,-78.6962747,35.34353963872628,-0.113
3588,36449378,6.2764664,35.7274823,-78.6962747,35.34353963872628,-0.113
3589,36449411,6.2810364,35.7274823,-78.6962747,35.34353963872628,-0.113
3590,36449444,6.3174057,35.7274823,-78.6962747,35.34353963872628,-0.113
3591,36449477,6.3469963,35.7274823,-78.6962747,35.34353963872628,-0.113
3592,36449509,6.491955,35.7274823,-78.6962747,35.34353963872628,-0.113
3593,36449542,6.5492516,35.7274823,-78.6962747,35.34353963872628,-0.113
3594,36449575,6.527424,35.7274823,-78.6962747,35.34353963872628,-0.113
3595,36449608,6.5097923,35.7274823,-78.6962747,35.34353963872628,-0.113
3596,36449640,6.498638,35.7274823,-78.6962747,35.34353963872628,-0.113
3597,36449673,6.489937,35.7274823,-78.6962747,35.34353963872628,-0.113
3598,36449706,6.48695,35.7274823,-78.6962747,35.34353963872628,-0.113
3599,36449739,6.5205917,35.7274823,-78.6962747,35.34353963872628,-0.113
3600,36449771,6.554344,35.7274823,-78.6962747,35.34353963872628,-0.113
3601,36449804,6.5797653,35.7274823,-78.6962747,35.34353963872628,-0.113
3602,36449837,6.5984,35.7274823,-78.6962747,35.34353963872628,-0.113
3603,36449870,6.613415,35.7274823,-78.6962747,35.34353963872628,-0.113
3604,36449902,6.660614,35.7274823,-78.6962747,35.34353963872628,-0.113
3605,36449935,6.7202187,35.7274823,-78.6962747,35.34353963872628,-0.113
3606,36449968,6.706829,35.7274823,-78.6962747,35.34353963872628,-0.113
3607,36450001,6.6972084,35.7274823,-78.6962747,35.34353963872628,-0.113
3608,36450033,6.6899033,35.7274823,-78.6962747,35.34353963872628,-0.113
3609,36450066,6.685108,35.7274823,-78.6962747,35.34353963872628,-0.113
3610,36450099,6.6812477,35.7274823,-78.6962747,35.34353963872628,-0.113
3611,36450132,6.6949883,35.7274823,-78.6962747,35.34353963872628,-0.113
3612,36450164,6.713398,35.7274823,-78.6962747,35.34353963872628,-0.113
3613,36450197,6.771122,35.7274823,-78.6962747,35.34353963872628,-0.113
3614,36450230,6.908436,35.7274823,-78.6962747,35.34353963872628,-0.113
3615,36450265,6.876438,35.7274823,-78.6962747,35.34353963872628,-0.113
3616,36450297,6.852108,35.7274823,-78.6962747,35.34353963872628,-0.113
3617,36450330,6.833149,35.7274823,-78.6962747,35.34353963872628,-0.113
3618,36450363,6.8179245,35.7274823,-78.6962747,35.34353963872628,-0.113
3619,36450396,6.8080177,35.7274823,-78.6962747,35.34353963872628,-0.113
3620,36450429,6.8289146,35.7274823,-78.6962747,35.34353963872628,-0.113
3621,36450461,6.8635254,35.7274823,-78.6962747,35.34353963872628,-0.113
3622,36450494,6.8989105,35.7274823,-78.6962747,35.34353963872628,-0.113
3623,36450527,7.069504,35.7274823,-78.6962747,35.34353963872628,-0.113
3624,36450560,7.048321,35.7274823,-78.6962747,35.34353963872628,-0.113
3625,36450592,7.031456,35.7274823,-78.6962747,35.34353963872628,-0.113
3626,36450625,7.018795,35.7274823,-78.6962747,35.34353963872628,-0.113
3627,36450658,7.0090675,35.7274823,-78.6962747,35.34353963872628,-0.113
3628,36450691,7.002266,35.7274823,-78.6962747,35.34353963872628,-0.113
3629,36450723,7.0159035,35.7274823,-78.6962747,35.34353963872628,-0.113
3630,36450756,7.049946,35.7274823,-78.6962747,35.34353963872628,-0.113
3631,36450789,7.07732,35.7274823,-78.6962747,35.34353963872628,-0.113
3632,36450822,7.0975456,35.7274823,-78.6962747,35.34353963872628,-0.113
3633,36450854,7.112301,35.7274823,-78.6962747,35.34353963872628,-0.113
3634,36450887,7.124756,35.7274823,-78.6962747,35.34353963872628,-0.113
3635,36450920,7.268627,35.7274823,-78.6962747,35.34353963872628,-0.113
3636,36450953,7.2617073,35.7274823,-78.6962747,35.34353963872628,-0.113
3637,36450985,7.2373734,35.7274823,-78.6962747,35.34353963872628,-0.113
3638,36451018,7.219082,35.7274823,-78.6962747,35.34353963872628,-0.113
3639,36451051,7.2058105,35.7274823,-78.6962747,35.34353963872628,-0.113
3640,36451084,7.1952515,35.7274823,-78.6962747,35.34353963872628,-0.113
3641,36451116,7.199581,35.7274823,-78.6962747,35.34353963872628,-0.113
3642,36451149,7.232357,35.7274823,-78.6962747,35.34353963872628,-0.113
3643,36451182,7.2568703,35.7274823,-78.6962747,35.34353963872628,-0.113
3644,36451215,7.368313,35.7274823,-78.6962747,35.34353963872628,-0.113
3645,36451247,7.3998833,35.7274823,-78.6962747,35.34353963872628,-0.113
3646,36451280,7.384445,35.7274823,-78.6962747,35.34353963872628,-0.113
3647,36451313,7.372719,35.7274823,-78.6962747,35.34353963872628,-0.113
3648,36451346,7.364109,35.7274823,-78.6962747,35.34353963872628,-0.113
3649,36451378,7.3589706,35.7274823,-78.6962747,35.34353963872628,-0.113
3650,36451411,7.3578873,35.7274823,-78.6962747,35.34353963872628,-0.113
3651,36451444,7.386688,35.7274823,-78.6962747,35.34353963872628,-0.113
3652,36451477,7.411541,35.7274823,-78.6962747,35.34353963872628,-0.113
3653,36451509,7.506279,35.7274823,-78.6962747,35.34353963872628,-0.113
3654,36451542,7.5540924,35.7274823,-78.6962747,35.34353963872628,-0.113
3655,36451575,7.5377617,35.7274823,-78.6962747,35.34353963872628,-0.113
3656,36451608,7.526165,35.7274823,-78.6962747,35.34353963872628,-0.113
3657,36451640,7.5161285,35.7274823,-78.6962747,35.34353963872628,-0.113
3658,36451673,7.509056,35.7274823,-78.6962747,35.34353963872628,-0.113
3659,36451706,7.507408,35.7274823,-78.6962747,35.34353963872628,-0.113
3660,36451739,7.534569,35.7274823,-78.6962747,35.34353963872628,-0.113
3661,36451771,7.5590744,35.7274823,-78.6962747,35.34353963872628,-0.113
3662,36451804,7.577091,35.7274823,-78.6962747,35.34353963872628,-0.113
3663,36451837,7.59243,35.7274823,-78.6962747,35.34353963872628,-0.113
3664,36451870,7.6040726,35.7274823,-78.6962747,35.34353963872628,-0.113
3665,36451902,7.6460876,35.7274823,-78.6962747,35.34353963872628,-0.113
3666,36451935,7.726467,35.7274823,-78.6962747,35.34353963872628,-0.113
3667,36451968,7.7040825,35.7274823,-78.6962747,35.34353963872628,-0.113
3668,36452001,7.6862755,35.7274823,-78.6962747,35.34353963872628,-0.113
3669,36452033,7.6737137,35.7274823,-78.6962747,35.34353963872628,-0.113
3670,36452066,7.664158,35.7274823,-78.6962747,35.34353963872628,-0.113
3671,36452099,7.6581497,35.7274823,-78.6962747,35.34353963872628,-0.113
3672,36452132,7.6748466,35.7274823,-78.6962747,35.34353963872628,-0.113
3673,36452164,7.69878,35.7274823,-78.6962747,35.34353963872628,-0.113
3674,36452197,7.737217,35.7274823,-78.6962747,35.34353963872628,-0.113
3675,36452230,7.8381157,35.7274823,-78.6962747,35.34353963872628,-0.113
3676,36452263,7.820366,35.7274823,-78.6962747,35.34353963872628,-0.113
3677,36452295,7.807873,35.7274823,-78.6962747,35.34353963872628,-0.113
3678,36452328,7.7994156,35.7274823,-78.6962747,35.34353963872628,-0.113
3679,36452363,7.7924232,35.7274823,-78.6962747,35.34353963872628,-0.113
3680,36452396,7.7876015,35.7274823,-78.6962747,35.34353963872628,-0.113
3681,36452428,7.80064,35.7274823,-78.6962747,35.34353963872628,-0.113
3682,36452461,7.8273773,35.7274823,-78.6962747,35.34353963872628,-0.113
3683,36452494,7.846428,35.7274823,-78.6962747,35.34353963872628,-0.113
3684,36452527,7.9738426,35.7274823,-78.6962747,35.34353963872628,-0.113
3685,36452559,7.9569817,35.7274823,-78.6962747,35.34353963872628,-0.113
3686,36452592,7.9430847,35.7274823,-78.6962747,35.34353963872628,-0.113
3687,36452625,7.9319954,35.7274823,-78.6962747,35.34353963872628,-0.113
3688,36452658,7.923683,35.7274823,-78.6962747,35.34353963872628,-0.113
3689,36452690,7.9173584,35.7274823,-78.6962747,35.34353963872628,-0.113
3690,36452724,7.927265,35.7274823,-78.6962747,35.34353963872628,-0.113
3691,36452756,7.95599,35.7274823,-78.6962747,35.34353963872628,-0.113
3692,36452789,7.975132,35.7274823,-78.6962747,35.34353963872628,-0.113
3693,36452821,7.991047,35.7274823,-78.6962747,35.34353963872628,-0.113
3694,36452854,8.003532,35.7274823,-78.6962747,35.34353963872628,-0.113
3695,36452887,8.011723,35.7274823,-78.6962747,35.34353963872628,-0.113
3696,36452920,8.115467,35.7274823,-78.6962747,35.34353963872628,-0.113
3697,36452953,8.117695,35.7274823,-78.6962747,35.34353963872628,-0.113
3698,36452985,8.097141,35.7274823,-78.6962747,35.34353963872628,-0.113
3699,36453018,8.080635,35.7274823,-78.6962747,35.34353963872628,-0.113
3700,36453051,8.069481,35.7274823,-78.6962747,35.34353963872628,-0.113
3701,36453083,8.060963,35.7274823,-78.6962747,35.34353963872628,-0.113
3702,36453116,8.064037,35.7274823,-78.6962747,35.34353963872628,-0.113
3703,36453149,8.090618,35.7274823,-78.6962747,35.34353963872628,-0.113
3704,36453182,8.113083,35.7274823,-78.6962747,35.34353963872628,-0.113
3705,36453214,8.206631,35.7274823,-78.6962747,35.34353963872628,-0.113
3706,36453247,8.241493,35.7274823,-78.6962747,35.34353963872628,-0.113
3707,36453280,8.223579,35.7274823,-78.6962747,35.34353963872628,-0.113
3708,36453313,8.210934,35.7274823,-78.6962747,35.34353963872628,-0.113
3709,36453345,8.202106,35.7274823,-78.6962747,35.34353963872628,-0.113
3710,36453378,8.19585,35.7274823,-78.6962747,35.34353963872628,-0.113
3711,36453411,8.194843,35.7274823,-78.6962747,35.34353963872628,-0.113
3712,36453444,8.221149,35.7274823,-78.6962747,35.34353963872628,-0.113
3713,36453477,8.247021,35.7274823,-78.6962747,35.34353963872628,-0.113
3714,36453509,8.320164,35.7274823,-78.6962747,35.34353963872628,-0.113
3715,36453542,8.392494,35.7274823,-78.6962747,35.34353963872628,-0.113
3716,36453575,8.370827,35.7274823,-78.6962747,35.34353963872628,-0.113
3717,36453608,8.355938,35.7274823,-78.6962747,35.34353963872628,-0.113
3718,36453640,8.345428,35.7274823,-78.6962747,35.34353963872628,-0.113
3719,36453673,8.337151,35.7274823,-78.6962747,35.34353963872628,-0.113
3720,36453706,8.332813,35.7274823,-78.6962747,35.34353963872628,-0.113
3721,36453739,8.360619,35.7274823,-78.6962747,35.34353963872628,-0.113
3722,36453771,8.387791,35.7274823,-78.6962747,35.34353963872628,-0.113
3723,36453804,8.409382,35.7274823,-78.6962747,35.34353963872628,-0.113
3724,36453837,8.424446,35.7274823,-78.6962747,35.34353963872628,-0.113
3725,36453870,8.43663,35.7274823,-78.6962747,35.34353963872628,-0.113
3726,36453902,8.474503,35.7274823,-78.6962747,35.34353963872628,-0.113
3727,36453935,8.572063,35.7274823,-78.6962747,35.34353963872628,-0.113
3728,36453968,8.543442,35.7274823,-78.6962747,35.34353963872628,-0.113
3729,36454001,8.522327,35.7274823,-78.6962747,35.34353963872628,-0.113
3730,36454033,8.50729,35.7274823,-78.6962747,35.34353963872628,-0.113
3731,36454066,8.496353,35.7274823,-78.6962747,35.34353963872628,-0.113
3732,36454099,8.488461,35.7274823,-78.6962747,35.34353963872628,-0.113
3733,36454132,8.507149,35.7274823,-78.6962747,35.34353963872628,-0.113
3734,36454164,8.538204,35.7274823,-78.6962747,35.34353963872628,-0.113
3735,36454197,8.570282,35.7274823,-78.6962747,35.34353963872628,-0.113
3736,36454230,8.832069,35.7274823,-78.6962747,35.34353963872628,-0.113
3737,36454263,8.7715225,35.7274823,-78.6962747,35.34353963872628,-0.113
3738,36454295,8.727867,35.7274823,-78.6962747,35.34353963872628,-0.113
3739,36454328,8.697613,35.7274823,-78.6962747,35.34353963872628,-0.113
3740,36454361,8.675045,35.7274823,-78.6962747,35.34353963872628,-0.113
3741,36454394,8.659637,35.7274823,-78.6962747,35.34353963872628,-0.113
3742,36454428,8.681831,35.7274823,-78.6962747,35.34353963872628,-0.113
3743,36454462,8.754002,35.7274823,-78.6962747,35.34353963872628,-0.113
3744,36454494,8.798946,35.7274823,-78.6962747,35.34353963872628,-0.113
3745,36454527,8.955784,35.7274823,-78.6962747,35.34353963872628,-0.113
3746,36454560,8.95668,35.7274823,-78.6962747,35.34353963872628,-0.113
3747,36454592,8.94677,35.7274823,-78.6962747,35.34353963872628,-0.113
3748,36454625,8.938519,35.7274823,-78.6962747,35.34353963872628,-0.113
3749,36454658,8.933598,35.7274823,-78.6962747,35.34353963872628,-0.113
3750,36454691,8.930584,35.7274823,-78.6962747,35.34353963872628,-0.113
3751,36454723,8.942532,35.7274823,-78.6962747,35.34353963872628,-0.113
3752,36454756,8.979755,35.7274823,-78.6962747,35.34353963872628,-0.113
3753,36454789,9.007771,35.7274823,-78.6962747,35.34353963872628,-0.113
3754,36454821,9.029793,35.7274823,-78.6962747,35.34353963872628,-0.113
3755,36454854,9.043118,35.7274823,-78.6962747,35.34353963872628,-0.113
3756,36454887,9.052788,35.7274823,-78.6962747,35.34353963872628,-0.113
3757,36454920,9.715218,35.7274823,-78.6962747,35.34353963872628,-0.113
3758,36454952,9.786892,35.7274823,-78.6962747,35.34353963872628,-0.113
3759,36454985,9.564133,35.7274823,-78.6962747,35.34353963872628,-0.113
3760,36455018,9.410286,35.7274823,-78.6962747,35.34353963872628,-0.113
3761,36455051,9.305012,35.7274823,-78.6962747,35.34353963872628,-0.113
3762,36455083,9.232658,35.7274823,-78.6962747,35.34353963872628,-0.113
3763,36455116,9.232491,35.7274823,-78.6962747,35.34353963872628,-0.113
3764,36455149,9.480675,35.7274823,-78.6962747,35.34353963872628,-0.113
3765,36455182,9.702412,35.7274823,-78.6962747,35.34353963872628,-0.113
3766,36455214,9.9225235,35.7274823,-78.6962747,35.34353963872628,-0.113
3767,36455247,10.053989,35.7274823,-78.6962747,35.34353963872628,-0.113
3768,36455280,10.091175,35.7274823,-78.6962747,35.34353963872628,-0.113
3769,36455313,10.119656,35.7274823,-78.6962747,35.34353963872628,-0.113
3770,36455346,10.134983,35.7274823,-78.6962747,35.34353963872628,-0.113
3771,36455378,10.1465225,35.7274823,-78.6962747,35.34353963872628,-0.113
3772,36455411,10.15847,35.7274823,-78.6962747,35.34353963872628,-0.113
3773,36455444,10.207161,35.7274823,-78.6962747,35.34353963872628,-0.113
3774,36455476,10.24382,35.7274823,-78.6962747,35.34353963872628,-0.113
3775,36455509,10.319233,35.7274823,-78.6962747,35.34353963872628,-0.113
3776,36455542,10.406139,35.7274823,-78.6962747,35.34353963872628,-0.113
3777,36455575,10.380203,35.7274823,-78.6962747,35.34353963872628,-0.113
3778,36455607,10.362244,35.7274823,-78.6962747,35.34353963872628,-0.113
3779,36455640,10.350094,35.7274823,-78.6962747,35.34353963872628,-0.113
3780,36455673,10.342339,35.7274823,-78.6962747,35.34353963872628,-0.113
3781,36455706,10.338909,35.7274823,-78.6962747,35.34353963872628,-0.113
3782,36455738,10.371696,35.7274823,-78.6962747,35.34353963872628,-0.113
3783,36455771,10.410042,35.7274823,-78.6962747,35.34353963872628,-0.113
3784,36455804,10.436241,35.7274823,-78.6962747,35.34353963872628,-0.113
3785,36455837,10.454193,35.7274823,-78.6962747,35.34353963872628,-0.113
3786,36455869,10.464867,35.7274823,-78.6962747,35.34353963872628,-0.113
3787,36455902,10.493664,35.7274823,-78.6962747,35.34353963872628,-0.113
3788,36455935,10.599503,35.7274823,-78.6962747,35.34353963872628,-0.113
3789,36455968,10.562622,35.7274823,-78.6962747,35.34353963872628,-0.113
3790,36456000,10.538864,35.7274823,-78.6962747,35.34353963872628,-0.113
3791,36456033,10.522736,35.7274823,-78.6962747,35.34353963872628,-0.113
3792,36456066,10.511429,35.7274823,-78.6962747,35.34353963872628,-0.113
3793,36456099,10.504608,35.7274823,-78.6962747,35.34353963872628,-0.113
3794,36456131,10.527176,35.7274823,-78.6962747,35.34353963872628,-0.113
3795,36456164,10.568169,35.7274823,-78.6962747,35.34353963872628,-0.113
3796,36456197,10.593624,35.7274823,-78.6962747,35.34353963872628,-0.113
3797,36456230,10.714394,35.7274823,-78.6962747,35.34353963872628,-0.113
3798,36456263,10.695568,35.7274823,-78.6962747,35.34353963872628,-0.113
3799,36456295,10.6789665,35.7274823,-78.6962747,35.34353963872628,-0.113
3800,36456328,10.667564,35.7274823,-78.6962747,35.34353963872628,-0.113
3801,36456361,10.660198,35.7274823,-78.6962747,35.34353963872628,-0.113
3802,36456394,10.655537,35.7274823,-78.6962747,35.34353963872628,-0.113
3803,36456426,10.669849,35.7274823,-78.6962747,35.34353963872628,-0.113
3804,36456459,10.704906,35.7274823,-78.6962747,35.34353963872628,-0.113
3805,36456492,10.730015,35.7274823,-78.6962747,35.34353963872628,-0.113
3806,36456526,10.770428,35.7274823,-78.6962747,35.34353963872628,-0.113
3807,36456559,10.778194,35.7274823,-78.6962747,35.34353963872628,-0.113
3808,36456592,10.777683,35.7274823,-78.6962747,35.34353963872628,-0.113
3809,36456625,10.778515,35.7274823,-78.6962747,35.34353963872628,-0.113
3810,36456658,10.778622,35.7274823,-78.6962747,35.34353963872628,-0.113
3811,36456690,10.778435,35.7274823,-78.6962747,35.34353963872628,-0.113
3812,36456723,10.781071,35.7274823,-78.6962747,35.34353963872628,-0.113
3813,36456756,10.791992,35.7274823,-78.6962747,35.34353963872628,-0.113
3814,36456789,10.799347,35.7274823,-78.6962747,35.34353963872628,-0.113
3815,36456821,10.803482,35.7274823,-78.6962747,35.34353963872628,-0.113
3816,36456854,10.807167,35.7274823,-78.6962747,35.34353963872628,-0.113
3817,36456887,10.809475,35.7274823,-78.6962747,35.34353963872628,-0.113
3818,36456920,10.862396,35.7274823,-78.6962747,35.34353963872628,-0.113
3819,36456952,10.875206,35.7274823,-78.6962747,35.34353963872628,-0.113
3820,36456985,10.854198,35.7274823,-78.6962747,35.34353963872628,-0.113
3821,36457018,10.840115,35.7274823,-78.6962747,35.34353963872628,-0.113
3822,36457051,10.830776,35.7274823,-78.6962747,35.34353963872628,-0.113
3823,36457083,10.824875,35.7274823,-78.6962747,35.34353963872628,-0.113
3824,36457116,10.8255005,35.7274823,-78.6962747,35.34353963872628,-0.113
3825,36457149,10.851009,35.7274823,-78.6962747,35.34353963872628,-0.113
3826,36457182,10.871567,35.7274823,-78.6962747,35.34353963872628,-0.113
3827,36457214,10.910141,35.7274823,-78.6962747,35.34353963872628,-0.113
3828,36457247,10.945232,35.7274823,-78.6962747,35.34353963872628,-0.113
3829,36457280,10.933983,35.7274823,-78.6962747,35.34353963872628,-0.113
3830,36457313,10.926559,35.7274823,-78.6962747,35.34353963872628,-0.113
3831,36457345,10.921543,35.7274823,-78.6962747,35.34353963872628,-0.113
3832,36457378,10.919247,35.7274823,-78.6962747,35.34353963872628,-0.113
3833,36457411,10.9182625,35.7274823,-78.6962747,35.34353963872628,-0.113
3834,36457444,10.933903,35.7274823,-78.6962747,35.34353963872628,-0.113
3835,36457476,10.952278,35.7274823,-78.6962747,35.34353963872628,-0.113
3836,36457509,10.981174,35.7274823,-78.6962747,35.34353963872628,-0.113
3837,36457542,10.687752,35.7274823,-78.6962747,35.34353963872628,-0.113
3838,36457575,11.130653,35.7274823,-78.6962747,35.34353963872628,-0.113
3839,36457607,11.080135,35.7274823,-78.6962747,35.34353963872628,-0.113
3840,36457640,11.047253,35.7274823,-78.6962747,35.34353963872628,-0.113
3841,36457673,11.025845,35.7274823,-78.6962747,35.34353963872628,-0.113
3842,36457706,11.011478,35.7274823,-78.6962747,35.34353963872628,-0.113
3843,36457738,11.013245,35.7274823,-78.6962747,35.34353963872628,-0.113
3844,36457771,10.902969,35.7274823,-78.6962747,35.34353963872628,-0.113
3845,36457804,10.955574,35.7274823,-78.6962747,35.34353963872628,-0.113
3846,36457837,10.990448,35.7274823,-78.6962747,35.34353963872628,-0.113
3847,36457869,11.014259,35.7274823,-78.6962747,35.34353963872628,-0.113
3848,36457902,11.028397,35.7274823,-78.6962747,35.34353963872628,-0.113
3849,36457935,11.0662155,35.7274823,-78.6962747,35.34353963872628,-0.113
3850,36457968,11.061836,35.7274823,-78.6962747,35.34353963872628,-0.113
3851,36458000,11.059826,35.7274823,-78.6962747,35.34353963872628,-0.113
3852,36458033,11.058895,35.7274823,-78.6962747,35.34353963872628,-0.113
3853,36458066,11.058483,35.7274823,-78.6962747,35.34353963872628,-0.113
3854,36458099,11.057022,35.7274823,-78.6962747,35.34353963872628,-0.113
3855,36458131,11.061695,35.7274823,-78.6962747,35.34353963872628,-0.113
3856,36458164,11.071251,35.7274823,-78.6962747,35.34353963872628,-0.113
3857,36458197,11.078579,35.7274823,-78.6962747,35.34353963872628,-0.113
3858,36458230,11.199078,35.7274823,-78.6962747,35.34353963872628,-0.113
3859,36458262,11.17207,35.7274823,-78.6962747,35.34353963872628,-0.113
3860,36458295,11.1430855,35.7274823,-78.6962747,35.34353963872628,-0.113
3861,36458328,11.124489,35.7274823,-78.6962747,35.34353963872628,-0.113
3862,36458361,11.112225,35.7274823,-78.6962747,35.34353963872628,-0.113
3863,36458393,11.104317,35.7274823,-78.6962747,35.34353963872628,-0.113
3864,36458426,11.11615,35.7274823,-78.6962747,35.34353963872628,-0.113
3865,36458459,11.1633835,35.7274823,-78.6962747,35.34353963872628,-0.113
3866,36458492,11.192333,35.7274823,-78.6962747,35.34353963872628,-0.113
3867,36458524,11.208534,35.7274823,-78.6962747,35.34353963872628,-0.113
3868,36458557,11.221775,35.7274823,-78.6962747,35.34353963872628,-0.113
3869,36458590,11.231777,35.7274823,-78.6962747,35.34353963872628,-0.113
3870,36458625,11.237106,35.7274823,-78.6962747,35.34353963872628,-0.113
3871,36458658,11.241642,35.7274823,-78.6962747,35.34353963872628,-0.113
3872,36458690,11.244335,35.7274823,-78.6962747,35.34353963872628,-0.113
3873,36458723,11.245232,35.7274823,-78.6962747,35.34353963872628,-0.113
3874,36458756,11.243885,35.7274823,-78.6962747,35.34353963872628,-0.113
3875,36458789,11.243732,35.7274823,-78.6962747,35.34353963872628,-0.113
3876,36458821,11.243526,35.7274823,-78.6962747,35.34353963872628,-0.113
3877,36458854,11.243134,35.7274823,-78.6962747,35.34353963872628,-0.113
3878,36458887,11.242596,35.7274823,-78.6962747,35.34353963872628,-0.113
3879,36458920,11.290237,35.7274823,-78.6962747,35.34353963872628,-0.113
3880,36458952,11.310322,35.7274823,-78.6962747,35.34353963872628,-0.113
3881,36458985,11.28532,35.7274823,-78.6962747,35.34353963872628,-0.113
3882,36459018,11.26955,35.7274823,-78.6962747,35.34353963872628,-0.113
3883,36459050,11.260384,35.7274823,-78.6962747,35.34353963872628,-0.113
3884,36459083,11.254063,35.7274823,-78.6962747,35.34353963872628,-0.113
3885,36459116,11.252384,35.7274823,-78.6962747,35.34353963872628,-0.113
3886,36459149,11.279152,35.7274823,-78.6962747,35.34353963872628,-0.113
3887,36459181,11.3042145,35.7274823,-78.6962747,35.34353963872628,-0.113
3888,36459214,11.306747,35.7274823,-78.6962747,35.34353963872628,-0.113
3889,36459247,11.298393,35.7274823,-78.6962747,35.34353963872628,-0.113
3890,36459280,11.31599,35.7274823,-78.6962747,35.34353963872628,-0.113
3891,36459313,11.32703,35.7274823,-78.6962747,35.34353963872628,-0.113
3892,36459345,11.3342705,35.7274823,-78.6962747,35.34353963872628,-0.113
3893,36459378,11.338493,35.7274823,-78.6962747,35.34353963872628,-0.113
3894,36459411,11.340851,35.7274823,-78.6962747,35.34353963872628,-0.113
3895,36459443,11.332142,35.7274823,-78.6962747,35.34353963872628,-0.113
3896,36459476,11.323093,35.7274823,-78.6962747,35.34353963872628,-0.113
3897,36459509,11.305454,35.7274823,-78.6962747,35.34353963872628,-0.113
3898,36459542,11.248051,35.7274823,-78.6962747,35.34353963872628,-0.113
3899,36459574,11.268139,35.7274823,-78.6962747,35.34353963872628,-0.113
3900,36459607,11.281048,35.7274823,-78.6962747,35.34353963872628,-0.113
3901,36459640,11.288872,35.7274823,-78.6962747,35.34353963872628,-0.113
3902,36459673,11.294182,35.7274823,-78.6962747,35.34353963872628,-0.113
3903,36459705,11.298336,35.7274823,-78.6962747,35.34353963872628,-0.113
3904,36459738,11.285198,35.7274823,-78.6962747,35.34353963872628,-0.113
3905,36459771,11.26181,35.7274823,-78.6962747,35.34353963872628,-0.113
3906,36459804,11.2467575,35.7274823,-78.6962747,35.34353963872628,-0.113
3907,36459837,11.238491,35.7274823,-78.6962747,35.34353963872628,-0.113
3908,36459869,11.232456,35.7274823,-78.6962747,35.34353963872628,-0.113
3909,36459902,11.228264,35.7274823,-78.6962747,35.34353963872628,-0.113
3910,36459935,11.176044,35.7274823,-78.6962747,35.34353963872628,-0.113
3911,36459968,11.189411,35.7274823,-78.6962747,35.34353963872628,-0.113
3912,36460000,11.20034,35.7274823,-78.6962747,35.34353963872628,-0.113
3913,36460033,11.207546,35.7274823,-78.6962747,35.34353963872628,-0.113
3914,36460066,11.212452,35.7274823,-78.6962747,35.34353963872628,-0.113
3915,36460099,11.215317,35.7274823,-78.6962747,35.34353963872628,-0.113
3916,36460131,11.209785,35.7274823,-78.6962747,35.34353963872628,-0.113
3917,36460164,11.190418,35.7274823,-78.6962747,35.34353963872628,-0.113
3918,36460197,11.178879,35.7274823,-78.6962747,35.34353963872628,-0.113
3919,36460230,11.015545,35.7274823,-78.6962747,35.34353963872628,-0.113
3920,36460262,11.024548,35.7274823,-78.6962747,35.34353963872628,-0.113
3921,36460295,11.070259,35.7274823,-78.6962747,35.34353963872628,-0.113
3922,36460328,11.100315,35.7274823,-78.6962747,35.34353963872628,-0.113
3923,36460361,11.119999,35.7274823,-78.6962747,35.34353963872628,-0.113
3924,36460393,11.132462,35.7274823,-78.6962747,35.34353963872628,-0.113
3925,36460426,11.1219635,35.7274823,-78.6962747,35.34353963872628,-0.113
3926,36460459,11.057419,35.7274823,-78.6962747,35.34353963872628,-0.113
3927,36460492,11.008713,35.7274823,-78.6962747,35.34353963872628,-0.113
3928,36460524,10.92506,35.7274823,-78.6962747,35.34353963872628,-0.113
3929,36460557,10.898369,35.7274823,-78.6962747,35.34353963872628,-0.113
3930,36460590,10.904133,35.7274823,-78.6962747,35.34353963872628,-0.113
3931,36460623,10.908985,35.7274823,-78.6962747,35.34353963872628,-0.113
3932,36460655,10.911358,35.7274823,-78.6962747,35.34353963872628,-0.113
3933,36460688,10.912876,35.7274823,-78.6962747,35.34353963872628,-0.113
3934,36460723,10.910431,35.7274823,-78.6962747,35.34353963872628,-0.113
3935,36460755,10.884262,35.7274823,-78.6962747,35.34353963872628,-0.113
3936,36460788,10.863407,35.7274823,-78.6962747,35.34353963872628,-0.113
3937,36460821,10.850895,35.7274823,-78.6962747,35.34353963872628,-0.113
3938,36460854,10.841877,35.7274823,-78.6962747,35.34353963872628,-0.113
3939,36460887,10.836079,35.7274823,-78.6962747,35.34353963872628,-0.113
3940,36460919,10.755653,35.7274823,-78.6962747,35.34353963872628,-0.113
3941,36460952,10.66629,35.7274823,-78.6962747,35.34353963872628,-0.113
3942,36460985,10.719528,35.7274823,-78.6962747,35.34353963872628,-0.113
3943,36461018,10.755367,35.7274823,-78.6962747,35.34353963872628,-0.113
3944,36461050,10.778702,35.7274823,-78.6962747,35.34353963872628,-0.113
3945,36461083,10.794807,35.7274823,-78.6962747,35.34353963872628,-0.113
3946,36461116,10.802547,35.7274823,-78.6962747,35.34353963872628,-0.113
3947,36461149,10.7488785,35.7274823,-78.6962747,35.34353963872628,-0.113
3948,36461181,10.697617,35.7274823,-78.6962747,35.34353963872628,-0.113
3949,36461214,10.638046,35.7274823,-78.6962747,35.34353963872628,-0.113
3950,36461247,10.559826,35.7274823,-78.6962747,35.34353963872628,-0.113
3951,36461280,10.569847,35.7274823,-78.6962747,35.34353963872628,-0.113
3952,36461312,10.577442,35.7274823,-78.6962747,35.34353963872628,-0.113
3953,36461345,10.582809,35.7274823,-78.6962747,35.34353963872628,-0.113
3954,36461378,10.585514,35.7274823,-78.6962747,35.34353963872628,-0.113
3955,36461411,10.586979,35.7274823,-78.6962747,35.34353963872628,-0.113
3956,36461443,10.566391,35.7274823,-78.6962747,35.34353963872628,-0.113
3957,36461476,10.539364,35.7274823,-78.6962747,35.34353963872628,-0.113
3958,36461509,10.515156,35.7274823,-78.6962747,35.34353963872628,-0.113
3959,36461542,10.435104,35.7274823,-78.6962747,35.34353963872628,-0.113
3960,36461574,10.452187,35.7274823,-78.6962747,35.34353963872628,-0.113
3961,36461607,10.464798,35.7274823,-78.6962747,35.34353963872628,-0.113
3962,36461640,10.47213,35.7274823,-78.6962747,35.34353963872628,-0.113
3963,36461673,10.476337,35.7274823,-78.6962747,35.34353963872628,-0.113
3964,36461705,10.479725,35.7274823,-78.6962747,35.34353963872628,-0.113
3965,36461738,10.4668045,35.7274823,-78.6962747,35.34353963872628,-0.113
3966,36461771,10.442863,35.7274823,-78.6962747,35.34353963872628,-0.113
3967,36461804,10.42651,35.7274823,-78.6962747,35.34353963872628,-0.113
3968,36461836,10.3412285,35.7274823,-78.6962747,35.34353963872628,-0.113
3969,36461869,10.354279,35.7274823,-78.6962747,35.34353963872628,-0.113
3970,36461902,10.367767,35.7274823,-78.6962747,35.34353963872628,-0.113
3971,36461935,10.375881,35.7274823,-78.6962747,35.34353963872628,-0.113
3972,36461968,10.381336,35.7274823,-78.6962747,35.34353963872628,-0.113
3973,36462000,10.385452,35.7274823,-78.6962747,35.34353963872628,-0.113
3974,36462033,10.377136,35.7274823,-78.6962747,35.34353963872628,-0.113
3975,36462066,10.351376,35.7274823,-78.6962747,35.34353963872628,-0.113
3976,36462098,10.333122,35.7274823,-78.6962747,35.34353963872628,-0.113
3977,36462131,10.322006,35.7274823,-78.6962747,35.34353963872628,-0.113
3978,36462164,10.314014,35.7274823,-78.6962747,35.34353963872628,-0.113
3979,36462197,10.308914,35.7274823,-78.6962747,35.34353963872628,-0.113
3980,36462230,10.328384,35.7274823,-78.6962747,35.34353963872628,-0.113
3981,36462262,10.327965,35.7274823,-78.6962747,35.34353963872628,-0.113
3982,36462295,10.318371,35.7274823,-78.6962747,35.34353963872628,-0.113
3983,36462328,10.31115,35.7274823,-78.6962747,35.34353963872628,-0.113
3984,36462361,10.306698,35.7274823,-78.6962747,35.34353963872628,-0.113
3985,36462393,10.30349,35.7274823,-78.6962747,35.34353963872628,-0.113
3986,36462426,10.304295,35.7274823,-78.6962747,35.34353963872628,-0.113
3987,36462459,10.312836,35.7274823,-78.6962747,35.34353963872628,-0.113
3988,36462492,10.320507,35.7274823,-78.6962747,35.34353963872628,-0.113
3989,36462524,10.286068,35.7274823,-78.6962747,35.34353963872628,-0.113
3990,36462557,10.268528,35.7274823,-78.6962747,35.34353963872628,-0.113
3991,36462590,10.289967,35.7274823,-78.6962747,35.34353963872628,-0.113
3992,36462623,10.305653,35.7274823,-78.6962747,35.34353963872628,-0.113
3993,36462655,10.315956,35.7274823,-78.6962747,35.34353963872628,-0.113
3994,36462688,10.32288,35.7274823,-78.6962747,35.34353963872628,-0.113
3995,36462721,10.324268,35.7274823,-78.6962747,35.34353963872628,-0.113
3996,36462754,10.305363,35.7274823,-78.6962747,35.34353963872628,-0.113
3997,36462786,10.285408,35.7274823,-78.6962747,35.34353963872628,-0.113
3998,36462821,10.272213,35.7274823,-78.6962747,35.34353963872628,-0.113
3999,36462854,10.263222,35.7274823,-78.6962747,35.34353963872628,-0.113
4000,36462887,10.258301,35.7274823,-78.6962747,35.34353963872628,-0.113
4001,36462920,10.262142,35.7274823,-78.6962747,35.34353963872628,-0.113
4002,36462952,10.27343,35.7274823,-78.6962747,35.34353963872628,-0.113
4003,36462985,10.264473,35.7274823,-78.6962747,35.34353963872628,-0.113
4004,36463018,10.259163,35.7274823,-78.6962747,35.34353963872628,-0.113
4005,36463051,10.2550125,35.7274823,-78.6962747,35.34353963872628,-0.113
4006,36463083,10.251957,35.7274823,-78.6962747,35.34353963872628,-0.113
4007,36463116,10.249863,35.7274823,-78.6962747,35.34353963872628,-0.113
4008,36463149,10.255062,35.7274823,-78.6962747,35.34353963872628,-0.113
4009,36463182,10.261581,35.7274823,-78.6962747,35.34353963872628,-0.113
4010,36463214,10.14249,35.7274823,-78.6962747,35.34353963872628,-0.113
4011,36463247,9.284027,35.7274823,-78.6962747,35.34353963872628,-0.113
4012,36463280,9.583778,35.7274823,-78.6962747,35.34353963872628,-0.113
4013,36463312,9.790485,35.7274823,-78.6962747,35.34353963872628,-0.113
4014,36463345,9.933277,35.7274823,-78.6962747,35.34353963872628,-0.113
4015,36463378,10.034203,35.7274823,-78.6962747,35.34353963872628,-0.113
4016,36463411,10.103912,35.7274823,-78.6962747,35.34353963872628,-0.113
4017,36463443,9.958008,35.7274823,-78.6962747,35.34353963872628,-0.113
4018,36463476,9.682732,35.7274823,-78.6962747,35.34353963872628,-0.113
4019,36463509,9.500278,35.7274823,-78.6962747,35.34353963872628,-0.113
4020,36463542,9.291096,35.7274823,-78.6962747,35.34353963872628,-0.113
4021,36463574,9.215542,35.7274823,-78.6962747,35.34353963872628,-0.113
4022,36463607,9.16898,35.7274823,-78.6962747,35.34353963872628,-0.113
4023,36463640,9.135216,35.7274823,-78.6962747,35.34353963872628,-0.113
4024,36463673,9.109371,35.7274823,-78.6962747,35.34353963872628,-0.113
4025,36463705,9.091156,35.7274823,-78.6962747,35.34353963872628,-0.113
4026,36463738,9.069546,35.7274823,-78.6962747,35.34353963872628,-0.113
4027,36463771,9.038071,35.7274823,-78.6962747,35.34353963872628,-0.113
4028,36463804,9.015945,35.7274823,-78.6962747,35.34353963872628,-0.113
4029,36463836,8.854816,35.7274823,-78.6962747,35.34353963872628,-0.113
4030,36463869,8.855968,35.7274823,-78.6962747,35.34353963872628,-0.113
4031,36463902,8.885929,35.7274823,-78.6962747,35.34353963872628,-0.113
4032,36463935,8.908047,35.7274823,-78.6962747,35.34353963872628,-0.113
4033,36463967,8.924084,35.7274823,-78.6962747,35.34353963872628,-0.113
4034,36464000,8.934269,35.7274823,-78.6962747,35.34353963872628,-0.113
4035,36464033,8.928379,35.7274823,-78.6962747,35.34353963872628,-0.113
4036,36464066,8.880814,35.7274823,-78.6962747,35.34353963872628,-0.113
4037,36464098,8.846802,35.7274823,-78.6962747,35.34353963872628,-0.113
4038,36464131,8.821003,35.7274823,-78.6962747,35.34353963872628,-0.113
4039,36464165,8.802532,35.7274823,-78.6962747,35.34353963872628,-0.113
4040,36464197,8.789558,35.7274823,-78.6962747,35.34353963872628,-0.113
4041,36464230,8.730343,35.7274823,-78.6962747,35.34353963872628,-0.113
4042,36464262,8.7116165,35.7274823,-78.6962747,35.34353963872628,-0.113
4043,36464295,8.7247505,35.7274823,-78.6962747,35.34353963872628,-0.113
4044,36464328,8.734329,35.7274823,-78.6962747,35.34353963872628,-0.113
4045,36464360,8.741016,35.7274823,-78.6962747,35.34353963872628,-0.113
4046,36464393,8.745506,35.7274823,-78.6962747,35.34353963872628,-0.113
4047,36464426,8.745213,35.7274823,-78.6962747,35.34353963872628,-0.113
4048,36464459,8.726807,35.7274823,-78.6962747,35.34353963872628,-0.113
4049,36464492,8.7098465,35.7274823,-78.6962747,35.34353963872628,-0.113
4050,36464525,8.555141,35.7274823,-78.6962747,35.34353963872628,-0.113
4051,36464557,8.402893,35.7274823,-78.6962747,35.34353963872628,-0.113
4052,36464590,8.475433,35.7274823,-78.6962747,35.34353963872628,-0.113
4053,36464623,8.527172,35.7274823,-78.6962747,35.34353963872628,-0.113
4054,36464655,8.5648575,35.7274823,-78.6962747,35.34353963872628,-0.113
4055,36464688,8.59264,35.7274823,-78.6962747,35.34353963872628,-0.113
4056,36464721,8.608963,35.7274823,-78.6962747,35.34353963872628,-0.113
4057,36464754,8.5464325,35.7274823,-78.6962747,35.34353963872628,-0.113
4058,36464786,8.471504,35.7274823,-78.6962747,35.34353963872628,-0.113
4059,36464819,8.421959,35.7274823,-78.6962747,35.34353963872628,-0.113
4060,36464852,8.385712,35.7274823,-78.6962747,35.34353963872628,-0.113
4061,36464885,8.3580475,35.7274823,-78.6962747,35.34353963872628,-0.113
4062,36464919,8.316566,35.7274823,-78.6962747,35.34353963872628,-0.113
4063,36464952,8.250523,35.7274823,-78.6962747,35.34353963872628,-0.113
4064,36464985,8.259922,35.7274823,-78.6962747,35.34353963872628,-0.113
4065,36465018,8.266438,35.7274823,-78.6962747,35.34353963872628,-0.113
4066,36465050,8.271618,35.7274823,-78.6962747,35.34353963872628,-0.113
4067,36465083,8.2749405,35.7274823,-78.6962747,35.34353963872628,-0.113
4068,36465116,8.27676,35.7274823,-78.6962747,35.34353963872628,-0.113
4069,36465149,8.26342,35.7274823,-78.6962747,35.34353963872628,-0.113
4070,36465181,8.244816,35.7274823,-78.6962747,35.34353963872628,-0.113
4071,36465214,8.209156,35.7274823,-78.6962747,35.34353963872628,-0.113
4072,36465247,7.79937,35.7274823,-78.6962747,35.34353963872628,-0.113
4073,36465280,7.900261,35.7274823,-78.6962747,35.34353963872628,-0.113
4074,36465312,7.975502,35.7274823,-78.6962747,35.34353963872628,-0.113
4075,36465345,8.031902,35.7274823,-78.6962747,35.34353963872628,-0.113
4076,36465378,8.07317,35.7274823,-78.6962747,35.34353963872628,-0.113
4077,36465410,8.104275,35.7274823,-78.6962747,35.34353963872628,-0.113
4078,36465443,8.072304,35.7274823,-78.6962747,35.34353963872628,-0.113
4079,36465476,7.9764214,35.7274823,-78.6962747,35.34353963872628,-0.113
4080,36465509,7.900341,35.7274823,-78.6962747,35.34353963872628,-0.113
4081,36465542,7.7823715,35.7274823,-78.6962747,35.34353963872628,-0.113
4082,36465574,7.7521286,35.7274823,-78.6962747,35.34353963872628,-0.113
4083,36465607,7.7270203,35.7274823,-78.6962747,35.34353963872628,-0.113
4084,36465640,7.719925,35.7274823,-78.6962747,35.34353963872628,-0.113
4085,36465673,7.7144165,35.7274823,-78.6962747,35.34353963872628,-0.113
4086,36465705,7.703747,35.7274823,-78.6962747,35.34353963872628,-0.113
4087,36465738,7.679611,35.7274823,-78.6962747,35.34353963872628,-0.113
4088,36465771,7.662304,35.7274823,-78.6962747,35.34353963872628,-0.113
4089,36465804,7.5845222,35.7274823,-78.6962747,35.34353963872628,-0.113
4090,36465836,7.570305,35.7274823,-78.6962747,35.34353963872628,-0.113
4091,36465869,7.580284,35.7274823,-78.6962747,35.34353963872628,-0.113
4092,36465902,7.587246,35.7274823,-78.6962747,35.34353963872628,-0.113
4093,36465935,7.5930595,35.7274823,-78.6962747,35.34353963872628,-0.113
4094,36465967,7.5968857,35.7274823,-78.6962747,35.34353963872628,-0.113
4095,36466000,7.5958366,35.7274823,-78.6962747,35.34353963872628,-0.113
4096,36466033,7.576618,35.7274823,-78.6962747,35.34353963872628,-0.113
4097,36466066,7.559799,35.7274823,-78.6962747,35.34353963872628,-0.113
4098,36466098,7.5476456,35.7274823,-78.6962747,35.34353963872628,-0.113
4099,36466131,7.53944,35.7274823,-78.6962747,35.34353963872628,-0.113
4100,36466164,7.531662,35.7274823,-78.6962747,35.34353963872628,-0.113
4101,36466197,7.312687,35.7274823,-78.6962747,35.34353963872628,-0.113
4102,36466229,7.147442,35.7274823,-78.6962747,35.34353963872628,-0.113
4103,36466262,7.2361755,35.7274823,-78.6962747,35.34353963872628,-0.113
4104,36466295,7.3016357,35.7274823,-78.6962747,35.34353963872628,-0.113
4105,36466327,7.351349,35.7274823,-78.6962747,35.34353963872628,-0.113
4106,36466360,7.3904266,35.7274823,-78.6962747,35.34353963872628,-0.113
4107,36466393,7.4127235,35.7274823,-78.6962747,35.34353963872628,-0.113
4108,36466426,7.3422394,35.7274823,-78.6962747,35.34353963872628,-0.113
4109,36466459,7.260845,35.7274823,-78.6962747,35.34353963872628,-0.113
4110,36466492,7.175499,35.7274823,-78.6962747,35.34353963872628,-0.113
4111,36466524,7.088291,35.7274823,-78.6962747,35.34353963872628,-0.113
4112,36466557,7.0711937,35.7274823,-78.6962747,35.34353963872628,-0.113
4113,36466590,7.05727,35.7274823,-78.6962747,35.34353963872628,-0.113
4114,36466622,7.0499268,35.7274823,-78.6962747,35.34353963872628,-0.113
4115,36466655,7.0428925,35.7274823,-78.6962747,35.34353963872628,-0.113
4116,36466688,7.0357895,35.7274823,-78.6962747,35.34353963872628,-0.113
4117,36466721,7.01667,35.7274823,-78.6962747,35.34353963872628,-0.113
4118,36466753,6.9958115,35.7274823,-78.6962747,35.34353963872628,-0.113
4119,36466786,6.9653015,35.7274823,-78.6962747,35.34353963872628,-0.113
4120,36466819,6.888504,35.7274823,-78.6962747,35.34353963872628,-0.113
4121,36466852,6.8986397,35.7274823,-78.6962747,35.34353963872628,-0.113
4122,36466884,6.9050903,35.7274823,-78.6962747,35.34353963872628,-0.113
4123,36466917,6.91098,35.7274823,-78.6962747,35.34353963872628,-0.113
4124,36466950,6.913677,35.7274823,-78.6962747,35.34353963872628,-0.113
4125,36466983,6.917671,35.7274823,-78.6962747,35.34353963872628,-0.113
4126,36467017,6.9087677,35.7274823,-78.6962747,35.34353963872628,-0.113
4127,36467050,6.890747,35.7274823,-78.6962747,35.34353963872628,-0.113
4128,36467083,6.8770905,35.7274823,-78.6962747,35.34353963872628,-0.113
4129,36467116,6.867813,35.7274823,-78.6962747,35.34353963872628,-0.113
4130,36467148,6.860958,35.7274823,-78.6962747,35.34353963872628,-0.113
4131,36467181,6.8544006,35.7274823,-78.6962747,35.34353963872628,-0.113
4132,36467214,6.525543,35.7274823,-78.6962747,35.34353963872628,-0.113
4133,36467247,6.589302,35.7274823,-78.6962747,35.34353963872628,-0.113
4134,36467279,6.6453285,35.7274823,-78.6962747,35.34353963872628,-0.113
4135,36467312,6.687916,35.7274823,-78.6962747,35.34353963872628,-0.113
4136,36467345,6.7208557,35.7274823,-78.6962747,35.34353963872628,-0.113
4137,36467378,6.747017,35.7274823,-78.6962747,35.34353963872628,-0.113
4138,36467410,6.7347984,35.7274823,-78.6962747,35.34353963872628,-0.113
4139,36467443,6.671322,35.7274823,-78.6962747,35.34353963872628,-0.113
4140,36467476,6.625187,35.7274823,-78.6962747,35.34353963872628,-0.113
4141,36467509,6.5477867,35.7274823,-78.6962747,35.34353963872628,-0.113
4142,36467541,6.517235,35.7274823,-78.6962747,35.34353963872628,-0.113
4143,36467574,6.503628,35.7274823,-78.6962747,35.34353963872628,-0.113
4144,36467607,6.4944267,35.7274823,-78.6962747,35.34353963872628,-0.113
4145,36467640,6.4868164,35.7274823,-78.6962747,35.34353963872628,-0.113
4146,36467672,6.4807014,35.7274823,-78.6962747,35.34353963872628,-0.113
4147,36467705,6.4725,35.7274823,-78.6962747,35.34353963872628,-0.113
4148,36467738,6.458111,35.7274823,-78.6962747,35.34353963872628,-0.113
4149,36467771,6.4449043,35.7274823,-78.6962747,35.34353963872628,-0.113
4150,36467803,6.4098167,35.7274823,-78.6962747,35.34353963872628,-0.113
4151,36467836,6.3970795,35.7274823,-78.6962747,35.34353963872628,-0.113
4152,36467869,6.3987503,35.7274823,-78.6962747,35.34353963872628,-0.113
4153,36467902,6.400219,35.7274823,-78.6962747,35.34353963872628,-0.113
4154,36467934,6.4003944,35.7274823,-78.6962747,35.34353963872628,-0.113
4155,36467967,6.4009247,35.7274823,-78.6962747,35.34353963872628,-0.113
4156,36468000,6.4007034,35.7274823,-78.6962747,35.34353963872628,-0.113
4157,36468033,6.3919334,35.7274823,-78.6962747,35.34353963872628,-0.113
4158,36468066,6.3856087,35.7274823,-78.6962747,35.34353963872628,-0.113
4159,36468098,6.380081,35.7274823,-78.6962747,35.34353963872628,-0.113
4160,36468131,6.375828,35.7274823,-78.6962747,35.34353963872628,-0.113
4161,36468164,6.372921,35.7274823,-78.6962747,35.34353963872628,-0.113
4162,36468196,6.282776,35.7274823,-78.6962747,35.34353963872628,-0.113
4163,36468229,6.1783295,35.7274823,-78.6962747,35.34353963872628,-0.113
4164,36468262,6.218292,35.7274823,-78.6962747,35.34353963872628,-0.113
4165,36468295,6.249748,35.7274823,-78.6962747,35.34353963872628,-0.113
4166,36468328,6.273899,35.7274823,-78.6962747,35.34353963872628,-0.113
4167,36468360,6.2928886,35.7274823,-78.6962747,35.34353963872628,-0.113
4168,36468393,6.3040657,35.7274823,-78.6962747,35.34353963872628,-0.113
4169,36468426,6.279457,35.7274823,-78.6962747,35.34353963872628,-0.113
4170,36468459,6.246029,35.7274823,-78.6962747,35.34353963872628,-0.113
4171,36468491,6.2167664,35.7274823,-78.6962747,35.34353963872628,-0.113
4172,36468524,6.189842,35.7274823,-78.6962747,35.34353963872628,-0.113
4173,36468557,6.176689,35.7274823,-78.6962747,35.34353963872628,-0.113
4174,36468590,3.7783508,35.7274823,-78.6962747,35.34353963872628,-0.113
4175,36468622,4.238453,35.7274823,-78.6962747,35.34353963872628,-0.113
4176,36468655,6.277664,35.7274823,-78.6962747,35.34353963872628,-0.113
4177,36468688,6.9173737,35.7274823,-78.6962747,35.34353963872628,-0.113
4178,36468721,6.7500687,35.7274823,-78.6962747,35.34353963872628,-0.113
4179,36468753,6.6162834,35.7274823,-78.6962747,35.34353963872628,-0.113
4180,36468786,6.3209763,35.7274823,-78.6962747,35.34353963872628,-0.113
4181,36468819,5.8105164,35.7274823,-78.6962747,35.34353963872628,-0.113
4182,36468852,5.4370537,35.7274823,-78.6962747,35.34353963872628,-0.113
4183,36468884,5.5106277,35.7274823,-78.6962747,35.34353963872628,-0.113
4184,36468917,5.6409874,35.7274823,-78.6962747,35.34353963872628,-0.113
4185,36468950,5.7346344,35.7274823,-78.6962747,35.34353963872628,-0.113
4186,36468983,5.81464,35.7274823,-78.6962747,35.34353963872628,-0.113
4187,36469015,5.8812637,35.7274823,-78.6962747,35.34353963872628,-0.113
4188,36469048,5.931587,35.7274823,-78.6962747,35.34353963872628,-0.113
4189,36469081,5.970402,35.7274823,-78.6962747,35.34353963872628,-0.113
4190,36469116,6.001896,35.7274823,-78.6962747,35.34353963872628,-0.113
4191,36469148,6.028675,35.7274823,-78.6962747,35.34353963872628,-0.113
4192,36469181,6.0471573,35.7274823,-78.6962747,35.34353963872628,-0.113
4193,36469214,6.0769157,35.7274823,-78.6962747,35.34353963872628,-0.113
4194,36469247,6.0884933,35.7274823,-78.6962747,35.34353963872628,-0.113
4195,36469279,6.0952644,35.7274823,-78.6962747,35.34353963872628,-0.113
4196,36469312,6.100704,35.7274823,-78.6962747,35.34353963872628,-0.113
4197,36469345,6.1038437,35.7274823,-78.6962747,35.34353963872628,-0.113
4198,36469378,6.1073647,35.7274823,-78.6962747,35.34353963872628,-0.113
4199,36469410,6.1111336,35.7274823,-78.6962747,35.34353963872628,-0.113
4200,36469443,6.11705,35.7274823,-78.6962747,35.34353963872628,-0.113
4201,36469476,6.1207657,35.7274823,-78.6962747,35.34353963872628,-0.113
4202,36469509,5.9537086,35.7274823,-78.6962747,35.34353963872628,-0.113
4203,36469541,5.9342384,35.7274823,-78.6962747,35.34353963872628,-0.113
4204,36469574,5.978718,35.7274823,-78.6962747,35.34353963872628,-0.113
4205,36469607,6.012062,35.7274823,-78.6962747,35.34353963872628,-0.113
4206,36469640,6.039631,35.7274823,-78.6962747,35.34353963872628,-0.113
4207,36469672,6.05986,35.7274823,-78.6962747,35.34353963872628,-0.113
4208,36469705,6.067337,35.7274823,-78.6962747,35.34353963872628,-0.113
4209,36469738,6.031761,35.7274823,-78.6962747,35.34353963872628,-0.113
4210,36469771,5.998554,35.7274823,-78.6962747,35.34353963872628,-0.113
4211,36469803,5.99638,35.7274823,-78.6962747,35.34353963872628,-0.113
4212,36469836,5.989853,35.7274823,-78.6962747,35.34353963872628,-0.113
4213,36469869,5.966591,35.7274823,-78.6962747,35.34353963872628,-0.113
4214,36469902,5.94656,35.7274823,-78.6962747,35.34353963872628,-0.113
4215,36469934,5.9335785,35.7274823,-78.6962747,35.34353963872628,-0.113
4216,36469967,5.922058,35.7274823,-78.6962747,35.34353963872628,-0.113
4217,36470000,5.9146957,35.7274823,-78.6962747,35.34353963872628,-0.113
4218,36470033,5.9143066,35.7274823,-78.6962747,35.34353963872628,-0.113
4219,36470065,5.916546,35.7274823,-78.6962747,35.34353963872628,-0.113
4220,36470098,5.9186783,35.7274823,-78.6962747,35.34353963872628,-0.113
4221,36470131,5.9197807,35.7274823,-78.6962747,35.34353963872628,-0.113
4222,36470164,5.9208145,35.7274823,-78.6962747,35.34353963872628,-0.113
4223,36470196,5.9403305,35.7274823,-78.6962747,35.34353963872628,-0.113
4224,36470229,5.9706955,35.7274823,-78.6962747,35.34353963872628,-0.113
4225,36470262,5.9605675,35.7274823,-78.6962747,35.34353963872628,-0.113
4226,36470295,5.953209,35.7274823,-78.6962747,35.34353963872628,-0.113
4227,36470327,5.9475822,35.7274823,-78.6962747,35.34353963872628,-0.113
4228,36470360,5.9427376,35.7274823,-78.6962747,35.34353963872628,-0.113
4229,36470393,5.939987,35.7274823,-78.6962747,35.34353963872628,-0.113
4230,36470426,5.9454117,35.7274823,-78.6962747,35.34353963872628,-0.113
4231,36470458,5.9529343,35.7274823,-78.6962747,35.34353963872628,-0.113
4232,36470491,5.894272,35.7274823,-78.6962747,35.34353963872628,-0.113
4233,36470524,5.567356,35.7274823,-78.6962747,35.34353963872628,-0.113
4234,36470557,5.6531906,35.7274823,-78.6962747,35.34353963872628,-0.113
4235,36470589,5.721321,35.7274823,-78.6962747,35.34353963872628,-0.113
4236,36470622,5.775837,35.7274823,-78.6962747,35.34353963872628,-0.113
4237,36470655,5.8189087,35.7274823,-78.6962747,35.34353963872628,-0.113
4238,36470688,5.8522186,35.7274823,-78.6962747,35.34353963872628,-0.113
4239,36470720,5.8292465,35.7274823,-78.6962747,35.34353963872628,-0.113
4240,36470753,5.763775,35.7274823,-78.6962747,35.34353963872628,-0.113
4241,36470786,5.714073,35.7274823,-78.6962747,35.34353963872628,-0.113
4242,36470819,5.731037,35.7274823,-78.6962747,35.34353963872628,-0.113
4243,36470851,5.687977,35.7274823,-78.6962747,35.34353963872628,-0.113
4244,36470884,5.6533585,35.7274823,-78.6962747,35.34353963872628,-0.113
4245,36470917,5.6260414,35.7274823,-78.6962747,35.34353963872628,-0.113
4246,36470950,5.6051445,35.7274823,-78.6962747,35.34353963872628,-0.113
4247,36470982,5.5879364,35.7274823,-78.6962747,35.34353963872628,-0.113
4248,36471015,5.5797653,35.7274823,-78.6962747,35.34353963872628,-0.113
4249,36471048,5.580635,35.7274823,-78.6962747,35.34353963872628,-0.113
4250,36471081,5.58144,35.7274823,-78.6962747,35.34353963872628,-0.113
4251,36471113,5.582344,35.7274823,-78.6962747,35.34353963872628,-0.113
4252,36471146,5.5825806,35.7274823,-78.6962747,35.34353963872628,-0.113
4253,36471179,5.5827293,35.7274823,-78.6962747,35.34353963872628,-0.113
4254,36471214,5.6224937,35.7274823,-78.6962747,35.34353963872628,-0.113
4255,36471247,5.62479,35.7274823,-78.6962747,35.34353963872628,-0.113
4256,36471279,5.617424,35.7274823,-78.6962747,35.34353963872628,-0.113
4257,36471312,5.6109047,35.7274823,-78.6962747,35.34353963872628,-0.113
4258,36471345,5.60524,35.7274823,-78.6962747,35.34353963872628,-0.113
4259,36471378,5.6018105,35.7274823,-78.6962747,35.34353963872628,-0.113
4260,36471410,5.600559,35.7274823,-78.6962747,35.34353963872628,-0.113
4261,36471443,5.6070633,35.7274823,-78.6962747,35.34353963872628,-0.113
4262,36471476,5.6134453,35.7274823,-78.6962747,35.34353963872628,-0.113
4263,36471509,5.263695,35.7274823,-78.6962747,35.34353963872628,-0.113
4264,36471541,5.1693764,35.7274823,-78.6962747,35.34353963872628,-0.113
4265,36471574,5.263115,35.7274823,-78.6962747,35.34353963872628,-0.113
4266,36471607,5.3377,35.7274823,-78.6962747,35.34353963872628,-0.113
4267,36471640,5.396549,35.7274823,-78.6962747,35.34353963872628,-0.113
4268,36471672,5.4445915,35.7274823,-78.6962747,35.34353963872628,-0.113
4269,36471705,5.466633,35.7274823,-78.6962747,35.34353963872628,-0.113
4270,36471738,5.3946953,35.7274823,-78.6962747,35.34353963872628,-0.113
4271,36471771,5.330078,35.7274823,-78.6962747,35.34353963872628,-0.113
4272,36471803,5.2924614,35.7274823,-78.6962747,35.34353963872628,-0.113
4273,36471836,5.2634163,35.7274823,-78.6962747,35.34353963872628,-0.113
4274,36471869,5.2191315,35.7274823,-78.6962747,35.34353963872628,-0.113
4275,36471902,5.1897163,35.7274823,-78.6962747,35.34353963872628,-0.113
4276,36471934,5.1626663,35.7274823,-78.6962747,35.34353963872628,-0.113
4277,36471967,5.141033,35.7274823,-78.6962747,35.34353963872628,-0.113
4278,36472000,5.124298,35.7274823,-78.6962747,35.34353963872628,-0.113
4279,36472033,5.116951,35.7274823,-78.6962747,35.34353963872628,-0.113
4280,36472065,5.1119156,35.7274823,-78.6962747,35.34353963872628,-0.113
4281,36472098,5.107441,35.7274823,-78.6962747,35.34353963872628,-0.113
4282,36472131,5.105667,35.7274823,-78.6962747,35.34353963872628,-0.113
4283,36472164,5.103157,35.7274823,-78.6962747,35.34353963872628,-0.113
4284,36472196,5.1063232,35.7274823,-78.6962747,35.34353963872628,-0.113
4285,36472229,5.116333,35.7274823,-78.6962747,35.34353963872628,-0.113
4286,36472262,5.1120415,35.7274823,-78.6962747,35.34353963872628,-0.113
4287,36472295,5.108738,35.7274823,-78.6962747,35.34353963872628,-0.113
4288,36472327,5.105606,35.7274823,-78.6962747,35.34353963872628,-0.113
4289,36472360,5.102787,35.7274823,-78.6962747,35.34353963872628,-0.113
4290,36472393,5.1009674,35.7274823,-78.6962747,35.34353963872628,-0.113
4291,36472426,5.101803,35.7274823,-78.6962747,35.34353963872628,-0.113
4292,36472458,5.1043434,35.7274823,-78.6962747,35.34353963872628,-0.113
4293,36472491,5.0763893,35.7274823,-78.6962747,35.34353963872628,-0.113
4294,36472524,4.748188,35.7274823,-78.6962747,35.34353963872628,-0.113
4295,36472557,4.8174744,35.7274823,-78.6962747,35.34353963872628,-0.113
4296,36472589,4.874523,35.7274823,-78.6962747,35.34353963872628,-0.113
4297,36472622,4.919945,35.7274823,-78.6962747,35.34353963872628,-0.113
4298,36472655,4.955906,35.7274823,-78.6962747,35.34353963872628,-0.113
4299,36472688,4.985901,35.7274823,-78.6962747,35.34353963872628,-0.113
4300,36472720,4.9729385,35.7274823,-78.6962747,35.34353963872628,-0.113
4301,36472753,4.924694,35.7274823,-78.6962747,35.34353963872628,-0.113
4302,36472786,4.883629,35.7274823,-78.6962747,35.34353963872628,-0.113
4303,36472819,4.8424606,35.7274823,-78.6962747,35.34353963872628,-0.113
4304,36472851,4.8181305,35.7274823,-78.6962747,35.34353963872628,-0.113
4305,36472884,4.79694,35.7274823,-78.6962747,35.34353963872628,-0.113
4306,36472917,4.7805176,35.7274823,-78.6962747,35.34353963872628,-0.113
4307,36472950,4.7658463,35.7274823,-78.6962747,35.34353963872628,-0.113
4308,36472982,4.7560463,35.7274823,-78.6962747,35.34353963872628,-0.113
4309,36473015,4.745907,35.7274823,-78.6962747,35.34353963872628,-0.113
4310,36473048,4.737217,35.7274823,-78.6962747,35.34353963872628,-0.113
4311,36473081,4.7309265,35.7274823,-78.6962747,35.34353963872628,-0.113
4312,36473113,4.725342,35.7274823,-78.6962747,35.34353963872628,-0.113
4313,36473146,4.7200584,35.7274823,-78.6962747,35.34353963872628,-0.113
4314,36473179,4.717705,35.7274823,-78.6962747,35.34353963872628,-0.113
4315,36473212,4.7024994,35.7274823,-78.6962747,35.34353963872628,-0.113
4316,36473244,4.6972656,35.7274823,-78.6962747,35.34353963872628,-0.113
4317,36473277,4.698044,35.7274823,-78.6962747,35.34353963872628,-0.113
4318,36473312,4.6987534,35.7274823,-78.6962747,35.34353963872628,-0.113
4319,36473345,4.699726,35.7274823,-78.6962747,35.34353963872628,-0.113
4320,36473377,4.699959,35.7274823,-78.6962747,35.34353963872628,-0.113
4321,36473410,4.6991577,35.7274823,-78.6962747,35.34353963872628,-0.113
4322,36473443,4.696911,35.7274823,-78.6962747,35.34353963872628,-0.113
4323,36473476,4.69471,35.7274823,-78.6962747,35.34353963872628,-0.113
4324,36473508,4.7114105,35.7274823,-78.6962747,35.34353963872628,-0.113
4325,36473541,4.722416,35.7274823,-78.6962747,35.34353963872628,-0.113
4326,36473574,4.7149925,35.7274823,-78.6962747,35.34353963872628,-0.113
4327,36473607,4.7086525,35.7274823,-78.6962747,35.34353963872628,-0.113
4328,36473639,4.7049255,35.7274823,-78.6962747,35.34353963872628,-0.113
4329,36473672,4.6998787,35.7274823,-78.6962747,35.34353963872628,-0.113
4330,36473705,4.6979637,35.7274823,-78.6962747,35.34353963872628,-0.113
4331,36473738,4.701584,35.7274823,-78.6962747,35.34353963872628,-0.113
4332,36473771,4.7049713,35.7274823,-78.6962747,35.34353963872628,-0.113
4333,36473803,4.691845,35.7274823,-78.6962747,35.34353963872628,-0.113
4334,36473836,4.671379,35.7274823,-78.6962747,35.34353963872628,-0.113
4335,36473869,4.681591,35.7274823,-78.6962747,35.34353963872628,-0.113
4336,36473901,4.688637,35.7274823,-78.6962747,35.34353963872628,-0.113
4337,36473934,4.6953583,35.7274823,-78.6962747,35.34353963872628,-0.113
4338,36473967,4.7004128,35.7274823,-78.6962747,35.34353963872628,-0.113
4339,36474000,4.7040215,35.7274823,-78.6962747,35.34353963872628,-0.113
4340,36474032,4.701027,35.7274823,-78.6962747,35.34353963872628,-0.113
4341,36474065,4.696293,35.7274823,-78.6962747,35.34353963872628,-0.113
4342,36474098,4.6925926,35.7274823,-78.6962747,35.34353963872628,-0.113
4343,36474131,4.6892967,35.7274823,-78.6962747,35.34353963872628,-0.113
4344,36474164,4.686558,35.7274823,-78.6962747,35.34353963872628,-0.113
4345,36474196,4.677002,35.7274823,-78.6962747,35.34353963872628,-0.113
4346,36474229,4.635849,35.7274823,-78.6962747,35.34353963872628,-0.113
4347,36474262,4.64299,35.7274823,-78.6962747,35.34353963872628,-0.113
4348,36474295,4.648533,35.7274823,-78.6962747,35.34353963872628,-0.113
4349,36474327,4.6528053,35.7274823,-78.6962747,35.34353963872628,-0.113
4350,36474360,4.658329,35.7274823,-78.6962747,35.34353963872628,-0.113
4351,36474393,4.661186,35.7274823,-78.6962747,35.34353963872628,-0.113
4352,36474425,4.658596,35.7274823,-78.6962747,35.34353963872628,-0.113
4353,36474458,4.6517487,35.7274823,-78.6962747,35.34353963872628,-0.113
4354,36474491,4.650345,35.7274823,-78.6962747,35.34353963872628,-0.113
4355,36474524,4.8922234,35.7274823,-78.6962747,35.34353963872628,-0.113
4356,36474556,4.840229,35.7274823,-78.6962747,35.34353963872628,-0.113
4357,36474589,4.7990875,35.7274823,-78.6962747,35.34353963872628,-0.113
4358,36474622,4.7652473,35.7274823,-78.6962747,35.34353963872628,-0.113
4359,36474655,4.738846,35.7274823,-78.6962747,35.34353963872628,-0.113
4360,36474687,4.7160034,35.7274823,-78.6962747,35.34353963872628,-0.113
4361,36474720,4.7177277,35.7274823,-78.6962747,35.34353963872628,-0.113
4362,36474753,4.7542877,35.7274823,-78.6962747,35.34353963872628,-0.113
4363,36474786,4.7796097,35.7274823,-78.6962747,35.34353963872628,-0.113
4364,36474819,4.7407722,35.7274823,-78.6962747,35.34353963872628,-0.113
4365,36474851,4.7603645,35.7274823,-78.6962747,35.34353963872628,-0.113
4366,36474884,4.787037,35.7274823,-78.6962747,35.34353963872628,-0.113
4367,36474917,4.80756,35.7274823,-78.6962747,35.34353963872628,-0.113
4368,36474950,4.82415,35.7274823,-78.6962747,35.34353963872628,-0.113
4369,36474982,4.8393784,35.7274823,-78.6962747,35.34353963872628,-0.113
4370,36475015,4.8467827,35.7274823,-78.6962747,35.34353963872628,-0.113
4371,36475048,4.841839,35.7274823,-78.6962747,35.34353963872628,-0.113
4372,36475081,4.8380585,35.7274823,-78.6962747,35.34353963872628,-0.113
4373,36475113,4.834591,35.7274823,-78.6962747,35.34353963872628,-0.113
4374,36475146,4.831421,35.7274823,-78.6962747,35.34353963872628,-0.113
4375,36475179,4.8293457,35.7274823,-78.6962747,35.34353963872628,-0.113
4376,36475212,4.777813,35.7274823,-78.6962747,35.34353963872628,-0.113
4377,36475244,4.761093,35.7274823,-78.6962747,35.34353963872628,-0.113
4378,36475277,4.7722664,35.7274823,-78.6962747,35.34353963872628,-0.113
4379,36475310,4.78117,35.7274823,-78.6962747,35.34353963872628,-0.113
4380,36475343,4.787899,35.7274823,-78.6962747,35.34353963872628,-0.113
4381,36475375,4.794365,35.7274823,-78.6962747,35.34353963872628,-0.113
4382,36475410,4.796486,35.7274823,-78.6962747,35.34353963872628,-0.113
4383,36475443,4.7876167,35.7274823,-78.6962747,35.34353963872628,-0.113
4384,36475476,4.7775993,35.7274823,-78.6962747,35.34353963872628,-0.113
4385,36475509,4.7494698,35.7274823,-78.6962747,35.34353963872628,-0.113
4386,36475541,4.723858,35.7274823,-78.6962747,35.34353963872628,-0.113
4387,36475574,4.7256355,35.7274823,-78.6962747,35.34353963872628,-0.113
4388,36475607,4.7278404,35.7274823,-78.6962747,35.34353963872628,-0.113
4389,36475640,4.729721,35.7274823,-78.6962747,35.34353963872628,-0.113
4390,36475672,4.731037,35.7274823,-78.6962747,35.34353963872628,-0.113
4391,36475705,4.7309723,35.7274823,-78.6962747,35.34353963872628,-0.113
4392,36475738,4.7241898,35.7274823,-78.6962747,35.34353963872628,-0.113
4393,36475771,4.7187195,35.7274823,-78.6962747,35.34353963872628,-0.113
4394,36475803,4.6882286,35.7274823,-78.6962747,35.34353963872628,-0.113
4395,36475836,4.621155,35.7274823,-78.6962747,35.34353963872628,-0.113
4396,36475869,4.6337204,35.7274823,-78.6962747,35.34353963872628,-0.113
4397,36475901,4.6447067,35.7274823,-78.6962747,35.34353963872628,-0.113
4398,36475934,4.6524315,35.7274823,-78.6962747,35.34353963872628,-0.113
4399,36475967,4.658642,35.7274823,-78.6962747,35.34353963872628,-0.113
4400,36476000,4.6637497,35.7274823,-78.6962747,35.34353963872628,-0.113
4401,36476033,4.6569824,35.7274823,-78.6962747,35.34353963872628,-0.113
4402,36476065,4.6444817,35.7274823,-78.6962747,35.34353963872628,-0.113
4403,36476098,4.632927,35.7274823,-78.6962747,35.34353963872628,-0.113
4404,36476131,4.6237526,35.7274823,-78.6962747,35.34353963872628,-0.113
4405,36476164,4.618145,35.7274823,-78.6962747,35.34353963872628,-0.113
4406,36476197,4.606121,35.7274823,-78.6962747,35.34353963872628,-0.113
4407,36476229,4.5254593,35.7274823,-78.6962747,35.34353963872628,-0.113
4408,36476262,4.5374947,35.7274823,-78.6962747,35.34353963872628,-0.113
4409,36476295,4.547577,35.7274823,-78.6962747,35.34353963872628,-0.113
4410,36476327,4.556362,35.7274823,-78.6962747,35.34353963872628,-0.113
4411,36476360,4.5624123,35.7274823,-78.6962747,35.34353963872628,-0.113
4412,36476393,4.567848,35.7274823,-78.6962747,35.34353963872628,-0.113
4413,36476425,4.564945,35.7274823,-78.6962747,35.34353963872628,-0.113
4414,36476458,4.5514984,35.7274823,-78.6962747,35.34353963872628,-0.113
4415,36476491,4.540638,35.7274823,-78.6962747,35.34353963872628,-0.113
4416,36476524,3.9526138,35.7274823,-78.6962747,35.34353963872628,-0.113
4417,36476556,3.9739532,35.7274823,-78.6962747,35.34353963872628,-0.113
4418,36476589,4.064068,35.7274823,-78.6962747,35.34353963872628,-0.113
4419,36476622,4.1375885,35.7274823,-78.6962747,35.34353963872628,-0.113
4420,36476655,4.199272,35.7274823,-78.6962747,35.34353963872628,-0.113
4421,36476688,4.249607,35.7274823,-78.6962747,35.34353963872628,-0.113
4422,36476720,4.249523,35.7274823,-78.6962747,35.34353963872628,-0.113
4423,36476753,4.1750336,35.7274823,-78.6962747,35.34353963872628,-0.113
4424,36476786,4.104637,35.7274823,-78.6962747,35.34353963872628,-0.113
4425,36476818,3.9947128,35.7274823,-78.6962747,35.34353963872628,-0.113
4426,36476851,3.9396133,35.7274823,-78.6962747,35.34353963872628,-0.113
4427,36476884,3.9144897,35.7274823,-78.6962747,35.34353963872628,-0.113
4428,36476917,3.8911934,35.7274823,-78.6962747,35.34353963872628,-0.113
4429,36476950,3.8708801,35.7274823,-78.6962747,35.34353963872628,-0.113
4430,36476982,3.8562927,35.7274823,-78.6962747,35.34353963872628,-0.113
4431,36477015,3.8415413,35.7274823,-78.6962747,35.34353963872628,-0.113
4432,36477048,3.820839,35.7274823,-78.6962747,35.34353963872628,-0.113
4433,36477081,3.8013573,35.7274823,-78.6962747,35.34353963872628,-0.113
4434,36477113,3.7854462,35.7274823,-78.6962747,35.34353963872628,-0.113
4435,36477146,3.7723656,35.7274823,-78.6962747,35.34353963872628,-0.113
4436,36477179,3.761814,35.7274823,-78.6962747,35.34353963872628,-0.113
4437,36477212,3.7276573,35.7274823,-78.6962747,35.34353963872628,-0.113
4438,36477244,3.7025642,35.7274823,-78.6962747,35.34353963872628,-0.113
4439,36477277,3.7025757,35.7274823,-78.6962747,35.34353963872628,-0.113
4440,36477310,3.7035751,35.7274823,-78.6962747,35.34353963872628,-0.113
4441,36477343,3.7032433,35.7274823,-78.6962747,35.34353963872628,-0.113
4442,36477375,3.7038383,35.7274823,-78.6962747,35.34353963872628,-0.113
4443,36477408,3.704094,35.7274823,-78.6962747,35.34353963872628,-0.113
4444,36477441,3.6964684,35.7274823,-78.6962747,35.34353963872628,-0.113
4445,36477474,3.6900063,35.7274823,-78.6962747,35.34353963872628,-0.113
4446,36477508,3.3348503,35.7274823,-78.6962747,35.34353963872628,-0.113
4447,36477541,2.773079,35.7274823,-78.6962747,35.34353963872628,-0.113
4448,36477574,2.9096565,35.7274823,-78.6962747,35.34353963872628,-0.113
4449,36477606,3.0267563,35.7274823,-78.6962747,35.34353963872628,-0.113
4450,36477639,3.1227646,35.7274823,-78.6962747,35.34353963872628,-0.113
4451,36477672,3.2050285,35.7274823,-78.6962747,35.34353963872628,-0.113
4452,36477705,3.2689896,35.7274823,-78.6962747,35.34353963872628,-0.113
4453,36477737,3.2102814,35.7274823,-78.6962747,35.34353963872628,-0.113
4454,36477770,3.1155853,35.7274823,-78.6962747,35.34353963872628,-0.113
4455,36477803,3.0249138,35.7274823,-78.6962747,35.34353963872628,-0.113
4456,36477836,2.944271,35.7274823,-78.6962747,35.34353963872628,-0.113
4457,36477869,2.8932724,35.7274823,-78.6962747,35.34353963872628,-0.113
4458,36477901,2.8479843,35.7274823,-78.6962747,35.34353963872628,-0.113
4459,36477934,2.8081055,35.7274823,-78.6962747,35.34353963872628,-0.113
4460,36477967,2.777954,35.7274823,-78.6962747,35.34353963872628,-0.113
4461,36477999,2.7524033,35.7274823,-78.6962747,35.34353963872628,-0.113
4462,36478032,2.7295341,35.7274823,-78.6962747,35.34353963872628,-0.113
4463,36478065,2.7070274,35.7274823,-78.6962747,35.34353963872628,-0.113
4464,36478098,2.6903725,35.7274823,-78.6962747,35.34353963872628,-0.113
4465,36478131,2.6751175,35.7274823,-78.6962747,35.34353963872628,-0.113
4466,36478163,2.661087,35.7274823,-78.6962747,35.34353963872628,-0.113
4467,36478196,2.6504211,35.7274823,-78.6962747,35.34353963872628,-0.113
4468,36478229,2.6353416,35.7274823,-78.6962747,35.34353963872628,-0.113
4469,36478262,2.6286888,35.7274823,-78.6962747,35.34353963872628,-0.113
4470,36478294,2.621891,35.7274823,-78.6962747,35.34353963872628,-0.113
4471,36478327,2.6164093,35.7274823,-78.6962747,35.34353963872628,-0.113
4472,36478360,2.6115303,35.7274823,-78.6962747,35.34353963872628,-0.113
4473,36478392,2.6070938,35.7274823,-78.6962747,35.34353963872628,-0.113
4474,36478425,2.6031075,35.7274823,-78.6962747,35.34353963872628,-0.113
4475,36478458,2.5997925,35.7274823,-78.6962747,35.34353963872628,-0.113
4476,36478491,2.5960732,35.7274823,-78.6962747,35.34353963872628,-0.113
4477,36478524,2.3000183,35.7274823,-78.6962747,35.34353963872628,-0.113
4478,36478556,2.280159,35.7274823,-78.6962747,35.34353963872628,-0.113
4479,36478589,2.3229675,35.7274823,-78.6962747,35.34353963872628,-0.113
4480,36478622,2.3602905,35.7274823,-78.6962747,35.34353963872628,-0.113
4481,36478655,2.3914566,35.7274823,-78.6962747,35.34353963872628,-0.113
4482,36478687,2.4178429,35.7274823,-78.6962747,35.34353963872628,-0.113
4483,36478720,2.4283028,35.7274823,-78.6962747,35.34353963872628,-0.113
4484,36478753,2.3967361,35.7274823,-78.6962747,35.34353963872628,-0.113
4485,36478786,2.364933,35.7274823,-78.6962747,35.34353963872628,-0.113
4486,36478818,2.3553658,35.7274823,-78.6962747,35.34353963872628,-0.113
4487,36478851,2.3396683,35.7274823,-78.6962747,35.34353963872628,-0.113
4488,36478884,2.3194122,35.7274823,-78.6962747,35.34353963872628,-0.113
4489,36478917,2.302456,35.7274823,-78.6962747,35.34353963872628,-0.113
4490,36478949,2.2881699,35.7274823,-78.6962747,35.34353963872628,-0.113
4491,36478982,2.275013,35.7274823,-78.6962747,35.34353963872628,-0.113
4492,36479015,2.2630234,35.7274823,-78.6962747,35.34353963872628,-0.113
4493,36479048,2.256321,35.7274823,-78.6962747,35.34353963872628,-0.113
4494,36479080,2.2508774,35.7274823,-78.6962747,35.34353963872628,-0.113
4495,36479113,2.245552,35.7274823,-78.6962747,35.34353963872628,-0.113
4496,36479146,2.2401962,35.7274823,-78.6962747,35.34353963872628,-0.113
4497,36479179,2.237072,35.7274823,-78.6962747,35.34353963872628,-0.113
4498,36479211,2.2493477,35.7274823,-78.6962747,35.34353963872628,-0.113
4499,36479244,2.2612686,35.7274823,-78.6962747,35.34353963872628,-0.113
4500,36479277,2.254261,35.7274823,-78.6962747,35.34353963872628,-0.113
4501,36479310,2.2483025,35.7274823,-78.6962747,35.34353963872628,-0.113
4502,36479342,2.243885,35.7274823,-78.6962747,35.34353963872628,-0.113
4503,36479375,2.2407722,35.7274823,-78.6962747,35.34353963872628,-0.113
4504,36479408,2.236786,35.7274823,-78.6962747,35.34353963872628,-0.113
4505,36479441,2.2377129,35.7274823,-78.6962747,35.34353963872628,-0.113
4506,36479473,2.2393417,35.7274823,-78.6962747,35.34353963872628,-0.113
4507,36479506,2.469574,35.7274823,-78.6962747,35.34353963872628,-0.113
4508,36479539,3.0714493,35.7274823,-78.6962747,35.34353963872628,-0.113
4509,36479572,2.9443855,35.7274823,-78.6962747,35.34353963872628,-0.113
4510,36479607,2.8382797,35.7274823,-78.6962747,35.34353963872628,-0.113
4511,36479639,2.7475357,35.7274823,-78.6962747,35.34353963872628,-0.113
4512,36479672,2.6693687,35.7274823,-78.6962747,35.34353963872628,-0.113
4513,36479705,2.6033516,35.7274823,-78.6962747,35.34353963872628,-0.113
4514,36479737,2.6378708,35.7274823,-78.6962747,35.34353963872628,-0.113
4515,36479770,2.7195816,35.7274823,-78.6962747,35.34353963872628,-0.113
4516,36479803,2.7960968,35.7274823,-78.6962747,35.34353963872628,-0.113
4517,36479836,2.9018898,35.7274823,-78.6962747,35.34353963872628,-0.113
4518,36479868,2.9490662,35.7274823,-78.6962747,35.34353963872628,-0.113
4519,36479901,2.9848099,35.7274823,-78.6962747,35.34353963872628,-0.113
4520,36479934,3.0152588,35.7274823,-78.6962747,35.34353963872628,-0.113
4521,36479967,3.0407677,35.7274823,-78.6962747,35.34353963872628,-0.113
4522,36479999,3.065052,35.7274823,-78.6962747,35.34353963872628,-0.113
4523,36480032,3.0850906,35.7274823,-78.6962747,35.34353963872628,-0.113
4524,36480065,3.109417,35.7274823,-78.6962747,35.34353963872628,-0.113
4525,36480098,3.1299744,35.7274823,-78.6962747,35.34353963872628,-0.113
4526,36480130,3.1487465,35.7274823,-78.6962747,35.34353963872628,-0.113
4527,36480163,3.162487,35.7274823,-78.6962747,35.34353963872628,-0.113
4528,36480196,3.1762161,35.7274823,-78.6962747,35.34353963872628,-0.113
4529,36480229,3.2439537,35.7274823,-78.6962747,35.34353963872628,-0.113
4530,36480262,3.2515678,35.7274823,-78.6962747,35.34353963872628,-0.113
4531,36480294,3.250492,35.7274823,-78.6962747,35.34353963872628,-0.113
4532,36480327,3.2483788,35.7274823,-78.6962747,35.34353963872628,-0.113
4533,36480360,3.2485352,35.7274823,-78.6962747,35.34353963872628,-0.113
4534,36480393,3.2472267,35.7274823,-78.6962747,35.34353963872628,-0.113
4535,36480425,3.249115,35.7274823,-78.6962747,35.34353963872628,-0.113
4536,36480458,3.2601395,35.7274823,-78.6962747,35.34353963872628,-0.113
4537,36480491,3.2696152,35.7274823,-78.6962747,35.34353963872628,-0.113
4538,36480524,4.474304,35.7274823,-78.6962747,35.34353963872628,-0.113
4539,36480556,4.6053963,35.7274823,-78.6962747,35.34353963872628,-0.113
4540,36480589,4.370884,35.7274823,-78.6962747,35.34353963872628,-0.113
4541,36480622,4.17585,35.7274823,-78.6962747,35.34353963872628,-0.113
4542,36480655,4.0156784,35.7274823,-78.6962747,35.34353963872628,-0.113
4543,36480687,3.8840675,35.7274823,-78.6962747,35.34353963872628,-0.113
4544,36480720,3.8447304,35.7274823,-78.6962747,35.34353963872628,-0.113
4545,36480753,4.0096245,35.7274823,-78.6962747,35.34353963872628,-0.113
4546,36480786,4.1856155,35.7274823,-78.6962747,35.34353963872628,-0.113
4547,36480818,4.3711357,35.7274823,-78.6962747,35.34353963872628,-0.113
4548,36480851,4.5146713,35.7274823,-78.6962747,35.34353963872628,-0.113
4549,36480884,4.5973587,35.7274823,-78.6962747,35.34353963872628,-0.113
4550,36480917,4.6707764,35.7274823,-78.6962747,35.34353963872628,-0.113
4551,36480949,4.7340546,35.7274823,-78.6962747,35.34353963872628,-0.113
4552,36480982,4.783428,35.7274823,-78.6962747,35.34353963872628,-0.113
4553,36481015,4.8234253,35.7274823,-78.6962747,35.34353963872628,-0.113
4554,36481048,4.8682213,35.7274823,-78.6962747,35.34353963872628,-0.113
4555,36481080,4.9092827,35.7274823,-78.6962747,35.34353963872628,-0.113
4556,36481113,4.9364014,35.7274823,-78.6962747,35.34353963872628,-0.113
4557,36481146,4.9615555,35.7274823,-78.6962747,35.34353963872628,-0.113
4558,36481179,4.981163,35.7274823,-78.6962747,35.34353963872628,-0.113
4559,36481211,4.742241,35.7274823,-78.6962747,35.34353963872628,-0.113
4560,36481244,4.358944,35.7274823,-78.6962747,35.34353963872628,-0.113
4561,36481277,4.490242,35.7274823,-78.6962747,35.34353963872628,-0.113
4562,36481310,4.5962753,35.7274823,-78.6962747,35.34353963872628,-0.113
4563,36481342,4.6824417,35.7274823,-78.6962747,35.34353963872628,-0.113
4564,36481375,4.753063,35.7274823,-78.6962747,35.34353963872628,-0.113
4565,36481408,4.8068542,35.7274823,-78.6962747,35.34353963872628,-0.113
4566,36481441,4.745945,35.7274823,-78.6962747,35.34353963872628,-0.113
4567,36481473,4.663769,35.7274823,-78.6962747,35.34353963872628,-0.113
4568,36481506,4.6059647,35.7274823,-78.6962747,35.34353963872628,-0.113
4569,36481539,4.5945244,35.7274823,-78.6962747,35.34353963872628,-0.113
4570,36481572,4.5376244,35.7274823,-78.6962747,35.34353963872628,-0.113
4571,36481604,4.4957657,35.7274823,-78.6962747,35.34353963872628,-0.113
4572,36481637,4.4597626,35.7274823,-78.6962747,35.34353963872628,-0.113
4573,36481670,4.4293175,35.7274823,-78.6962747,35.34353963872628,-0.113
4574,36481705,4.403599,35.7274823,-78.6962747,35.34353963872628,-0.113
4575,36481737,4.390011,35.7274823,-78.6962747,35.34353963872628,-0.113
4576,36481770,4.3825912,35.7274823,-78.6962747,35.34353963872628,-0.113
4577,36481803,4.3758545,35.7274823,-78.6962747,35.34353963872628,-0.113
4578,36481836,3.8267784,35.7274823,-78.6962747,35.34353963872628,-0.113
4579,36481868,3.9081955,35.7274823,-78.6962747,35.34353963872628,-0.113
4580,36481901,3.984665,35.7274823,-78.6962747,35.34353963872628,-0.113
4581,36481934,4.0474358,35.7274823,-78.6962747,35.34353963872628,-0.113
4582,36481967,4.099968,35.7274823,-78.6962747,35.34353963872628,-0.113
4583,36481999,4.142063,35.7274823,-78.6962747,35.34353963872628,-0.113
4584,36482032,4.1354446,35.7274823,-78.6962747,35.34353963872628,-0.113
4585,36482065,4.06604,35.7274823,-78.6962747,35.34353963872628,-0.113
4586,36482098,4.0152397,35.7274823,-78.6962747,35.34353963872628,-0.113
4587,36482130,3.968071,35.7274823,-78.6962747,35.34353963872628,-0.113
4588,36482163,3.928711,35.7274823,-78.6962747,35.34353963872628,-0.113
4589,36482196,3.8973045,35.7274823,-78.6962747,35.34353963872628,-0.113
4590,36482229,3.9179993,35.7274823,-78.6962747,35.34353963872628,-0.113
4591,36482261,3.8981247,35.7274823,-78.6962747,35.34353963872628,-0.113
4592,36482294,3.8733635,35.7274823,-78.6962747,35.34353963872628,-0.113
4593,36482327,3.8506432,35.7274823,-78.6962747,35.34353963872628,-0.113
4594,36482360,3.8339958,35.7274823,-78.6962747,35.34353963872628,-0.113
4595,36482392,3.8165894,35.7274823,-78.6962747,35.34353963872628,-0.113
4596,36482425,3.806961,35.7274823,-78.6962747,35.34353963872628,-0.113
4597,36482458,3.8054352,35.7274823,-78.6962747,35.34353963872628,-0.113
4598,36482491,3.805664,35.7274823,-78.6962747,35.34353963872628,-0.113
4599,36482523,3.8417587,35.7274823,-78.6962747,35.34353963872628,-0.113
4600,36482556,3.855404,35.7274823,-78.6962747,35.34353963872628,-0.113
4601,36482589,3.8461685,35.7274823,-78.6962747,35.34353963872628,-0.113
4602,36482622,3.8382149,35.7274823,-78.6962747,35.34353963872628,-0.113
4603,36482654,3.8313332,35.7274823,-78.6962747,35.34353963872628,-0.113
4604,36482687,3.8262596,35.7274823,-78.6962747,35.34353963872628,-0.113
4605,36482720,3.8233376,35.7274823,-78.6962747,35.34353963872628,-0.113
4606,36482753,3.8302956,35.7274823,-78.6962747,35.34353963872628,-0.113
4607,36482785,3.8368301,35.7274823,-78.6962747,35.34353963872628,-0.113
4608,36482818,3.544487,35.7274823,-78.6962747,35.34353963872628,-0.113
4609,36482851,3.2834015,35.7274823,-78.6962747,35.34353963872628,-0.113
4610,36482884,3.3792114,35.7274823,-78.6962747,35.34353963872628,-0.113
4611,36482916,3.4591103,35.7274823,-78.6962747,35.34353963872628,-0.113
4612,36482949,3.525444,35.7274823,-78.6962747,35.34353963872628,-0.113
4613,36482982,3.581253,35.7274823,-78.6962747,35.34353963872628,-0.113
4614,36483015,3.618904,35.7274823,-78.6962747,35.34353963872628,-0.113
4615,36483047,3.5688744,35.7274823,-78.6962747,35.34353963872628,-0.113
4616,36483080,3.5103607,35.7274823,-78.6962747,35.34353963872628,-0.113
4617,36483113,3.4589005,35.7274823,-78.6962747,35.34353963872628,-0.113
4618,36483146,3.4143295,35.7274823,-78.6962747,35.34353963872628,-0.113
4619,36483178,3.3778305,35.7274823,-78.6962747,35.34353963872628,-0.113
4620,36483211,3.3666687,35.7274823,-78.6962747,35.34353963872628,-0.113
4621,36483244,3.3952446,35.7274823,-78.6962747,35.34353963872628,-0.113
4622,36483277,3.361683,35.7274823,-78.6962747,35.34353963872628,-0.113
4623,36483309,3.3355598,35.7274823,-78.6962747,35.34353963872628,-0.113
4624,36483342,3.313671,35.7274823,-78.6962747,35.34353963872628,-0.113
4625,36483375,3.2941742,35.7274823,-78.6962747,35.34353963872628,-0.113
4626,36483408,3.2767143,35.7274823,-78.6962747,35.34353963872628,-0.113
4627,36483441,3.272129,35.7274823,-78.6962747,35.34353963872628,-0.113
4628,36483473,3.2728577,35.7274823,-78.6962747,35.34353963872628,-0.113
4629,36483506,3.279457,35.7274823,-78.6962747,35.34353963872628,-0.113
4630,36483539,3.350811,35.7274823,-78.6962747,35.34353963872628,-0.113
4631,36483572,3.3369522,35.7274823,-78.6962747,35.34353963872628,-0.113
4632,36483604,3.3261642,35.7274823,-78.6962747,35.34353963872628,-0.113
4633,36483637,3.315857,35.7274823,-78.6962747,35.34353963872628,-0.113
4634,36483670,3.3089218,35.7274823,-78.6962747,35.34353963872628,-0.113
4635,36483703,3.3012543,35.7274823,-78.6962747,35.34353963872628,-0.113
4636,36483735,3.3047562,35.7274823,-78.6962747,35.34353963872628,-0.113
4637,36483768,3.31398,35.7274823,-78.6962747,35.34353963872628,-0.113
4638,36483803,3.3215714,35.7274823,-78.6962747,35.34353963872628,-0.113
4639,36483836,3.4039764,35.7274823,-78.6962747,35.34353963872628,-0.113
4640,36483868,3.402588,35.7274823,-78.6962747,35.34353963872628,-0.113
4641,36483901,3.3959198,35.7274823,-78.6962747,35.34353963872628,-0.113
4642,36483934,3.389637,35.7274823,-78.6962747,35.34353963872628,-0.113
4643,36483967,3.3843803,35.7274823,-78.6962747,35.34353963872628,-0.113
4644,36483999,3.3803368,35.7274823,-78.6962747,35.34353963872628,-0.113
4645,36484032,3.382553,35.7274823,-78.6962747,35.34353963872628,-0.113
4646,36484065,3.392231,35.7274823,-78.6962747,35.34353963872628,-0.113
4647,36484098,3.4016266,35.7274823,-78.6962747,35.34353963872628,-0.113
4648,36484130,3.4114456,35.7274823,-78.6962747,35.34353963872628,-0.113
4649,36484164,3.416832,35.7274823,-78.6962747,35.34353963872628,-0.113
4650,36484196,3.422596,35.7274823,-78.6962747,35.34353963872628,-0.113
4651,36484229,3.5036201,35.7274823,-78.6962747,35.34353963872628,-0.113
4652,36484261,3.5206947,35.7274823,-78.6962747,35.34353963872628,-0.113
4653,36484294,3.508049,35.7274823,-78.6962747,35.34353963872628,-0.113
4654,36484327,3.4978523,35.7274823,-78.6962747,35.34353963872628,-0.113
4655,36484360,3.4888878,35.7274823,-78.6962747,35.34353963872628,-0.113
4656,36484392,3.4821548,35.7274823,-78.6962747,35.34353963872628,-0.113
4657,36484425,3.4786606,35.7274823,-78.6962747,35.34353963872628,-0.113
4658,36484458,3.4913101,35.7274823,-78.6962747,35.34353963872628,-0.113
4659,36484491,3.504036,35.7274823,-78.6962747,35.34353963872628,-0.113
4660,36484523,3.0017128,35.7274823,-78.6962747,35.34353963872628,-0.113
4661,36484556,2.6751633,35.7274823,-78.6962747,35.34353963872628,-0.113
4662,36484589,2.8143768,35.7274823,-78.6962747,35.34353963872628,-0.113
4663,36484622,2.9307861,35.7274823,-78.6962747,35.34353963872628,-0.113
4664,36484654,3.0275154,35.7274823,-78.6962747,35.34353963872628,-0.113
4665,36484687,3.1090622,35.7274823,-78.6962747,35.34353963872628,-0.113
4666,36484720,3.1671371,35.7274823,-78.6962747,35.34353963872628,-0.113
4667,36484753,3.0898705,35.7274823,-78.6962747,35.34353963872628,-0.113
4668,36484785,3.0127907,35.7274823,-78.6962747,35.34353963872628,-0.113
4669,36484818,2.994625,35.7274823,-78.6962747,35.34353963872628,-0.113
4670,36484851,3.000763,35.7274823,-78.6962747,35.34353963872628,-0.113
4671,36484884,2.9330826,35.7274823,-78.6962747,35.34353963872628,-0.113
4672,36484916,2.8778152,35.7274823,-78.6962747,35.34353963872628,-0.113
4673,36484949,2.8273582,35.7274823,-78.6962747,35.34353963872628,-0.113
4674,36484982,2.7852058,35.7274823,-78.6962747,35.34353963872628,-0.113
4675,36485015,2.7515106,35.7274823,-78.6962747,35.34353963872628,-0.113
4676,36485047,2.7373657,35.7274823,-78.6962747,35.34353963872628,-0.113
4677,36485080,2.7315636,35.7274823,-78.6962747,35.34353963872628,-0.113
4678,36485113,2.7247238,35.7274823,-78.6962747,35.34353963872628,-0.113
4679,36485146,2.7214432,35.7274823,-78.6962747,35.34353963872628,-0.113
4680,36485179,2.7179718,35.7274823,-78.6962747,35.34353963872628,-0.113
4681,36485211,2.7392502,35.7274823,-78.6962747,35.34353963872628,-0.113
4682,36485244,2.8588676,35.7274823,-78.6962747,35.34353963872628,-0.113
4683,36485277,2.8330193,35.7274823,-78.6962747,35.34353963872628,-0.113
4684,36485309,2.810913,35.7274823,-78.6962747,35.34353963872628,-0.113
4685,36485342,2.7924118,35.7274823,-78.6962747,35.34353963872628,-0.113
4686,36485375,2.7771912,35.7274823,-78.6962747,35.34353963872628,-0.113
4687,36485408,2.7651596,35.7274823,-78.6962747,35.34353963872628,-0.113
4688,36485440,2.7675285,35.7274823,-78.6962747,35.34353963872628,-0.113
4689,36485473,2.7815018,35.7274823,-78.6962747,35.34353963872628,-0.113
4690,36485506,2.793396,35.7274823,-78.6962747,35.34353963872628,-0.113
4691,36485539,2.9623451,35.7274823,-78.6962747,35.34353963872628,-0.113
4692,36485571,2.9512177,35.7274823,-78.6962747,35.34353963872628,-0.113
4693,36485604,2.937439,35.7274823,-78.6962747,35.34353963872628,-0.113
4694,36485637,2.9248543,35.7274823,-78.6962747,35.34353963872628,-0.113
4695,36485670,2.91473,35.7274823,-78.6962747,35.34353963872628,-0.113
4696,36485702,2.9068375,35.7274823,-78.6962747,35.34353963872628,-0.113
4697,36485735,2.9077187,35.7274823,-78.6962747,35.34353963872628,-0.113
4698,36485768,2.926052,35.7274823,-78.6962747,35.34353963872628,-0.113
4699,36485801,2.9444427,35.7274823,-78.6962747,35.34353963872628,-0.113
4700,36485833,2.6605034,35.7274823,-78.6962747,35.34353963872628,-0.113
4701,36485866,2.6676064,35.7274823,-78.6962747,35.34353963872628,-0.113
4702,36485901,2.7244225,35.7274823,-78.6962747,35.34353963872628,-0.113
4703,36485934,2.7732315,35.7274823,-78.6962747,35.34353963872628,-0.113
4704,36485966,2.8143578,35.7274823,-78.6962747,35.34353963872628,-0.113
4705,36485999,2.8485603,35.7274823,-78.6962747,35.34353963872628,-0.113
4706,36486032,2.8636513,35.7274823,-78.6962747,35.34353963872628,-0.113
4707,36486065,2.83358,35.7274823,-78.6962747,35.34353963872628,-0.113
4708,36486097,2.8064537,35.7274823,-78.6962747,35.34353963872628,-0.113
4709,36486130,2.785595,35.7274823,-78.6962747,35.34353963872628,-0.113
4710,36486163,2.7680702,35.7274823,-78.6962747,35.34353963872628,-0.113
4711,36486196,2.7499008,35.7274823,-78.6962747,35.34353963872628,-0.113
4712,36486228,2.8734093,35.7274823,-78.6962747,35.34353963872628,-0.113
4713,36486261,2.9229698,35.7274823,-78.6962747,35.34353963872628,-0.113
4714,36486294,2.8813896,35.7274823,-78.6962747,35.34353963872628,-0.113
4715,36486327,2.8460236,35.7274823,-78.6962747,35.34353963872628,-0.113
4716,36486359,2.8168564,35.7274823,-78.6962747,35.34353963872628,-0.113
4717,36486392,2.790619,35.7274823,-78.6962747,35.34353963872628,-0.113
4718,36486425,1.9682808,35.7274823,-78.6962747,35.34353963872628,-0.113
4719,36486458,1.2236061,35.7274823,-78.6962747,35.34353963872628,-0.113
4720,36486491,1.507885,35.7274823,-78.6962747,35.34353963872628,-0.113
4721,36486523,1.8586121,35.7274823,-78.6962747,35.34353963872628,-0.113
4722,36486556,2.1377335,35.7274823,-78.6962747,35.34353963872628,-0.113
4723,36486589,2.2606087,35.7274823,-78.6962747,35.34353963872628,-0.113
4724,36486621,2.357235,35.7274823,-78.6962747,35.34353963872628,-0.113
4725,36486654,2.27137,35.7274823,-78.6962747,35.34353963872628,-0.113
4726,36486687,2.1155548,35.7274823,-78.6962747,35.34353963872628,-0.113
4727,36486720,1.9951744,35.7274823,-78.6962747,35.34353963872628,-0.113
4728,36486752,1.9353027,35.7274823,-78.6962747,35.34353963872628,-0.113
4729,36486785,1.893261,35.7274823,-78.6962747,35.34353963872628,-0.113
4730,36486818,1.9264641,35.7274823,-78.6962747,35.34353963872628,-0.113
4731,36486851,2.1044235,35.7274823,-78.6962747,35.34353963872628,-0.113
4732,36486884,2.0578384,35.7274823,-78.6962747,35.34353963872628,-0.113
4733,36486916,2.0221367,35.7274823,-78.6962747,35.34353963872628,-0.113
4734,36486949,1.9741478,35.7274823,-78.6962747,35.34353963872628,-0.113
4735,36486982,1.9558411,35.7274823,-78.6962747,35.34353963872628,-0.113
4736,36487014,1.9481239,35.7274823,-78.6962747,35.34353963872628,-0.113
4737,36487047,1.9558525,35.7274823,-78.6962747,35.34353963872628,-0.113
4738,36487080,1.9779701,35.7274823,-78.6962747,35.34353963872628,-0.113
4739,36487113,1.9950027,35.7274823,-78.6962747,35.34353963872628,-0.113
4740,36487146,2.0257034,35.7274823,-78.6962747,35.34353963872628,-0.113
4741,36487178,2.0650978,35.7274823,-78.6962747,35.34353963872628,-0.113
4742,36487211,2.1320457,35.7274823,-78.6962747,35.34353963872628,-0.113
4743,36487244,2.4065895,35.7274823,-78.6962747,35.34353963872628,-0.113
4744,36487277,2.571434,35.7274823,-78.6962747,35.34353963872628,-0.113
4745,36487309,3.4092865,35.7274823,-78.6962747,35.34353963872628,-0.113
4746,36487342,3.1839333,35.7274823,-78.6962747,35.34353963872628,-0.113
4747,36487375,3.0006828,35.7274823,-78.6962747,35.34353963872628,-0.113
4748,36487408,2.8563232,35.7274823,-78.6962747,35.34353963872628,-0.113
4749,36487440,2.7642708,35.7274823,-78.6962747,35.34353963872628,-0.113
4750,36487473,2.7022667,35.7274823,-78.6962747,35.34353963872628,-0.113
4751,36487506,2.7494087,35.7274823,-78.6962747,35.34353963872628,-0.113
4752,36487539,3.2069588,35.7274823,-78.6962747,35.34353963872628,-0.113
4753,36487571,3.3054886,35.7274823,-78.6962747,35.34353963872628,-0.113
4754,36487604,3.3772736,35.7274823,-78.6962747,35.34353963872628,-0.113
4755,36487637,3.4395485,35.7274823,-78.6962747,35.34353963872628,-0.113
4756,36487670,3.494011,35.7274823,-78.6962747,35.34353963872628,-0.113
4757,36487702,3.531639,35.7274823,-78.6962747,35.34353963872628,-0.113
4758,36487735,3.5892563,35.7274823,-78.6962747,35.34353963872628,-0.113
4759,36487768,3.6831055,35.7274823,-78.6962747,35.34353963872628,-0.113
4760,36487801,3.752655,35.7274823,-78.6962747,35.34353963872628,-0.113
4761,36487833,4.4541206,35.7274823,-78.6962747,35.34353963872628,-0.113
4762,36487866,4.5491447,35.7274823,-78.6962747,35.34353963872628,-0.113
4763,36487899,4.4656944,35.7274823,-78.6962747,35.34353963872628,-0.113
4764,36487932,4.394539,35.7274823,-78.6962747,35.34353963872628,-0.113
4765,36487966,4.337776,35.7274823,-78.6962747,35.34353963872628,-0.113
4766,36487999,4.2944565,35.7274823,-78.6962747,35.34353963872628,-0.113
4767,36488032,4.2973595,35.7274823,-78.6962747,35.34353963872628,-0.113
4768,36488065,4.409073,35.7274823,-78.6962747,35.34353963872628,-0.113
4769,36488098,4.5183067,35.7274823,-78.6962747,35.34353963872628,-0.113
4770,36488131,4.6118126,35.7274823,-78.6962747,35.34353963872628,-0.113
4771,36488163,4.6836014,35.7274823,-78.6962747,35.34353963872628,-0.113
4772,36488196,4.7407646,35.7274823,-78.6962747,35.34353963872628,-0.113
4773,36488228,4.990616,35.7274823,-78.6962747,35.34353963872628,-0.113
4774,36488261,5.1544113,35.7274823,-78.6962747,35.34353963872628,-0.113
4775,36488294,5.120949,35.7274823,-78.6962747,35.34353963872628,-0.113
4776,36488327,5.0950356,35.7274823,-78.6962747,35.34353963872628,-0.113
4777,36488359,5.075794,35.7274823,-78.6962747,35.34353963872628,-0.113
4778,36488392,5.0612526,35.7274823,-78.6962747,35.34353963872628,-0.113
4779,36488425,5.0527,35.7274823,-78.6962747,35.34353963872628,-0.113
4780,36488458,5.1060944,35.7274823,-78.6962747,35.34353963872628,-0.113
4781,36488490,5.164997,35.7274823,-78.6962747,35.34353963872628,-0.113
4782,36488523,5.3574944,35.7274823,-78.6962747,35.34353963872628,-0.113
4783,36488556,5.5666237,35.7274823,-78.6962747,35.34353963872628,-0.113
4784,36488589,5.5312805,35.7274823,-78.6962747,35.34353963872628,-0.113
4785,36488622,5.5049706,35.7274823,-78.6962747,35.34353963872628,-0.113
4786,36488654,5.4822083,35.7274823,-78.6962747,35.34353963872628,-0.113
4787,36488687,5.464485,35.7274823,-78.6962747,35.34353963872628,-0.113
4788,36488720,5.4546356,35.7274823,-78.6962747,35.34353963872628,-0.113
4789,36488752,5.506649,35.7274823,-78.6962747,35.34353963872628,-0.113
4790,36488785,5.5605164,35.7274823,-78.6962747,35.34353963872628,-0.113
4791,36488818,5.6924133,35.7274823,-78.6962747,35.34353963872628,-0.113
4792,36488851,6.00766,35.7274823,-78.6962747,35.34353963872628,-0.113
4793,36488884,5.961735,35.7274823,-78.6962747,35.34353963872628,-0.113
4794,36488916,5.922325,35.7274823,-78.6962747,35.34353963872628,-0.113
4795,36488949,5.8929977,35.7274823,-78.6962747,35.34353963872628,-0.113
4796,36488982,5.8707657,35.7274823,-78.6962747,35.34353963872628,-0.113
4797,36489014,5.8551064,35.7274823,-78.6962747,35.34353963872628,-0.113
4798,36489047,5.891487,35.7274823,-78.6962747,35.34353963872628,-0.113
4799,36489080,5.961418,35.7274823,-78.6962747,35.34353963872628,-0.113
4800,36489113,6.020027,35.7274823,-78.6962747,35.34353963872628,-0.113
4801,36489146,6.060829,35.7274823,-78.6962747,35.34353963872628,-0.113
4802,36489178,6.09486,35.7274823,-78.6962747,35.34353963872628,-0.113
4803,36489211,6.121834,35.7274823,-78.6962747,35.34353963872628,-0.113
4804,36489244,7.6013985,35.7274823,-78.6962747,35.34353963872628,-0.113
4805,36489277,7.321865,35.7274823,-78.6962747,35.34353963872628,-0.113
4806,36489309,7.0464478,35.7274823,-78.6962747,35.34353963872628,-0.113
4807,36489342,6.8373375,35.7274823,-78.6962747,35.34353963872628,-0.113
4808,36489375,6.6795845,35.7274823,-78.6962747,35.34353963872628,-0.113
4809,36489408,6.560951,35.7274823,-78.6962747,35.34353963872628,-0.113
4810,36489440,6.618984,35.7274823,-78.6962747,35.34353963872628,-0.113
4811,36489473,6.948612,35.7274823,-78.6962747,35.34353963872628,-0.113
4812,36489506,7.179268,35.7274823,-78.6962747,35.34353963872628,-0.113
4813,36489539,7.7940445,35.7274823,-78.6962747,35.34353963872628,-0.113
4814,36489571,7.8963737,35.7274823,-78.6962747,35.34353963872628,-0.113
4815,36489604,7.906761,35.7274823,-78.6962747,35.34353963872628,-0.113
4816,36489637,7.909523,35.7274823,-78.6962747,35.34353963872628,-0.113
4817,36489670,7.917923,35.7274823,-78.6962747,35.34353963872628,-0.113
4818,36489702,7.9259796,35.7274823,-78.6962747,35.34353963872628,-0.113
4819,36489735,7.9689064,35.7274823,-78.6962747,35.34353963872628,-0.113
4820,36489768,8.108528,35.7274823,-78.6962747,35.34353963872628,-0.113
4821,36489801,8.219982,35.7274823,-78.6962747,35.34353963872628,-0.113
4822,36489833,8.585152,35.7274823,-78.6962747,35.34353963872628,-0.113
4823,36489866,8.683228,35.7274823,-78.6962747,35.34353963872628,-0.113
4824,36489899,8.635296,35.7274823,-78.6962747,35.34353963872628,-0.113
4825,36489932,8.602222,35.7274823,-78.6962747,35.34353963872628,-0.113
4826,36489964,8.579117,35.7274823,-78.6962747,35.34353963872628,-0.113
4827,36489997,8.560776,35.7274823,-78.6962747,35.34353963872628,-0.113
4828,36490030,8.5647545,35.7274823,-78.6962747,35.34353963872628,-0.113
4829,36490065,8.675365,35.7274823,-78.6962747,35.34353963872628,-0.113
4830,36490097,8.763927,35.7274823,-78.6962747,35.34353963872628,-0.113
4831,36490130,8.826149,35.7274823,-78.6962747,35.34353963872628,-0.113
4832,36490163,8.873089,35.7274823,-78.6962747,35.34353963872628,-0.113
4833,36490196,8.90852,35.7274823,-78.6962747,35.34353963872628,-0.113
4834,36490228,9.361374,35.7274823,-78.6962747,35.34353963872628,-0.113
4835,36490261,9.678268,35.7274823,-78.6962747,35.34353963872628,-0.113
4836,36490294,9.465271,35.7274823,-78.6962747,35.34353963872628,-0.113
4837,36490326,9.3169365,35.7274823,-78.6962747,35.34353963872628,-0.113
4838,36490359,9.213348,35.7274823,-78.6962747,35.34353963872628,-0.113
4839,36490392,9.142693,35.7274823,-78.6962747,35.34353963872628,-0.113
4840,36490425,9.118664,35.7274823,-78.6962747,35.34353963872628,-0.113
4841,36490457,9.31929,35.7274823,-78.6962747,35.34353963872628,-0.113
4842,36490490,9.530117,35.7274823,-78.6962747,35.34353963872628,-0.113
4843,36490523,9.79863,35.7274823,-78.6962747,35.34353963872628,-0.113
4844,36490556,10.136887,35.7274823,-78.6962747,35.34353963872628,-0.113
4845,36490588,10.09103,35.7274823,-78.6962747,35.34353963872628,-0.113
4846,36490621,10.063957,35.7274823,-78.6962747,35.34353963872628,-0.113
4847,36490654,10.0468445,35.7274823,-78.6962747,35.34353963872628,-0.113
4848,36490687,10.03709,35.7274823,-78.6962747,35.34353963872628,-0.113
4849,36490720,10.032616,35.7274823,-78.6962747,35.34353963872628,-0.113
4850,36490752,10.120762,35.7274823,-78.6962747,35.34353963872628,-0.113
4851,36490785,10.241547,35.7274823,-78.6962747,35.34353963872628,-0.113
4852,36490818,10.327011,35.7274823,-78.6962747,35.34353963872628,-0.113
4853,36490851,10.420235,35.7274823,-78.6962747,35.34353963872628,-0.113
4854,36490883,10.439838,35.7274823,-78.6962747,35.34353963872628,-0.113
4855,36490916,10.453091,35.7274823,-78.6962747,35.34353963872628,-0.113
4856,36490949,10.461422,35.7274823,-78.6962747,35.34353963872628,-0.113
4857,36490982,10.467289,35.7274823,-78.6962747,35.34353963872628,-0.113
4858,36491014,10.471088,35.7274823,-78.6962747,35.34353963872628,-0.113
4859,36491047,10.484894,35.7274823,-78.6962747,35.34353963872628,-0.113
4860,36491080,10.502922,35.7274823,-78.6962747,35.34353963872628,-0.113
4861,36491113,10.516289,35.7274823,-78.6962747,35.34353963872628,-0.113
4862,36491145,10.87286,35.7274823,-78.6962747,35.34353963872628,-0.113
4863,36491178,10.776497,35.7274823,-78.6962747,35.34353963872628,-0.113
4864,36491211,10.695854,35.7274823,-78.6962747,35.34353963872628,-0.113
4865,36491244,10.64333,35.7274823,-78.6962747,35.34353963872628,-0.113
4866,36491276,10.607594,35.7274823,-78.6962747,35.34353963872628,-0.113
4867,36491309,10.585693,35.7274823,-78.6962747,35.34353963872628,-0.113
4868,36491342,10.6241455,35.7274823,-78.6962747,35.34353963872628,-0.113
4869,36491375,10.750923,35.7274823,-78.6962747,35.34353963872628,-0.113
4870,36491407,10.83131,35.7274823,-78.6962747,35.34353963872628,-0.113
4871,36491440,10.885899,35.7274823,-78.6962747,35.34353963872628,-0.113
4872,36491473,10.921532,35.7274823,-78.6962747,35.34353963872628,-0.113
4873,36491506,10.946754,35.7274823,-78.6962747,35.34353963872628,-0.113
4874,36491538,11.259464,35.7274823,-78.6962747,35.34353963872628,-0.113
4875,36491571,11.23357,35.7274823,-78.6962747,35.34353963872628,-0.113
4876,36491604,11.146244,35.7274823,-78.6962747,35.34353963872628,-0.113
4877,36491637,11.090656,35.7274823,-78.6962747,35.34353963872628,-0.113
4878,36491669,11.0534935,35.7274823,-78.6962747,35.34353963872628,-0.113
4879,36491702,11.030933,35.7274823,-78.6962747,35.34353963872628,-0.113
4880,36491735,11.052601,35.7274823,-78.6962747,35.34353963872628,-0.113
4881,36491768,11.182983,35.7274823,-78.6962747,35.34353963872628,-0.113
4882,36491800,11.273899,35.7274823,-78.6962747,35.34353963872628,-0.113
4883,36491833,11.370216,35.7274823,-78.6962747,35.34353963872628,-0.113
4884,36491866,11.418903,35.7274823,-78.6962747,35.34353963872628,-0.113
4885,36491899,11.426815,35.7274823,-78.6962747,35.34353963872628,-0.113
4886,36491931,11.432827,35.7274823,-78.6962747,35.34353963872628,-0.113
4887,36491964,11.437325,35.7274823,-78.6962747,35.34353963872628,-0.113
4888,36491997,11.4401245,35.7274823,-78.6962747,35.34353963872628,-0.113
4889,36492030,11.4435425,35.7274823,-78.6962747,35.34353963872628,-0.113
4890,36492062,11.464275,35.7274823,-78.6962747,35.34353963872628,-0.113
4891,36492096,11.482105,35.7274823,-78.6962747,35.34353963872628,-0.113
4892,36492128,11.615913,35.7274823,-78.6962747,35.34353963872628,-0.113
4893,36492163,11.742725,35.7274823,-78.6962747,35.34353963872628,-0.113
4894,36492196,11.655991,35.7274823,-78.6962747,35.34353963872628,-0.113
4895,36492228,11.602203,35.7274823,-78.6962747,35.34353963872628,-0.113
4896,36492261,11.567459,35.7274823,-78.6962747,35.34353963872628,-0.113
4897,36492294,11.546272,35.7274823,-78.6962747,35.34353963872628,-0.113
4898,36492327,11.539257,35.7274823,-78.6962747,35.34353963872628,-0.113
4899,36492359,11.634254,35.7274823,-78.6962747,35.34353963872628,-0.113
4900,36492392,11.719551,35.7274823,-78.6962747,35.34353963872628,-0.113
4901,36492425,11.777679,35.7274823,-78.6962747,35.34353963872628,-0.113
4902,36492458,11.814152,35.7274823,-78.6962747,35.34353963872628,-0.113
4903,36492490,11.838696,35.7274823,-78.6962747,35.34353963872628,-0.113
4904,36492523,11.888115,35.7274823,-78.6962747,35.34353963872628,-0.113
4905,36492556,12.002296,35.7274823,-78.6962747,35.34353963872628,-0.113
4906,36492589,11.953659,35.7274823,-78.6962747,35.34353963872628,-0.113
4907,36492621,11.92384,35.7274823,-78.6962747,35.34353963872628,-0.113
4908,36492654,11.905296,35.7274823,-78.6962747,35.34353963872628,-0.113
4909,36492687,11.893196,35.7274823,-78.6962747,35.34353963872628,-0.113
4910,36492720,11.886421,35.7274823,-78.6962747,35.34353963872628,-0.113
4911,36492752,11.925243,35.7274823,-78.6962747,35.34353963872628,-0.113
4912,36492785,11.980843,35.7274823,-78.6962747,35.34353963872628,-0.113
4913,36492818,12.028496,35.7274823,-78.6962747,35.34353963872628,-0.113
4914,36492851,12.874962,35.7274823,-78.6962747,35.34353963872628,-0.113
4915,36492883,12.544651,35.7274823,-78.6962747,35.34353963872628,-0.113
4916,36492916,12.347992,35.7274823,-78.6962747,35.34353963872628,-0.113
4917,36492949,12.232174,35.7274823,-78.6962747,35.34353963872628,-0.113
4918,36492982,12.164406,35.7274823,-78.6962747,35.34353963872628,-0.113
4919,36493014,12.125362,35.7274823,-78.6962747,35.34353963872628,-0.113
4920,36493047,12.284729,35.7274823,-78.6962747,35.34353963872628,-0.113
4921,36493080,12.64069,35.7274823,-78.6962747,35.34353963872628,-0.113
4922,36493113,12.844086,35.7274823,-78.6962747,35.34353963872628,-0.113
4923,36493145,13.143543,35.7274823,-78.6962747,35.34353963872628,-0.113
4924,36493178,13.162346,35.7274823,-78.6962747,35.34353963872628,-0.113
4925,36493211,13.153664,35.7274823,-78.6962747,35.34353963872628,-0.113
4926,36493244,13.150116,35.7274823,-78.6962747,35.34353963872628,-0.113
4927,36493276,13.148663,35.7274823,-78.6962747,35.34353963872628,-0.113
4928,36493309,13.148159,35.7274823,-78.6962747,35.34353963872628,-0.113
4929,36493342,13.177845,35.7274823,-78.6962747,35.34353963872628,-0.113
4930,36493375,13.268131,35.7274823,-78.6962747,35.34353963872628,-0.113
4931,36493407,13.324318,35.7274823,-78.6962747,35.34353963872628,-0.113
4932,36493440,13.353287,35.7274823,-78.6962747,35.34353963872628,-0.113
4933,36493473,13.370384,35.7274823,-78.6962747,35.34353963872628,-0.113
4934,36493506,13.381195,35.7274823,-78.6962747,35.34353963872628,-0.113
4935,36493538,13.502689,35.7274823,-78.6962747,35.34353963872628,-0.113
4936,36493571,13.502968,35.7274823,-78.6962747,35.34353963872628,-0.113
4937,36493604,13.455666,35.7274823,-78.6962747,35.34353963872628,-0.113
4938,36493637,13.428635,35.7274823,-78.6962747,35.34353963872628,-0.113
4939,36493669,13.413666,35.7274823,-78.6962747,35.34353963872628,-0.113
4940,36493702,13.404507,35.7274823,-78.6962747,35.34353963872628,-0.113
4941,36493735,13.411415,35.7274823,-78.6962747,35.34353963872628,-0.113
4942,36493768,13.489525,35.7274823,-78.6962747,35.34353963872628,-0.113
4943,36493800,13.54071,35.7274823,-78.6962747,35.34353963872628,-0.113
4944,36493833,13.640549,35.7274823,-78.6962747,35.34353963872628,-0.113
4945,36493866,13.678555,35.7274823,-78.6962747,35.34353963872628,-0.113
4946,36493899,13.647503,35.7274823,-78.6962747,35.34353963872628,-0.113
4947,36493931,13.6290245,35.7274823,-78.6962747,35.34353963872628,-0.113
4948,36493964,13.619148,35.7274823,-78.6962747,35.34353963872628,-0.113
4949,36493997,13.613621,35.7274823,-78.6962747,35.34353963872628,-0.113
4950,36494030,13.61911,35.7274823,-78.6962747,35.34353963872628,-0.113
4951,36494062,13.672428,35.7274823,-78.6962747,35.34353963872628,-0.113
4952,36494095,13.715927,35.7274823,-78.6962747,35.34353963872628,-0.113
4953,36494128,13.772251,35.7274823,-78.6962747,35.34353963872628,-0.113
4954,36494161,13.827488,35.7274823,-78.6962747,35.34353963872628,-0.113
4955,36494193,13.801929,35.7274823,-78.6962747,35.34353963872628,-0.113
4956,36494226,13.788052,35.7274823,-78.6962747,35.34353963872628,-0.113
4957,36494261,13.78067,35.7274823,-78.6962747,35.34353963872628,-0.113
4958,36494294,13.777397,35.7274823,-78.6962747,35.34353963872628,-0.113
4959,36494326,13.776196,35.7274823,-78.6962747,35.34353963872628,-0.113
4960,36494359,13.808613,35.7274823,-78.6962747,35.34353963872628,-0.113
4961,36494392,13.844521,35.7274823,-78.6962747,35.34353963872628,-0.113
4962,36494425,13.8631935,35.7274823,-78.6962747,35.34353963872628,-0.113
4963,36494457,13.872753,35.7274823,-78.6962747,35.34353963872628,-0.113
4964,36494490,13.878662,35.7274823,-78.6962747,35.34353963872628,-0.113
4965,36494523,13.890167,35.7274823,-78.6962747,35.34353963872628,-0.113
4966,36494556,13.929409,35.7274823,-78.6962747,35.34353963872628,-0.113
4967,36494588,13.90995,35.7274823,-78.6962747,35.34353963872628,-0.113
4968,36494621,13.898754,35.7274823,-78.6962747,35.34353963872628,-0.113
4969,36494654,13.893787,35.7274823,-78.6962747,35.34353963872628,-0.113
4970,36494687,13.890377,35.7274823,-78.6962747,35.34353963872628,-0.113
4971,36494719,13.888405,35.7274823,-78.6962747,35.34353963872628,-0.113
4972,36494752,13.903698,35.7274823,-78.6962747,35.34353963872628,-0.113
4973,36494785,13.92598,35.7274823,-78.6962747,35.34353963872628,-0.113
4974,36494818,13.936653,35.7274823,-78.6962747,35.34353963872628,-0.113
4975,36494850,13.9554825,35.7274823,-78.6962747,35.34353963872628,-0.113
4976,36494883,13.95903,35.7274823,-78.6962747,35.34353963872628,-0.113
4977,36494916,13.956352,35.7274823,-78.6962747,35.34353963872628,-0.113
4978,36494949,13.953892,35.7274823,-78.6962747,35.34353963872628,-0.113
4979,36494982,13.952225,35.7274823,-78.6962747,35.34353963872628,-0.113
4980,36495014,13.952438,35.7274823,-78.6962747,35.34353963872628,-0.113
4981,36495047,13.954796,35.7274823,-78.6962747,35.34353963872628,-0.113
4982,36495080,13.956055,35.7274823,-78.6962747,35.34353963872628,-0.113
4983,36495112,13.960293,35.7274823,-78.6962747,35.34353963872628,-0.113
4984,36495145,13.957245,35.7274823,-78.6962747,35.34353963872628,-0.113
4985,36495178,13.961235,35.7274823,-78.6962747,35.34353963872628,-0.113
4986,36495211,13.964275,35.7274823,-78.6962747,35.34353963872628,-0.113
4987,36495243,13.965729,35.7274823,-78.6962747,35.34353963872628,-0.113
4988,36495276,13.967201,35.7274823,-78.6962747,35.34353963872628,-0.113
4989,36495309,13.967918,35.7274823,-78.6962747,35.34353963872628,-0.113
4990,36495342,13.967361,35.7274823,-78.6962747,35.34353963872628,-0.113
4991,36495375,13.9628525,35.7274823,-78.6962747,35.34353963872628,-0.113
4992,36495407,13.961052,35.7274823,-78.6962747,35.34353963872628,-0.113
4993,36495440,13.959637,35.7274823,-78.6962747,35.34353963872628,-0.113
4994,36495473,13.959473,35.7274823,-78.6962747,35.34353963872628,-0.113
4995,36495506,13.957386,35.7274823,-78.6962747,35.34353963872628,-0.113
4996,36495538,13.937798,35.7274823,-78.6962747,35.34353963872628,-0.113
4997,36495571,13.935638,35.7274823,-78.6962747,35.34353963872628,-0.113
4998,36495604,13.94553,35.7274823,-78.6962747,35.34353963872628,-0.113
4999,36495637,13.950432,35.7274823,-78.6962747,35.34353963872628,-0.113
5000,36495669,13.953907,35.7274823,-78.6962747,35.34353963872628,-0.113
5001,36495702,13.956001,35.7274823,-78.6962747,35.34353963872628,-0.113
5002,36495735,13.954239,35.7274823,-78.6962747,35.34353963872628,-0.113
5003,36495768,13.93988,35.7274823,-78.6962747,35.34353963872628,-0.113
5004,36495800,13.929287,35.7274823,-78.6962747,35.34353963872628,-0.113
5005,36495833,13.910034,35.7274823,-78.6962747,35.34353963872628,-0.113
5006,36495866,13.894241,35.7274823,-78.6962747,35.34353963872628,-0.113
5007,36495899,13.903347,35.7274823,-78.6962747,35.34353963872628,-0.113
5008,36495931,13.909817,35.7274823,-78.6962747,35.34353963872628,-0.113
5009,36495964,13.912956,35.7274823,-78.6962747,35.34353963872628,-0.113
5010,36495997,13.913635,35.7274823,-78.6962747,35.34353963872628,-0.113
5011,36496030,13.913761,35.7274823,-78.6962747,35.34353963872628,-0.113
5012,36496062,13.901165,35.7274823,-78.6962747,35.34353963872628,-0.113
5013,36496095,13.888813,35.7274823,-78.6962747,35.34353963872628,-0.113
5014,36496128,13.873123,35.7274823,-78.6962747,35.34353963872628,-0.113
5015,36496161,13.853146,35.7274823,-78.6962747,35.34353963872628,-0.113
5016,36496193,13.862553,35.7274823,-78.6962747,35.34353963872628,-0.113
5017,36496226,13.867409,35.7274823,-78.6962747,35.34353963872628,-0.113
5018,36496259,13.869877,35.7274823,-78.6962747,35.34353963872628,-0.113
5019,36496292,13.87109,35.7274823,-78.6962747,35.34353963872628,-0.113
5020,36496324,13.872364,35.7274823,-78.6962747,35.34353963872628,-0.113
5021,36496359,13.861988,35.7274823,-78.6962747,35.34353963872628,-0.113
5022,36496392,13.850334,35.7274823,-78.6962747,35.34353963872628,-0.113
5023,36496425,13.843803,35.7274823,-78.6962747,35.34353963872628,-0.113
5024,36496457,13.840324,35.7274823,-78.6962747,35.34353963872628,-0.113
5025,36496490,13.839462,35.7274823,-78.6962747,35.34353963872628,-0.113
5026,36496523,13.837059,35.7274823,-78.6962747,35.34353963872628,-0.113
5027,36496556,13.81736,35.7274823,-78.6962747,35.34353963872628,-0.113
5028,36496588,13.826481,35.7274823,-78.6962747,35.34353963872628,-0.113
5029,36496621,13.830902,35.7274823,-78.6962747,35.34353963872628,-0.113
5030,36496654,13.832943,35.7274823,-78.6962747,35.34353963872628,-0.113
5031,36496687,13.833832,35.7274823,-78.6962747,35.34353963872628,-0.113
5032,36496719,13.835888,35.7274823,-78.6962747,35.34353963872628,-0.113
5033,36496752,13.831253,35.7274823,-78.6962747,35.34353963872628,-0.113
5034,36496785,13.82185,35.7274823,-78.6962747,35.34353963872628,-0.113
5035,36496818,13.8164215,35.7274823,-78.6962747,35.34353963872628,-0.113
5036,36496851,13.8040085,35.7274823,-78.6962747,35.34353963872628,-0.113
5037,36496883,13.805588,35.7274823,-78.6962747,35.34353963872628,-0.113
5038,36496916,13.807396,35.7274823,-78.6962747,35.34353963872628,-0.113
5039,36496949,13.8085785,35.7274823,-78.6962747,35.34353963872628,-0.113
5040,36496981,13.810089,35.7274823,-78.6962747,35.34353963872628,-0.113
5041,36497014,13.810383,35.7274823,-78.6962747,35.34353963872628,-0.113
5042,36497047,13.807701,35.7274823,-78.6962747,35.34353963872628,-0.113
5043,36497080,13.802723,35.7274823,-78.6962747,35.34353963872628,-0.113
5044,36497112,13.799725,35.7274823,-78.6962747,35.34353963872628,-0.113
5045,36497145,13.79388,35.7274823,-78.6962747,35.34353963872628,-0.113
5046,36497178,13.792564,35.7274823,-78.6962747,35.34353963872628,-0.113
5047,36497211,13.793903,35.7274823,-78.6962747,35.34353963872628,-0.113
5048,36497243,13.794903,35.7274823,-78.6962747,35.34353963872628,-0.113
5049,36497276,13.795109,35.7274823,-78.6962747,35.34353963872628,-0.113
5050,36497309,13.794628,35.7274823,-78.6962747,35.34353963872628,-0.113
5051,36497342,13.794346,35.7274823,-78.6962747,35.34353963872628,-0.113
5052,36497374,13.792812,35.7274823,-78.6962747,35.34353963872628,-0.113
5053,36497407,13.790947,35.7274823,-78.6962747,35.34353963872628,-0.113
5054,36497440,13.788322,35.7274823,-78.6962747,35.34353963872628,-0.113
5055,36497473,13.789455,35.7274823,-78.6962747,35.34353963872628,-0.113
5056,36497506,13.7895355,35.7274823,-78.6962747,35.34353963872628,-0.113
5057,36497538,13.787506,35.7274823,-78.6962747,35.34353963872628,-0.113
5058,36497571,13.786438,35.7274823,-78.6962747,35.34353963872628,-0.113
5059,36497604,13.787796,35.7274823,-78.6962747,35.34353963872628,-0.113
5060,36497637,13.788559,35.7274823,-78.6962747,35.34353963872628,-0.113
5061,36497669,13.788845,35.7274823,-78.6962747,35.34353963872628,-0.113
5062,36497702,13.787956,35.7274823,-78.6962747,35.34353963872628,-0.113
5063,36497735,13.788784,35.7274823,-78.6962747,35.34353963872628,-0.113
5064,36497768,13.787731,35.7274823,-78.6962747,35.34353963872628,-0.113
5065,36497800,13.785923,35.7274823,-78.6962747,35.34353963872628,-0.113
5066,36497833,13.7837105,35.7274823,-78.6962747,35.34353963872628,-0.113
5067,36497866,13.781681,35.7274823,-78.6962747,35.34353963872628,-0.113
5068,36497899,13.783482,35.7274823,-78.6962747,35.34353963872628,-0.113
5069,36497932,13.783627,35.7274823,-78.6962747,35.34353963872628,-0.113
5070,36497964,13.783661,35.7274823,-78.6962747,35.34353963872628,-0.113
5071,36497997,13.784489,35.7274823,-78.6962747,35.34353963872628,-0.113
5072,36498030,13.785095,35.7274823,-78.6962747,35.34353963872628,-0.113
5073,36498062,13.783115,35.7274823,-78.6962747,35.34353963872628,-0.113
5074,36498095,13.781658,35.7274823,-78.6962747,35.34353963872628,-0.113
5075,36498128,13.779762,35.7274823,-78.6962747,35.34353963872628,-0.113
5076,36498160,13.777058,35.7274823,-78.6962747,35.34353963872628,-0.113
5077,36498193,13.778187,35.7274823,-78.6962747,35.34353963872628,-0.113
5078,36498226,13.778511,35.7274823,-78.6962747,35.34353963872628,-0.113
5079,36498259,13.7787285,35.7274823,-78.6962747,35.34353963872628,-0.113
5080,36498292,13.779537,35.7274823,-78.6962747,35.34353963872628,-0.113
5081,36498324,13.77972,35.7274823,-78.6962747,35.34353963872628,-0.113
5082,36498357,13.777935,35.7274823,-78.6962747,35.34353963872628,-0.113
5083,36498390,13.776634,35.7274823,-78.6962747,35.34353963872628,-0.113
5084,36498423,13.776066,35.7274823,-78.6962747,35.34353963872628,-0.113
5085,36498457,13.77523,35.7274823,-78.6962747,35.34353963872628,-0.113
5086,36498490,13.77475,35.7274823,-78.6962747,35.34353963872628,-0.113
5087,36498523,13.775276,35.7274823,-78.6962747,35.34353963872628,-0.113
5088,36498555,13.7717285,35.7274823,-78.6962747,35.34353963872628,-0.113
5089,36498588,13.772331,35.7274823,-78.6962747,35.34353963872628,-0.113
5090,36498621,13.773037,35.7274823,-78.6962747,35.34353963872628,-0.113
5091,36498654,13.774612,35.7274823,-78.6962747,35.34353963872628,-0.113
5092,36498687,13.774784,35.7274823,-78.6962747,35.34353963872628,-0.113
5093,36498719,13.774136,35.7274823,-78.6962747,35.34353963872628,-0.113
5094,36498752,13.773476,35.7274823,-78.6962747,35.34353963872628,-0.113
5095,36498785,13.772446,35.7274823,-78.6962747,35.34353963872628,-0.113
5096,36498818,13.771412,35.7274823,-78.6962747,35.34353963872628,-0.113
5097,36498850,13.769909,35.7274823,-78.6962747,35.34353963872628,-0.113
5098,36498883,13.769588,35.7274823,-78.6962747,35.34353963872628,-0.113
5099,36498916,13.770237,35.7274823,-78.6962747,35.34353963872628,-0.113
5100,36498948,13.770149,35.7274823,-78.6962747,35.34353963872628,-0.113
5101,36498981,13.769672,35.7274823,-78.6962747,35.34353963872628,-0.113
5102,36499014,13.769207,35.7274823,-78.6962747,35.34353963872628,-0.113
5103,36499047,13.77002,35.7274823,-78.6962747,35.34353963872628,-0.113
5104,36499079,13.769859,35.7274823,-78.6962747,35.34353963872628,-0.113
5105,36499112,13.769058,35.7274823,-78.6962747,35.34353963872628,-0.113
5106,36499145,13.766586,35.7274823,-78.6962747,35.34353963872628,-0.113
5107,36499178,13.767269,35.7274823,-78.6962747,35.34353963872628,-0.113
5108,36499211,13.768814,35.7274823,-78.6962747,35.34353963872628,-0.113
5109,36499243,13.768375,35.7274823,-78.6962747,35.34353963872628,-0.113
5110,36499276,13.769291,35.7274823,-78.6962747,35.34353963872628,-0.113
5111,36499309,13.769577,35.7274823,-78.6962747,35.34353963872628,-0.113
5112,36499342,13.76936,35.7274823,-78.6962747,35.34353963872628,-0.113
5113,36499374,13.766411,35.7274823,-78.6962747,35.34353963872628,-0.113
5114,36499407,13.765678,35.7274823,-78.6962747,35.34353963872628,-0.113
5115,36499440,13.765392,35.7274823,-78.6962747,35.34353963872628,-0.113
5116,36499473,13.765507,35.7274823,-78.6962747,35.34353963872628,-0.113
5117,36499505,13.764507,35.7274823,-78.6962747,35.34353963872628,-0.113
5118,36499538,13.764534,35.7274823,-78.6962747,35.34353963872628,-0.113
5119,36499571,13.763813,35.7274823,-78.6962747,35.34353963872628,-0.113
5120,36499604,13.765156,35.7274823,-78.6962747,35.34353963872628,-0.113
5121,36499636,13.7636795,35.7274823,-78.6962747,35.34353963872628,-0.113
5122,36499669,13.764915,35.7274823,-78.6962747,35.34353963872628,-0.113
5123,36499702,13.764725,35.7274823,-78.6962747,35.34353963872628,-0.113
5124,36499735,13.76424,35.7274823,-78.6962747,35.34353963872628,-0.113
5125,36499767,13.763248,35.7274823,-78.6962747,35.34353963872628,-0.113
5126,36499800,13.7638855,35.7274823,-78.6962747,35.34353963872628,-0.113
5127,36499833,13.763714,35.7274823,-78.6962747,35.34353963872628,-0.113
5128,36499866,13.763092,35.7274823,-78.6962747,35.34353963872628,-0.113
5129,36499899,13.762596,35.7274823,-78.6962747,35.34353963872628,-0.113
5130,36499931,13.7631645,35.7274823,-78.6962747,35.34353963872628,-0.113
5131,36499964,13.763359,35.7274823,-78.6962747,35.34353963872628,-0.113
5132,36499997,13.762646,35.7274823,-78.6962747,35.34353963872628,-0.113
5133,36500029,13.762283,35.7274823,-78.6962747,35.34353963872628,-0.113
5134,36500062,13.762928,35.7274823,-78.6962747,35.34353963872628,-0.113
5135,36500095,13.763256,35.7274823,-78.6962747,35.34353963872628,-0.113
5136,36500128,13.762489,35.7274823,-78.6962747,35.34353963872628,-0.113
5137,36500160,13.762619,35.7274823,-78.6962747,35.34353963872628,-0.113
5138,36500193,13.762962,35.7274823,-78.6962747,35.34353963872628,-0.113
5139,36500226,13.762772,35.7274823,-78.6962747,35.34353963872628,-0.113
5140,36500259,13.762623,35.7274823,-78.6962747,35.34353963872628,-0.113
5141,36500291,13.7624855,35.7274823,-78.6962747,35.34353963872628,-0.113
5142,36500324,13.763077,35.7274823,-78.6962747,35.34353963872628,-0.113
5143,36500357,13.763882,35.7274823,-78.6962747,35.34353963872628,-0.113
5144,36500390,13.762634,35.7274823,-78.6962747,35.34353963872628,-0.113
5145,36500422,13.762722,35.7274823,-78.6962747,35.34353963872628,-0.113
5146,36500455,13.7633705,35.7274823,-78.6962747,35.34353963872628,-0.113
5147,36500488,13.763859,35.7274823,-78.6962747,35.34353963872628,-0.113
5148,36500521,13.762657,35.7274823,-78.6962747,35.34353963872628,-0.113
5149,36500556,13.7589035,35.7274823,-78.6962747,35.34353963872628,-0.113
5150,36500588,13.761505,35.7274823,-78.6962747,35.34353963872628,-0.113
5151,36500621,13.762337,35.7274823,-78.6962747,35.34353963872628,-0.113
5152,36500654,13.762165,35.7274823,-78.6962747,35.34353963872628,-0.113
5153,36500687,13.761749,35.7274823,-78.6962747,35.34353963872628,-0.113
5154,36500719,13.763668,35.7274823,-78.6962747,35.34353963872628,-0.113
5155,36500752,13.762863,35.7274823,-78.6962747,35.34353963872628,-0.113
5156,36500785,13.759724,35.7274823,-78.6962747,35.34353963872628,-0.113
5157,36500817,13.75877,35.7274823,-78.6962747,35.34353963872628,-0.113
5158,36500850,13.759277,35.7274823,-78.6962747,35.34353963872628,-0.113
5159,36500883,13.758793,35.7274823,-78.6962747,35.34353963872628,-0.113
5160,36500916,13.757839,35.7274823,-78.6962747,35.34353963872628,-0.113
5161,36500948,13.757633,35.7274823,-78.6962747,35.34353963872628,-0.113
5162,36500981,13.758408,35.7274823,-78.6962747,35.34353963872628,-0.113
5163,36501014,13.75861,35.7274823,-78.6962747,35.34353963872628,-0.113
5164,36501047,13.757687,35.7274823,-78.6962747,35.34353963872628,-0.113
5165,36501079,13.757938,35.7274823,-78.6962747,35.34353963872628,-0.113
5166,36501112,13.758221,35.7274823,-78.6962747,35.34353963872628,-0.113
5167,36501145,13.75853,35.7274823,-78.6962747,35.34353963872628,-0.113
5168,36501178,13.75769,35.7274823,-78.6962747,35.34353963872628,-0.113
5169,36501211,13.757351,35.7274823,-78.6962747,35.34353963872628,-0.113
5170,36501243,13.758415,35.7274823,-78.6962747,35.34353963872628,-0.113
5171,36501276,13.758293,35.7274823,-78.6962747,35.34353963872628,-0.113
5172,36501309,13.756882,35.7274823,-78.6962747,35.34353963872628,-0.113
5173,36501342,13.757771,35.7274823,-78.6962747,35.34353963872628,-0.113
5174,36501374,13.758373,35.7274823,-78.6962747,35.34353963872628,-0.113
5175,36501407,13.75827,35.7274823,-78.6962747,35.34353963872628,-0.113
5176,36501440,13.757553,35.7274823,-78.6962747,35.34353963872628,-0.113
5177,36501473,13.757919,35.7274823,-78.6962747,35.34353963872628,-0.113
5178,36501505,13.758507,35.7274823,-78.6962747,35.34353963872628,-0.113
5179,36501538,13.756783,35.7274823,-78.6962747,35.34353963872628,-0.113
5180,36501571,13.754169,35.7274823,-78.6962747,35.34353963872628,-0.113
5181,36501604,13.755924,35.7274823,-78.6962747,35.34353963872628,-0.113
5182,36501636,13.757736,35.7274823,-78.6962747,35.34353963872628,-0.113
5183,36501669,13.7573395,35.7274823,-78.6962747,35.34353963872628,-0.113
5184,36501702,13.757141,35.7274823,-78.6962747,35.34353963872628,-0.113
5185,36501735,13.757782,35.7274823,-78.6962747,35.34353963872628,-0.113
5186,36501767,13.757076,35.7274823,-78.6962747,35.34353963872628,-0.113
5187,36501800,13.754757,35.7274823,-78.6962747,35.34353963872628,-0.113
5188,36501833,13.753689,35.7274823,-78.6962747,35.34353963872628,-0.113
5189,36501866,13.753403,35.7274823,-78.6962747,35.34353963872628,-0.113
5190,36501898,13.753925,35.7274823,-78.6962747,35.34353963872628,-0.113
5191,36501931,13.752869,35.7274823,-78.6962747,35.34353963872628,-0.113
5192,36501964,13.753132,35.7274823,-78.6962747,35.34353963872628,-0.113
5193,36501997,13.752335,35.7274823,-78.6962747,35.34353963872628,-0.113
5194,36502029,13.752777,35.7274823,-78.6962747,35.34353963872628,-0.113
5195,36502062,13.752544,35.7274823,-78.6962747,35.34353963872628,-0.113
5196,36502095,13.752617,35.7274823,-78.6962747,35.34353963872628,-0.113
5197,36502128,13.75256,35.7274823,-78.6962747,35.34353963872628,-0.113
5198,36502160,13.752953,35.7274823,-78.6962747,35.34353963872628,-0.113
5199,36502193,13.752361,35.7274823,-78.6962747,35.34353963872628,-0.113
5200,36502226,13.752781,35.7274823,-78.6962747,35.34353963872628,-0.113
5201,36502259,13.752895,35.7274823,-78.6962747,35.34353963872628,-0.113
5202,36502291,13.753185,35.7274823,-78.6962747,35.34353963872628,-0.113
5203,36502324,13.752628,35.7274823,-78.6962747,35.34353963872628,-0.113
5204,36502357,13.752743,35.7274823,-78.6962747,35.34353963872628,-0.113
5205,36502390,13.752789,35.7274823,-78.6962747,35.34353963872628,-0.113
5206,36502422,13.752884,35.7274823,-78.6962747,35.34353963872628,-0.113
5207,36502455,13.752438,35.7274823,-78.6962747,35.34353963872628,-0.113
5208,36502488,13.752632,35.7274823,-78.6962747,35.34353963872628,-0.113
5209,36502521,13.753281,35.7274823,-78.6962747,35.34353963872628,-0.113
5210,36502553,13.74987,35.7274823,-78.6962747,35.34353963872628,-0.113
5211,36502586,13.749813,35.7274823,-78.6962747,35.34353963872628,-0.113
5212,36502619,13.751755,35.7274823,-78.6962747,35.34353963872628,-0.113
5213,36502654,13.752708,35.7274823,-78.6962747,35.34353963872628,-0.113
5214,36502687,13.752018,35.7274823,-78.6962747,35.34353963872628,-0.113
5215,36502719,13.752304,35.7274823,-78.6962747,35.34353963872628,-0.113
5216,36502752,13.75214,35.7274823,-78.6962747,35.34353963872628,-0.113
5217,36502785,13.750824,35.7274823,-78.6962747,35.34353963872628,-0.113
5218,36502817,13.74881,35.7274823,-78.6962747,35.34353963872628,-0.113
5219,36502850,13.748405,35.7274823,-78.6962747,35.34353963872628,-0.113
5220,36502883,13.748493,35.7274823,-78.6962747,35.34353963872628,-0.113
5221,36502916,13.748402,35.7274823,-78.6962747,35.34353963872628,-0.113
5222,36502948,13.747429,35.7274823,-78.6962747,35.34353963872628,-0.113
5223,36502981,13.747742,35.7274823,-78.6962747,35.34353963872628,-0.113
5224,36503014,13.747929,35.7274823,-78.6962747,35.34353963872628,-0.113
5225,36503047,13.748074,35.7274823,-78.6962747,35.34353963872628,-0.113
5226,36503079,13.747311,35.7274823,-78.6962747,35.34353963872628,-0.113
5227,36503112,13.747616,35.7274823,-78.6962747,35.34353963872628,-0.113
5228,36503145,13.74744,35.7274823,-78.6962747,35.34353963872628,-0.113
5229,36503178,13.747208,35.7274823,-78.6962747,35.34353963872628,-0.113
5230,36503210,13.746971,35.7274823,-78.6962747,35.34353963872628,-0.113
5231,36503243,13.746685,35.7274823,-78.6962747,35.34353963872628,-0.113
5232,36503276,13.747719,35.7274823,-78.6962747,35.34353963872628,-0.113
5233,36503309,13.747597,35.7274823,-78.6962747,35.34353963872628,-0.113
5234,36503341,13.747459,35.7274823,-78.6962747,35.34353963872628,-0.113
5235,36503374,13.746925,35.7274823,-78.6962747,35.34353963872628,-0.113
5236,36503407,13.747063,35.7274823,-78.6962747,35.34353963872628,-0.113
5237,36503440,13.746971,35.7274823,-78.6962747,35.34353963872628,-0.113
5238,36503472,13.746361,35.7274823,-78.6962747,35.34353963872628,-0.113
5239,36503505,13.74588,35.7274823,-78.6962747,35.34353963872628,-0.113
5240,36503538,13.7464485,35.7274823,-78.6962747,35.34353963872628,-0.113
5241,36503571,13.746868,35.7274823,-78.6962747,35.34353963872628,-0.113
5242,36503604,13.746128,35.7274823,-78.6962747,35.34353963872628,-0.113
5243,36503636,13.746815,35.7274823,-78.6962747,35.34353963872628,-0.113
5244,36503669,13.746407,35.7274823,-78.6962747,35.34353963872628,-0.113
5245,36503702,13.746994,35.7274823,-78.6962747,35.34353963872628,-0.113
5246,36503735,13.746651,35.7274823,-78.6962747,35.34353963872628,-0.113
5247,36503767,13.746559,35.7274823,-78.6962747,35.34353963872628,-0.113
5248,36503800,13.746235,35.7274823,-78.6962747,35.34353963872628,-0.113
5249,36503833,13.747166,35.7274823,-78.6962747,35.34353963872628,-0.113
5250,36503865,13.746357,35.7274823,-78.6962747,35.34353963872628,-0.113
5251,36503898,13.746754,35.7274823,-78.6962747,35.34353963872628,-0.113
5252,36503931,13.746403,35.7274823,-78.6962747,35.34353963872628,-0.113
5253,36503964,13.747162,35.7274823,-78.6962747,35.34353963872628,-0.113
5254,36503996,13.74612,35.7274823,-78.6962747,35.34353963872628,-0.113
5255,36504029,13.746666,35.7274823,-78.6962747,35.34353963872628,-0.113
5256,36504062,13.746536,35.7274823,-78.6962747,35.34353963872628,-0.113
5257,36504095,13.7468605,35.7274823,-78.6962747,35.34353963872628,-0.113
5258,36504127,13.745838,35.7274823,-78.6962747,35.34353963872628,-0.113
5259,36504160,13.746479,35.7274823,-78.6962747,35.34353963872628,-0.113
5260,36504193,13.746574,35.7274823,-78.6962747,35.34353963872628,-0.113
5261,36504226,13.74646,35.7274823,-78.6962747,35.34353963872628,-0.113
5262,36504258,13.746235,35.7274823,-78.6962747,35.34353963872628,-0.113
5263,36504291,13.746838,35.7274823,-78.6962747,35.34353963872628,-0.113
5264,36504324,13.746662,35.7274823,-78.6962747,35.34353963872628,-0.113
5265,36504357,13.746315,35.7274823,-78.6962747,35.34353963872628,-0.113
5266,36504389,13.74585,35.7274823,-78.6962747,35.34353963872628,-0.113
5267,36504422,13.746712,35.7274823,-78.6962747,35.34353963872628,-0.113
5268,36504455,13.746838,35.7274823,-78.6962747,35.34353963872628,-0.113
5269,36504488,13.745899,35.7274823,-78.6962747,35.34353963872628,-0.113
5270,36504520,13.745922,35.7274823,-78.6962747,35.34353963872628,-0.113
5271,36504553,13.746857,35.7274823,-78.6962747,35.34353963872628,-0.113
5272,36504586,13.746838,35.7274823,-78.6962747,35.34353963872628,-0.113
5273,36504619,13.746445,35.7274823,-78.6962747,35.34353963872628,-0.113
5274,36504651,13.746082,35.7274823,-78.6962747,35.34353963872628,-0.113
5275,36504684,13.746883,35.7274823,-78.6962747,35.34353963872628,-0.113
5276,36504717,13.747185,35.7274823,-78.6962747,35.34353963872628,-0.113
5277,36504752,13.746281,35.7274823,-78.6962747,35.34353963872628,-0.113
5278,36504785,13.7465515,35.7274823,-78.6962747,35.34353963872628,-0.113
5279,36504817,13.746628,35.7274823,-78.6962747,35.34353963872628,-0.113
5280,36504850,13.747128,35.7274823,-78.6962747,35.34353963872628,-0.113
5281,36504883,13.746037,35.7274823,-78.6962747,35.34353963872628,-0.113
5282,36504916,13.745899,35.7274823,-78.6962747,35.34353963872628,-0.113
5283,36504948,13.746735,35.7274823,-78.6962747,35.34353963872628,-0.113
5284,36504981,13.74712,35.7274823,-78.6962747,35.34353963872628,-0.113
5285,36505014,13.746689,35.7274823,-78.6962747,35.34353963872628,-0.113
5286,36505047,13.746559,35.7274823,-78.6962747,35.34353963872628,-0.113
5287,36505079,13.747402,35.7274823,-78.6962747,35.34353963872628,-0.113
5288,36505112,13.746685,35.7274823,-78.6962747,35.34353963872628,-0.113
5289,36505145,13.74612,35.7274823,-78.6962747,35.34353963872628,-0.113
5290,36505178,13.746223,35.7274823,-78.6962747,35.34353963872628,-0.113
5291,36505210,13.746571,35.7274823,-78.6962747,35.34353963872628,-0.113
5292,36505243,13.746822,35.7274823,-78.6962747,35.34353963872628,-0.113
5293,36505276,13.746201,35.7274823,-78.6962747,35.34353963872628,-0.113
5294,36505309,13.746334,35.7274823,-78.6962747,35.34353963872628,-0.113
5295,36505341,13.746979,35.7274823,-78.6962747,35.34353963872628,-0.113
5296,36505374,13.74712,35.7274823,-78.6962747,35.34353963872628,-0.113
5297,36505407,13.746288,35.7274823,-78.6962747,35.34353963872628,-0.113
5298,36505440,13.745743,35.7274823,-78.6962747,35.34353963872628,-0.113
5299,36505472,13.747086,35.7274823,-78.6962747,35.34353963872628,-0.113
5300,36505505,13.747116,35.7274823,-78.6962747,35.34353963872628,-0.113
5301,36505538,13.746006,35.7274823,-78.6962747,35.34353963872628,-0.113
5302,36505571,13.746799,35.7274823,-78.6962747,35.34353963872628,-0.113
5303,36505603,13.747402,35.7274823,-78.6962747,35.34353963872628,-0.113
5304,36505636,13.746838,35.7274823,-78.6962747,35.34353963872628,-0.113
5305,36505669,13.746338,35.7274823,-78.6962747,35.34353963872628,-0.113
5306,36505702,13.7467575,35.7274823,-78.6962747,35.34353963872628,-0.113
5307,36505734,13.746914,35.7274823,-78.6962747,35.34353963872628,-0.113
5308,36505800,13.745888,35.7274823,-78.6962747,35.34353963872628,-0.113
5309,36505833,13.746426,35.7274823,-78.6962747,35.34353963872628,-0.113
5310,36505865,13.747139,35.7274823,-78.6962747,35.34353963872628,-0.113
5311,36505898,13.74715,35.7274823,-78.6962747,35.34353963872628,-0.113
5312,36505931,13.746029,35.7274823,-78.6962747,35.34353963872628,-0.113
5313,36505964,13.746338,35.7274823,-78.6962747,35.34353963872628,-0.113
5314,36505996,13.746696,35.7274823,-78.6962747,35.34353963872628,-0.113
5315,36506029,13.747097,35.7274823,-78.6962747,35.34353963872628,-0.113
5316,36506062,13.746456,35.7274823,-78.6962747,35.34353963872628,-0.113
5317,36506095,13.746826,35.7274823,-78.6962747,35.34353963872628,-0.113
5318,36506127,13.747173,35.7274823,-78.6962747,35.34353963872628,-0.113
5319,36506160,13.74678,35.7274823,-78.6962747,35.34353963872628,-0.113
5320,36506193,13.745922,35.7274823,-78.6962747,35.34353963872628,-0.113
5321,36506226,13.7464905,35.7274823,-78.6962747,35.34353963872628,-0.113
5322,36506258,13.746803,35.7274823,-78.6962747,35.34353963872628,-0.113
5323,36506291,13.746151,35.7274823,-78.6962747,35.34353963872628,-0.113
5324,36506324,13.745934,35.7274823,-78.6962747,35.34353963872628,-0.113
5325,36506357,13.746571,35.7274823,-78.6962747,35.34353963872628,-0.113
5326,36506389,13.747005,35.7274823,-78.6962747,35.34353963872628,-0.113
5327,36506422,13.746361,35.7274823,-78.6962747,35.34353963872628,-0.113
