,SIONNA_SNR,Unnamed: 0,TIME,3GPP_SNR,LAT,LON,DISTANCE,ALT,NEAREST_INDEX
0,-70.92901,0,37363189,-796.5956,35.7274823,-78.6962747,35.34353963872628,-0.143,1
1,-70.92901,1,37363479,-79.28839,35.7274823,-78.6962747,35.34353963872628,-0.064,1
2,-70.92901,2,37363486,-65.73854,35.7274823,-78.6962747,35.34353963872628,-0.064,1
3,-70.92901,3,37363493,-74.80916,35.7274823,-78.6962747,35.34353963872628,-0.064,1
4,-70.92901,4,37363501,-73.31035,35.7274823,-78.6962747,35.34353963872628,-0.064,1
5,-70.92901,5,37363508,-76.75224,35.7274823,-78.6962747,35.34353963872628,-0.064,1
6,-70.92901,6,37363516,-78.566925,35.7274823,-78.6962747,35.34353963872628,-0.064,1
7,-70.92901,7,37363771,-80.265434,35.7274823,-78.6962747,35.34353963872628,-0.064,1
8,-70.92901,8,37363778,-82.85625,35.7274823,-78.6962747,35.34353963872628,-0.064,1
9,-70.92901,9,37363786,-80.164246,35.7274823,-78.6962747,35.34353963872628,-0.064,1
10,-70.92901,10,37363793,-78.46096,35.7274823,-78.6962747,35.34353963872628,-0.064,1
11,-70.92901,11,37363802,-79.889145,35.7274823,-78.6962747,35.34353963872628,-0.064,1
12,-70.92901,12,37363809,-81.24126,35.7274823,-78.6962747,35.34353963872628,-0.064,1
13,-70.92901,13,37363817,-89.54487,35.7274823,-78.6962747,35.34353963872628,-0.064,1
14,-70.92901,14,37363825,-80.32781,35.7274823,-78.6962747,35.34353963872628,-0.064,1
15,-70.92901,15,37364081,-83.06166,35.7274823,-78.6962747,35.34353963872628,-0.064,1
16,-70.92901,16,37364088,-81.242096,35.7274823,-78.6962747,35.34353963872628,-0.064,1
17,-70.92901,17,37364095,-84.20212,35.7274823,-78.6962747,35.34353963872628,-0.064,1
18,-70.92901,18,37364104,-82.36215,35.7274823,-78.6962747,35.34353963872628,-0.064,1
19,-70.92901,19,37364111,-82.378654,35.7274823,-78.6962747,35.34353963872628,-0.064,1
20,-70.92901,20,37364119,-90.70196,35.7274823,-78.6962747,35.34353963872628,-0.064,1
21,-70.92901,21,37364126,-90.83794,35.7274823,-78.6962747,35.34353963872628,-0.064,1
22,-70.92901,22,37364134,-82.54541,35.7274823,-78.6962747,35.34353963872628,-0.064,1
23,-70.92901,23,37364390,-84.250725,35.7274823,-78.6962747,35.34353963872628,-0.046,1
24,-70.92901,24,37364398,-90.89441,35.7274823,-78.6962747,35.34353963872628,-0.046,1
25,-70.92901,25,37364405,-86.77856,35.7274823,-78.6962747,35.34353963872628,-0.046,1
26,-70.92901,26,37364413,-84.430084,35.7274823,-78.6962747,35.34353963872628,-0.046,1
27,-70.92901,27,37364421,-86.33911,35.7274823,-78.6962747,35.34353963872628,-0.046,1
28,-70.92901,28,37364428,-85.860855,35.7274823,-78.6962747,35.34353963872628,-0.046,1
29,-70.92901,29,37364436,-84.924255,35.7274823,-78.6962747,35.34353963872628,-0.046,1
30,-70.92901,30,37364444,-82.71951,35.7274823,-78.6962747,35.34353963872628,-0.046,1
31,-70.92901,31,37364700,-97.20563,35.7274823,-78.6962747,35.34353963872628,-0.046,1
32,-70.92901,32,37364708,-80.11085,35.7274823,-78.6962747,35.34353963872628,-0.046,1
33,-70.92901,33,37364715,-82.64397,35.7274823,-78.6962747,35.34353963872628,-0.046,1
34,-70.92901,34,37364723,-82.849106,35.7274823,-78.6962747,35.34353963872628,-0.046,1
35,-70.92901,35,37364731,-88.215,35.7274823,-78.6962747,35.34353963872628,-0.046,1
36,-70.92901,36,37364739,-83.78496,35.7274823,-78.6962747,35.34353963872628,-0.046,1
37,-70.92901,37,37364746,-88.36986,35.7274823,-78.6962747,35.34353963872628,-0.046,1
38,-70.92901,38,37364754,-87.16897,35.7274823,-78.6962747,35.34353963872628,-0.046,1
39,-70.92901,39,37365010,-87.3291,35.7274823,-78.6962747,35.34353963872628,-0.046,1
40,-70.92901,40,37365018,-89.49303,35.7274823,-78.6962747,35.34353963872628,-0.046,1
41,-70.92901,41,37365026,-81.53949,35.7274823,-78.6962747,35.34353963872628,-0.046,1
42,-70.92901,42,37365033,-84.80322,35.7274823,-78.6962747,35.34353963872628,-0.046,1
43,-70.92901,43,37365041,-84.587944,35.7274823,-78.6962747,35.34353963872628,-0.046,1
44,-70.92901,44,37365049,-84.36044,35.7274823,-78.6962747,35.34353963872628,-0.046,1
45,-70.92901,45,37365057,-84.39144,35.7274823,-78.6962747,35.34353963872628,-0.046,1
46,-70.92901,46,37365064,-82.76018,35.7274823,-78.6962747,35.34353963872628,-0.046,1
47,-70.92901,47,37365320,-84.7894,35.7274823,-78.6962747,35.34353963872628,-0.112,1
48,-70.92901,48,37365328,-80.92091,35.7274823,-78.6962747,35.34353963872628,-0.112,1
49,-70.92901,49,37365336,-82.676,35.7274823,-78.6962747,35.34353963872628,-0.112,1
50,-70.92901,50,37365344,-86.963066,35.7274823,-78.6962747,35.34353963872628,-0.112,1
51,-70.92901,51,37365351,-86.15036,35.7274823,-78.6962747,35.34353963872628,-0.112,1
52,-70.92901,52,37365359,-78.90624,35.7274823,-78.6962747,35.34353963872628,-0.112,1
53,-70.92901,53,37365367,-81.89387,35.7274823,-78.6962747,35.34353963872628,-0.112,1
54,-70.92901,54,37365375,-81.41617,35.7274823,-78.6962747,35.34353963872628,-0.112,1
55,-70.92901,55,37365631,-81.928894,35.7274823,-78.6962747,35.34353963872628,-0.112,1
56,-70.92901,56,37365638,-82.76036,35.7274823,-78.6962747,35.34353963872628,-0.112,1
57,-70.92901,57,37365646,-87.663345,35.7274823,-78.6962747,35.34353963872628,-0.112,1
58,-70.92901,58,37365654,-79.64231,35.7274823,-78.6962747,35.34353963872628,-0.112,1
59,-70.92901,59,37365662,-84.032394,35.7274823,-78.6962747,35.34353963872628,-0.112,1
60,-70.92901,60,37365669,-80.65141,35.7274823,-78.6962747,35.34353963872628,-0.112,1
61,-70.92901,61,37365677,-82.31833,35.7274823,-78.6962747,35.34353963872628,-0.112,1
62,-70.92901,62,37365685,-82.58103,35.7274823,-78.6962747,35.34353963872628,-0.112,1
63,-70.92901,63,37365693,-91.01529,35.7274823,-78.6962747,35.34353963872628,-0.112,1
64,-70.92901,64,37365949,-84.77405,35.7274823,-78.6962747,35.34353963872628,-0.112,1
65,-70.92901,65,37365956,-82.042175,35.7274823,-78.6962747,35.34353963872628,-0.112,1
66,-70.92901,66,37365964,-82.1723,35.7274823,-78.6962747,35.34353963872628,-0.112,1
67,-70.92901,67,37365972,-82.32495,35.7274823,-78.6962747,35.34353963872628,-0.112,1
68,-70.92901,68,37365980,-82.32353,35.7274823,-78.6962747,35.34353963872628,-0.112,1
69,-70.92901,69,37365987,-82.76762,35.7274823,-78.6962747,35.34353963872628,-0.112,1
70,-70.92901,70,37365995,-80.69051,35.7274823,-78.6962747,35.34353963872628,-0.112,1
71,-70.92901,71,37366003,-83.447685,35.7274823,-78.6962747,35.34353963872628,-0.112,1
72,-70.92901,72,37366259,-80.74652,35.7274823,-78.6962747,35.34353963872628,-0.112,1
73,-70.92901,73,37366267,-84.59498,35.7274823,-78.6962747,35.34353963872628,-0.112,1
74,-70.92901,74,37366275,-88.57884,35.7274823,-78.6962747,35.34353963872628,-0.112,1
75,-70.92901,75,37366283,-86.841934,35.7274823,-78.6962747,35.34353963872628,-0.112,1
76,-70.92901,76,37366290,-84.85791,35.7274823,-78.6962747,35.34353963872628,-0.112,1
77,-70.92901,77,37366298,-84.56712,35.7274823,-78.6962747,35.34353963872628,-0.112,1
78,-70.92901,78,37366306,-86.05223,35.7274823,-78.6962747,35.34353963872628,-0.112,1
79,-70.92901,79,37366314,-85.585754,35.7274823,-78.6962747,35.34353963872628,-0.112,1
80,-70.92901,80,37366570,-85.28586,35.7274823,-78.6962747,35.34353963872628,-0.175,1
81,-70.92901,81,37366577,-83.877304,35.7274823,-78.6962747,35.34353963872628,-0.175,1
82,-70.92901,82,37366585,-83.04413,35.7274823,-78.6962747,35.34353963872628,-0.175,1
83,-70.92901,83,37366593,-83.11586,35.7274823,-78.6962747,35.34353963872628,-0.175,1
84,-70.92901,84,37366601,-86.81346,35.7274823,-78.6962747,35.34353963872628,-0.175,1
85,-70.92901,85,37366608,-82.04197,35.7274823,-78.6962747,35.34353963872628,-0.175,1
86,-70.92901,86,37366616,-81.785416,35.7274823,-78.6962747,35.34353963872628,-0.175,1
87,-70.92901,87,37366624,-81.55983,35.7274823,-78.6962747,35.34353963872628,-0.175,1
88,-70.92901,88,37366880,-84.80641,35.7274823,-78.6962747,35.34353963872628,-0.175,1
89,-70.92901,89,37366888,-82.36236,35.7274823,-78.6962747,35.34353963872628,-0.175,1
90,-70.92901,90,37366895,-83.23367,35.7274823,-78.6962747,35.34353963872628,-0.175,1
91,-70.92901,91,37366903,-85.774,35.7274823,-78.6962747,35.34353963872628,-0.175,1
92,-70.92901,92,37366911,-81.900345,35.7274823,-78.6962747,35.34353963872628,-0.175,1
93,-70.92901,93,37366919,-86.895004,35.7274823,-78.6962747,35.34353963872628,-0.175,1
94,-70.92901,94,37366926,-85.26336,35.7274823,-78.6962747,35.34353963872628,-0.175,1
95,-70.92901,95,37366934,-85.37485,35.7274823,-78.6962747,35.34353963872628,-0.175,1
96,-70.92901,96,37367190,-84.967545,35.7274823,-78.6962747,35.34353963872628,-0.175,1
97,-70.92901,97,37367198,-90.89688,35.7274823,-78.6962747,35.34353963872628,-0.175,1
98,-70.92901,98,37367205,-84.58075,35.7274823,-78.6962747,35.34353963872628,-0.175,1
99,-70.92901,99,37367213,-85.35632,35.7274823,-78.6962747,35.34353963872628,-0.175,1
100,-70.92901,100,37367221,-88.47415,35.7274823,-78.6962747,35.34353963872628,-0.175,1
101,-70.92901,101,37367229,-81.441864,35.7274823,-78.6962747,35.34353963872628,-0.175,1
102,-70.92901,102,37367237,-83.779144,35.7274823,-78.6962747,35.34353963872628,-0.175,1
103,-70.92901,103,37367244,-82.7575,35.7274823,-78.6962747,35.34353963872628,-0.175,1
104,-70.92901,104,37367500,-88.51619,35.7274823,-78.6962747,35.34353963872628,-0.15,1
105,-70.92901,105,37367508,-80.828995,35.7274823,-78.6962747,35.34353963872628,-0.15,1
106,-70.92901,106,37367515,-82.005936,35.7274823,-78.6962747,35.34353963872628,-0.15,1
107,-70.92901,107,37367524,-84.04605,35.7274823,-78.6962747,35.34353963872628,-0.15,1
108,-70.92901,108,37367531,-89.83184,35.7274823,-78.6962747,35.34353963872628,-0.15,1
109,-70.92901,109,37367539,-85.587296,35.7274823,-78.6962747,35.34353963872628,-0.15,1
110,-70.92901,110,37367547,-94.82124,35.7274823,-78.6962747,35.34353963872628,-0.15,1
111,-70.92901,111,37367555,-84.096565,35.7274823,-78.6962747,35.34353963872628,-0.15,1
112,-70.92901,112,37367810,-84.54779,35.7274823,-78.6962747,35.34353963872628,-0.15,1
113,-70.92901,113,37367818,-87.74429,35.7274823,-78.6962747,35.34353963872628,-0.15,1
114,-70.92901,114,37367826,-87.910446,35.7274823,-78.6962747,35.34353963872628,-0.15,1
115,-70.92901,115,37367834,-87.24419,35.7274823,-78.6962747,35.34353963872628,-0.15,1
116,-70.92901,116,37367842,-90.79329,35.7274823,-78.6962747,35.34353963872628,-0.15,1
117,-70.92901,117,37367851,-83.947266,35.7274823,-78.6962747,35.34353963872628,-0.15,1
118,-70.92901,118,37367857,-83.6328,35.7274823,-78.6962747,35.34353963872628,-0.15,1
119,-70.92901,119,37367865,-85.65424,35.7274823,-78.6962747,35.34353963872628,-0.15,1
120,-70.92901,120,37368121,-84.90784,35.7274823,-78.6962747,35.34353963872628,-0.15,1
121,-70.92901,121,37368129,-89.61357,35.7274823,-78.6962747,35.34353963872628,-0.15,1
122,-70.92901,122,37368136,-81.506424,35.7274823,-78.6962747,35.34353963872628,-0.15,1
123,-70.92901,123,37368144,-95.070045,35.7274823,-78.6962747,35.34353963872628,-0.15,1
124,-70.92901,124,37368152,-86.923096,35.7274823,-78.6962747,35.34353963872628,-0.15,1
125,-70.92901,125,37368165,-84.030106,35.7274823,-78.6962747,35.34353963872628,-0.15,1
126,-70.92901,126,37368171,-85.09012,35.7274823,-78.6962747,35.34353963872628,-0.15,1
127,-70.92901,127,37368180,-81.9388,35.7274823,-78.6962747,35.34353963872628,-0.15,1
128,-70.92901,128,37368187,-82.30077,35.7274823,-78.6962747,35.34353963872628,-0.15,1
129,-70.92901,129,37368443,-82.62227,35.7274823,-78.6962747,35.34353963872628,-0.09,1
130,-70.92901,130,37368451,-89.57842,35.7274823,-78.6962747,35.34353963872628,-0.09,1
131,-70.92901,131,37368458,-89.08528,35.7274823,-78.6962747,35.34353963872628,-0.09,1
132,-70.92901,132,37368466,-81.86293,35.7274823,-78.6962747,35.34353963872628,-0.09,1
133,-70.92901,133,37368474,-83.00537,35.7274823,-78.6962747,35.34353963872628,-0.09,1
134,-70.92901,134,37368482,-83.511536,35.7274823,-78.6962747,35.34353963872628,-0.09,1
135,-70.92901,135,37368490,-84.08969,35.7274823,-78.6962747,35.34353963872628,-0.09,1
136,-70.92901,136,37368498,-83.53462,35.7274823,-78.6962747,35.34353963872628,-0.09,1
137,-70.92901,137,37368753,-83.22058,35.7274823,-78.6962747,35.34353963872628,-0.09,1
138,-70.92901,138,37368761,-82.88226,35.7274823,-78.6962747,35.34353963872628,-0.09,1
139,-70.92901,139,37368769,-86.97398,35.7274823,-78.6962747,35.34353963872628,-0.09,1
140,-70.92901,140,37368776,-85.041595,35.7274823,-78.6962747,35.34353963872628,-0.09,1
141,-70.92901,141,37368784,-84.762314,35.7274823,-78.6962747,35.34353963872628,-0.09,1
142,-70.92901,142,37368792,-84.51085,35.7274823,-78.6962747,35.34353963872628,-0.09,1
143,-70.92901,143,37368800,-84.94357,35.7274823,-78.6962747,35.34353963872628,-0.09,1
144,-70.92901,144,37368808,-86.69052,35.7274823,-78.6962747,35.34353963872628,-0.09,1
145,-70.92901,145,37369063,-86.61905,35.7274823,-78.6962747,35.34353963872628,-0.09,1
146,-70.92901,146,37369071,-87.768845,35.7274823,-78.6962747,35.34353963872628,-0.09,1
147,-70.92901,147,37369079,-82.16661,35.7274823,-78.6962747,35.34353963872628,-0.09,1
148,-70.92901,148,37369087,-93.80552,35.7274823,-78.6962747,35.34353963872628,-0.09,1
149,-70.92901,149,37369095,-83.92669,35.7274823,-78.6962747,35.34353963872628,-0.09,1
150,-70.92901,150,37369103,-88.067986,35.7274823,-78.6962747,35.34353963872628,-0.09,1
151,-70.92901,151,37369110,-84.430435,35.7274823,-78.6962747,35.34353963872628,-0.09,1
152,-70.92901,152,37369118,-90.23537,35.7274823,-78.6962747,35.34353963872628,-0.09,1
153,-70.92901,153,37369374,-87.54503,35.7274823,-78.6962747,35.34353963872628,-0.043,1
154,-70.92901,154,37369381,-86.62338,35.7274823,-78.6962747,35.34353963872628,-0.043,1
155,-70.92901,155,37369390,-79.99081,35.7274823,-78.6962747,35.34353963872628,-0.043,1
156,-70.92901,156,37369397,-81.98334,35.7274823,-78.6962747,35.34353963872628,-0.043,1
157,-70.92901,157,37369405,-93.851715,35.7274823,-78.6962747,35.34353963872628,-0.043,1
158,-70.92901,158,37369413,-84.708664,35.7274823,-78.6962747,35.34353963872628,-0.043,1
159,-70.92901,159,37369421,-84.01773,35.7274823,-78.6962747,35.34353963872628,-0.043,1
160,-70.92901,160,37369429,-83.754486,35.7274823,-78.6962747,35.34353963872628,-0.043,1
161,-70.92901,161,37369684,-83.56943,35.7274823,-78.6962747,35.34353963872628,-0.043,1
162,-70.92901,162,37369692,-85.45012,35.7274823,-78.6962747,35.34353963872628,-0.043,1
163,-70.92901,163,37369700,-82.93421,35.7274823,-78.6962747,35.34353963872628,-0.043,1
164,-70.92901,164,37369708,-85.20938,35.7274823,-78.6962747,35.34353963872628,-0.043,1
165,-70.92901,165,37369715,-85.200165,35.7274823,-78.6962747,35.34353963872628,-0.043,1
166,-70.92901,166,37369723,-83.03816,35.7274823,-78.6962747,35.34353963872628,-0.043,1
167,-70.92901,167,37369731,-84.045395,35.7274823,-78.6962747,35.34353963872628,-0.043,1
168,-70.92901,168,37369739,-84.08484,35.7274823,-78.6962747,35.34353963872628,-0.043,1
169,-70.92901,169,37369995,-84.217155,35.7274823,-78.6962747,35.34353963872628,-0.043,1
170,-70.92901,170,37370002,-87.223434,35.7274823,-78.6962747,35.34353963872628,-0.043,1
171,-70.92901,171,37370010,-83.359604,35.7274823,-78.6962747,35.34353963872628,-0.043,1
172,-70.92901,172,37370018,-83.14529,35.7274823,-78.6962747,35.34353963872628,-0.043,1
173,-70.92901,173,37370026,-82.54078,35.7274823,-78.6962747,35.34353963872628,-0.043,1
174,-70.92901,174,37370034,-87.57733,35.7274823,-78.6962747,35.34353963872628,-0.043,1
175,-70.92901,175,37370042,-90.816895,35.7274823,-78.6962747,35.34353963872628,-0.043,1
176,-70.92901,176,37370049,-93.63287,35.7274823,-78.6962747,35.34353963872628,-0.043,1
177,-70.92901,177,37370057,-89.77677,35.7274823,-78.6962747,35.34353963872628,-0.043,1
178,-70.92901,178,37370313,-87.73361,35.7274823,-78.6962747,35.34353963872628,-0.043,1
179,-70.92901,179,37370320,-85.98801,35.7274823,-78.6962747,35.34353963872628,-0.043,1
180,-70.92901,180,37370328,-83.029175,35.7274823,-78.6962747,35.34353963872628,-0.04,1
181,-70.92901,181,37370336,-82.68054,35.7274823,-78.6962747,35.34353963872628,-0.04,1
182,-70.92901,182,37370344,-85.820305,35.7274823,-78.6962747,35.34353963872628,-0.04,1
183,-70.92901,183,37370352,-90.07779,35.7274823,-78.6962747,35.34353963872628,-0.04,1
184,-70.92901,184,37370359,-86.53001,35.7274823,-78.6962747,35.34353963872628,-0.04,1
185,-70.92901,185,37370367,-82.056595,35.7274823,-78.6962747,35.34353963872628,-0.04,1
186,-70.92901,186,37370623,-83.42714,35.7274823,-78.6962747,35.34353963872628,-0.04,1
187,-70.92901,187,37370631,-84.77111,35.7274823,-78.6962747,35.34353963872628,-0.04,1
188,-70.92901,188,37370639,-79.65027,35.7274823,-78.6962747,35.34353963872628,-0.04,1
189,-70.92901,189,37370647,-91.415764,35.7274823,-78.6962747,35.34353963872628,-0.04,1
190,-70.92901,190,37370654,-91.167465,35.7274823,-78.6962747,35.34353963872628,-0.04,1
191,-70.92901,191,37370662,-85.65051,35.7274823,-78.6962747,35.34353963872628,-0.04,1
192,-70.92901,192,37370670,-87.41347,35.7274823,-78.6962747,35.34353963872628,-0.04,1
193,-70.92901,193,37370678,-83.046814,35.7274823,-78.6962747,35.34353963872628,-0.04,1
194,-70.92901,194,37370934,-84.29312,35.7274823,-78.6962747,35.34353963872628,-0.04,1
195,-70.92901,195,37370941,-84.4421,35.7274823,-78.6962747,35.34353963872628,-0.04,1
196,-70.92901,196,37370949,-88.584854,35.7274823,-78.6962747,35.34353963872628,-0.04,1
197,-70.92901,197,37370957,-85.581154,35.7274823,-78.6962747,35.34353963872628,-0.04,1
198,-70.92901,198,37370965,-81.966644,35.7274823,-78.6962747,35.34353963872628,-0.04,1
199,-70.92901,199,37370972,-88.18205,35.7274823,-78.6962747,35.34353963872628,-0.04,1
200,-70.92901,200,37370980,-84.82721,35.7274823,-78.6962747,35.34353963872628,-0.04,1
201,-70.92901,201,37370988,-83.687546,35.7274823,-78.6962747,35.34353963872628,-0.04,1
202,-70.92901,202,37371244,-83.69992,35.7274823,-78.6962747,35.34353963872628,-0.04,1
203,-70.92901,203,37371252,-90.07373,35.7274823,-78.6962747,35.34353963872628,-0.04,1
204,-70.92901,204,37371259,-82.391525,35.7274823,-78.6962747,35.34353963872628,-0.04,1
205,-70.92901,205,37371267,-83.38008,35.7274823,-78.6962747,35.34353963872628,-0.04,1
206,-70.92901,206,37371275,-85.9091,35.7274823,-78.6962747,35.34353963872628,-0.04,1
207,-70.92901,207,37371283,-85.20358,35.7274823,-78.6962747,35.34353963872628,-0.04,1
208,-70.92901,208,37371291,-88.86421,35.7274823,-78.6962747,35.34353963872628,-0.04,1
209,-70.92901,209,37371298,-80.411896,35.7274823,-78.6962747,35.34353963872628,-0.04,1
210,-70.92901,210,37371554,-88.431915,35.7274823,-78.6962747,35.34353963872628,-0.058,1
211,-70.92901,211,37371562,-85.29683,35.7274823,-78.6962747,35.34353963872628,-0.058,1
212,-70.92901,212,37371570,-88.38823,35.7274823,-78.6962747,35.34353963872628,-0.058,1
213,-70.92901,213,37371578,-84.61185,35.7274823,-78.6962747,35.34353963872628,-0.058,1
214,-70.92901,214,37371585,-83.02974,35.7274823,-78.6962747,35.34353963872628,-0.058,1
215,-70.92901,215,37371593,-84.28056,35.7274823,-78.6962747,35.34353963872628,-0.058,1
216,-70.92901,216,37371601,-84.150764,35.7274823,-78.6962747,35.34353963872628,-0.058,1
217,-70.92901,217,37371609,-84.29373,35.7274823,-78.6962747,35.34353963872628,-0.058,1
218,-70.92901,218,37371864,-88.229904,35.7274823,-78.6962747,35.34353963872628,-0.058,1
219,-70.92901,219,37371873,-91.00714,35.7274823,-78.6962747,35.34353963872628,-0.058,1
220,-70.92901,220,37371880,-82.05144,35.7274823,-78.6962747,35.34353963872628,-0.058,1
221,-70.92901,221,37371888,-85.945145,35.7274823,-78.6962747,35.34353963872628,-0.058,1
222,-70.92901,222,37371896,-81.79323,35.7274823,-78.6962747,35.34353963872628,-0.058,1
223,-70.92901,223,37371904,-84.11254,35.7274823,-78.6962747,35.34353963872628,-0.058,1
224,-70.92901,224,37371912,-89.34627,35.7274823,-78.6962747,35.34353963872628,-0.058,1
225,-70.92901,225,37371919,-82.67674,35.7274823,-78.6962747,35.34353963872628,-0.058,1
226,-70.92901,226,37372176,-90.806404,35.7274823,-78.6962747,35.34353963872628,-0.058,1
227,-70.92901,227,37372183,-85.57001,35.7274823,-78.6962747,35.34353963872628,-0.058,1
228,-70.92901,228,37372191,-86.49127,35.7274823,-78.6962747,35.34353963872628,-0.058,1
229,-70.92901,229,37372199,-84.54687,35.7274823,-78.6962747,35.34353963872628,-0.058,1
230,-70.92901,230,37372206,-93.68947,35.7274823,-78.6962747,35.34353963872628,-0.058,1
231,-70.92901,231,37372215,-81.96786,35.7274823,-78.6962747,35.34353963872628,-0.058,1
232,-70.92901,232,37372222,-84.03097,35.7274823,-78.6962747,35.34353963872628,-0.058,1
233,-70.92901,233,37372230,-86.0025,35.7274823,-78.6962747,35.34353963872628,-0.058,1
234,-70.92901,234,37372486,-86.46765,35.7274823,-78.6962747,35.34353963872628,-0.107,1
235,-70.92901,235,37372494,-86.911835,35.7274823,-78.6962747,35.34353963872628,-0.107,1
236,-70.92901,236,37372501,-92.989914,35.7274823,-78.6962747,35.34353963872628,-0.107,1
237,-70.92901,237,37372509,-89.34016,35.7274823,-78.6962747,35.34353963872628,-0.107,1
238,-70.92901,238,37372517,-86.346375,35.7274823,-78.6962747,35.34353963872628,-0.107,1
239,-70.92901,239,37372525,-88.62462,35.7274823,-78.6962747,35.34353963872628,-0.107,1
240,-70.92901,240,37372533,-91.89951,35.7274823,-78.6962747,35.34353963872628,-0.107,1
241,-70.92901,241,37372540,-85.76482,35.7274823,-78.6962747,35.34353963872628,-0.107,1
242,-70.92901,242,37372796,-87.61983,35.7274823,-78.6962747,35.34353963872628,-0.107,1
243,-70.92901,243,37372804,-82.56192,35.7274823,-78.6962747,35.34353963872628,-0.107,1
244,-70.92901,244,37372812,-81.12435,35.7274823,-78.6962747,35.34353963872628,-0.107,1
245,-70.92901,245,37372820,-86.69407,35.7274823,-78.6962747,35.34353963872628,-0.107,1
246,-70.92901,246,37372827,-85.350624,35.7274823,-78.6962747,35.34353963872628,-0.107,1
247,-70.92901,247,37372835,-80.69395,35.7274823,-78.6962747,35.34353963872628,-0.107,1
248,-70.92901,248,37372843,-83.15509,35.7274823,-78.6962747,35.34353963872628,-0.107,1
249,-70.92901,249,37372851,-83.208496,35.7274823,-78.6962747,35.34353963872628,-0.107,1
250,-70.92901,250,37373107,-84.83761,35.7274823,-78.6962747,35.34353963872628,-0.107,1
251,-70.92901,251,37373114,-82.090096,35.7274823,-78.6962747,35.34353963872628,-0.107,1
252,-70.92901,252,37373122,-81.40277,35.7274823,-78.6962747,35.34353963872628,-0.107,1
253,-70.92901,253,37373134,-83.856575,35.7274823,-78.6962747,35.34353963872628,-0.107,1
254,-70.92901,254,37373142,-90.504196,35.7274823,-78.6962747,35.34353963872628,-0.107,1
255,-70.92901,255,37373150,-81.60191,35.7274823,-78.6962747,35.34353963872628,-0.107,1
256,-70.92901,256,37373158,-87.42658,35.7274823,-78.6962747,35.34353963872628,-0.107,1
257,-70.92901,257,37373165,-84.68585,35.7274823,-78.6962747,35.34353963872628,-0.107,1
258,-70.92901,258,37373173,-86.58655,35.7274823,-78.6962747,35.34353963872628,-0.107,1
259,-70.92901,259,37373429,-85.05858,35.7274823,-78.6962747,35.34353963872628,-0.117,1
260,-70.92901,260,37373437,-92.22886,35.7274823,-78.6962747,35.34353963872628,-0.117,1
261,-70.92901,261,37373445,-86.73427,35.7274823,-78.6962747,35.34353963872628,-0.117,1
262,-70.92901,262,37373452,-85.64508,35.7274823,-78.6962747,35.34353963872628,-0.117,1
263,-70.92901,263,37373461,-81.28348,35.7274823,-78.6962747,35.34353963872628,-0.117,1
264,-70.92901,264,37373468,-81.38634,35.7274823,-78.6962747,35.34353963872628,-0.117,1
265,-70.92901,265,37373476,-82.67137,35.7274823,-78.6962747,35.34353963872628,-0.117,1
266,-70.92901,266,37373484,-81.19966,35.7274823,-78.6962747,35.34353963872628,-0.117,1
267,-70.92901,267,37373740,-83.791595,35.7274823,-78.6962747,35.34353963872628,-0.117,1
268,-70.92901,268,37373748,-82.99624,35.7274823,-78.6962747,35.34353963872628,-0.117,1
269,-70.92901,269,37373755,-85.543846,35.7274823,-78.6962747,35.34353963872628,-0.117,1
270,-70.92901,270,37373764,-84.21275,35.7274823,-78.6962747,35.34353963872628,-0.117,1
271,-70.92901,271,37373771,-88.36067,35.7274823,-78.6962747,35.34353963872628,-0.117,1
272,-70.92901,272,37373779,-84.050026,35.7274823,-78.6962747,35.34353963872628,-0.117,1
273,-70.92901,273,37373787,-83.866554,35.7274823,-78.6962747,35.34353963872628,-0.117,1
274,-70.92901,274,37373795,-86.62916,35.7274823,-78.6962747,35.34353963872628,-0.117,1
275,-70.92901,275,37374051,-82.083145,35.7274823,-78.6962747,35.34353963872628,-0.117,1
276,-70.92901,276,37374059,-90.2626,35.7274823,-78.6962747,35.34353963872628,-0.117,1
277,-70.92901,277,37374067,-81.42354,35.7274823,-78.6962747,35.34353963872628,-0.117,1
278,-70.92901,278,37374074,-85.17732,35.7274823,-78.6962747,35.34353963872628,-0.117,1
279,-70.92901,279,37374082,-89.55745,35.7274823,-78.6962747,35.34353963872628,-0.117,1
280,-70.92901,280,37374090,-84.63783,35.7274823,-78.6962747,35.34353963872628,-0.117,1
281,-70.92901,281,37374098,-84.86741,35.7274823,-78.6962747,35.34353963872628,-0.117,1
282,-70.92901,282,37374106,-82.12046,35.7274823,-78.6962747,35.34353963872628,-0.117,1
283,-70.92901,283,37374362,-85.46646,35.7274823,-78.6962747,35.34353963872628,-0.084,1
284,-70.92901,284,37374369,-88.95762,35.7274823,-78.6962747,35.34353963872628,-0.084,1
285,-70.92901,285,37374377,-89.350235,35.7274823,-78.6962747,35.34353963872628,-0.084,1
286,-70.92901,286,37374385,-84.33205,35.7274823,-78.6962747,35.34353963872628,-0.084,1
287,-70.92901,287,37374393,-84.69611,35.7274823,-78.6962747,35.34353963872628,-0.084,1
288,-70.92901,288,37374401,-88.37567,35.7274823,-78.6962747,35.34353963872628,-0.084,1
289,-70.92901,289,37374409,-82.05339,35.7274823,-78.6962747,35.34353963872628,-0.084,1
290,-70.92901,290,37374417,-86.83411,35.7274823,-78.6962747,35.34353963872628,-0.084,1
291,-70.92901,291,37374673,-83.91147,35.7274823,-78.6962747,35.34353963872628,-0.084,1
292,-70.92901,292,37374680,-81.57868,35.7274823,-78.6962747,35.34353963872628,-0.084,1
293,-70.92901,293,37374688,-85.190125,35.7274823,-78.6962747,35.34353963872628,-0.084,1
294,-70.92901,294,37374696,-83.72897,35.7274823,-78.6962747,35.34353963872628,-0.084,1
295,-70.92901,295,37374704,-84.43016,35.7274823,-78.6962747,35.34353963872628,-0.084,1
296,-70.92901,296,37374712,-83.998535,35.7274823,-78.6962747,35.34353963872628,-0.084,1
297,-70.92901,297,37374720,-82.34331,35.7274823,-78.6962747,35.34353963872628,-0.084,1
298,-70.92901,298,37374728,-85.341675,35.7274823,-78.6962747,35.34353963872628,-0.084,1
299,-70.92901,299,37374983,-98.45278,35.7274823,-78.6962747,35.34353963872628,-0.084,1
300,-70.92901,300,37374991,-90.77876,35.7274823,-78.6962747,35.34353963872628,-0.084,1
301,-70.92901,301,37374999,-88.75557,35.7274823,-78.6962747,35.34353963872628,-0.084,1
302,-70.92901,302,37375007,-81.98691,35.7274823,-78.6962747,35.34353963872628,-0.084,1
303,-70.92901,303,37375015,-81.61597,35.7274823,-78.6962747,35.34353963872628,-0.084,1
304,-70.92901,304,37375023,-82.119354,35.7274823,-78.6962747,35.34353963872628,-0.084,1
305,-70.92901,305,37375031,-81.563934,35.7274823,-78.6962747,35.34353963872628,-0.084,1
306,-70.92901,306,37375039,-81.94591,35.7274823,-78.6962747,35.34353963872628,-0.084,1
307,-70.92901,307,37375294,-88.42987,35.7274823,-78.6962747,35.34353963872628,-0.084,1
308,-70.92901,308,37375302,-85.70465,35.7274823,-78.6962747,35.34353963872628,-0.084,1
309,-70.92901,309,37375310,-81.88771,35.7274823,-78.6962747,35.34353963872628,-0.084,1
310,-70.92901,310,37375318,-81.170845,35.7274823,-78.6962747,35.34353963872628,-0.084,1
311,-70.92901,311,37375326,-85.17436,35.7274823,-78.6962747,35.34353963872628,-0.084,1
312,-70.92901,312,37375334,-92.32718,35.7274823,-78.6962747,35.34353963872628,-0.028,1
313,-70.92901,313,37375342,-83.82782,35.7274823,-78.6962747,35.34353963872628,-0.028,1
314,-70.92901,314,37375350,-86.09366,35.7274823,-78.6962747,35.34353963872628,-0.028,1
315,-70.92901,315,37375605,-89.11819,35.7274823,-78.6962747,35.34353963872628,-0.028,1
316,-70.92901,316,37375613,-89.196335,35.7274823,-78.6962747,35.34353963872628,-0.028,1
317,-70.92901,317,37375621,-83.63158,35.7274823,-78.6962747,35.34353963872628,-0.028,1
318,-70.92901,318,37375629,-86.641815,35.7274823,-78.6962747,35.34353963872628,-0.028,1
319,-70.92901,319,37375637,-80.66345,35.7274823,-78.6962747,35.34353963872628,-0.028,1
320,-70.92901,320,37375645,-82.03647,35.7274823,-78.6962747,35.34353963872628,-0.028,1
321,-70.92901,321,37375653,-83.68475,35.7274823,-78.6962747,35.34353963872628,-0.028,1
322,-70.92901,322,37375661,-87.70686,35.7274823,-78.6962747,35.34353963872628,-0.028,1
323,-70.92901,323,37375916,-84.83352,35.7274823,-78.6962747,35.34353963872628,-0.028,1
324,-70.92901,324,37375924,-82.682106,35.7274823,-78.6962747,35.34353963872628,-0.028,1
325,-70.92901,325,37375932,-86.79544,35.7274823,-78.6962747,35.34353963872628,-0.028,1
326,-70.92901,326,37375940,-87.5223,35.7274823,-78.6962747,35.34353963872628,-0.028,1
327,-70.92901,327,37375948,-93.752686,35.7274823,-78.6962747,35.34353963872628,-0.028,1
328,-70.92901,328,37375956,-85.38989,35.7274823,-78.6962747,35.34353963872628,-0.028,1
329,-70.92901,329,37375964,-95.771805,35.7274823,-78.6962747,35.34353963872628,-0.028,1
330,-70.92901,330,37375972,-85.288025,35.7274823,-78.6962747,35.34353963872628,-0.028,1
331,-70.92901,331,37376228,-81.86682,35.7274823,-78.6962747,35.34353963872628,-0.028,1
332,-70.92901,332,37376235,-85.462456,35.7274823,-78.6962747,35.34353963872628,-0.028,1
333,-70.92901,333,37376243,-79.96032,35.7274823,-78.6962747,35.34353963872628,-0.028,1
334,-70.92901,334,37376251,-82.681076,35.7274823,-78.6962747,35.34353963872628,-0.028,1
335,-70.92901,335,37376259,-86.239815,35.7274823,-78.6962747,35.34353963872628,-0.028,1
336,-70.92901,336,37376267,-78.826035,35.7274823,-78.6962747,35.34353963872628,-0.028,1
337,-70.92901,337,37376275,-84.66344,35.7274823,-78.6962747,35.34353963872628,-0.028,1
338,-70.92901,338,37376283,-83.69705,35.7274823,-78.6962747,35.34353963872628,-0.028,1
339,-70.92901,339,37376538,-81.23596,35.7274823,-78.6962747,35.34353963872628,-0.075,1
340,-70.92901,340,37376546,-85.372246,35.7274823,-78.6962747,35.34353963872628,-0.075,1
341,-70.92901,341,37376554,-83.45985,35.7274823,-78.6962747,35.34353963872628,-0.075,1
342,-70.92901,342,37376562,-84.5342,35.7274823,-78.6962747,35.34353963872628,-0.075,1
343,-70.92901,343,37376570,-87.64885,35.7274823,-78.6962747,35.34353963872628,-0.075,1
344,-70.92901,344,37376578,-89.06973,35.7274823,-78.6962747,35.34353963872628,-0.075,1
345,-70.92901,345,37376586,-84.406235,35.7274823,-78.6962747,35.34353963872628,-0.075,1
346,-70.92901,346,37376594,-83.95163,35.7274823,-78.6962747,35.34353963872628,-0.075,1
347,-70.92901,347,37376850,-82.32834,35.7274823,-78.6962747,35.34353963872628,-0.075,1
348,-70.92901,348,37376857,-85.25166,35.7274823,-78.6962747,35.34353963872628,-0.075,1
349,-70.92901,349,37376865,-87.59528,35.7274823,-78.6962747,35.34353963872628,-0.075,1
350,-70.92901,350,37376873,-86.808044,35.7274823,-78.6962747,35.34353963872628,-0.075,1
351,-70.92901,351,37376881,-85.28404,35.7274823,-78.6962747,35.34353963872628,-0.075,1
352,-70.92901,352,37376889,-84.502785,35.7274823,-78.6962747,35.34353963872628,-0.075,1
353,-70.92901,353,37376897,-85.61035,35.7274823,-78.6962747,35.34353963872628,-0.075,1
354,-70.92901,354,37376905,-86.78387,35.7274823,-78.6962747,35.34353963872628,-0.075,1
355,-70.92901,355,37377161,-89.22891,35.7274823,-78.6962747,35.34353963872628,-0.075,1
356,-70.92901,356,37377168,-83.60928,35.7274823,-78.6962747,35.34353963872628,-0.075,1
357,-70.92901,357,37377176,-84.76752,35.7274823,-78.6962747,35.34353963872628,-0.075,1
358,-70.92901,358,37377184,-88.01552,35.7274823,-78.6962747,35.34353963872628,-0.075,1
359,-70.92901,359,37377192,-83.71914,35.7274823,-78.6962747,35.34353963872628,-0.075,1
360,-70.92901,360,37377200,-84.363396,35.7274823,-78.6962747,35.34353963872628,-0.075,1
361,-70.92901,361,37377208,-82.63893,35.7274823,-78.6962747,35.34353963872628,-0.075,1
362,-70.92901,362,37377216,-85.69829,35.7274823,-78.6962747,35.34353963872628,-0.075,1
363,-70.92901,363,37377224,-88.15954,35.7274823,-78.6962747,35.34353963872628,-0.075,1
364,-70.92901,364,37377479,-83.12837,35.7274823,-78.6962747,35.34353963872628,-0.045,1
365,-70.92901,365,37377487,-90.45047,35.7274823,-78.6962747,35.34353963872628,-0.045,1
366,-70.92901,366,37377495,-89.24632,35.7274823,-78.6962747,35.34353963872628,-0.045,1
367,-70.92901,367,37377503,-80.63068,35.7274823,-78.6962747,35.34353963872628,-0.045,1
368,-70.92901,368,37377511,-83.8611,35.7274823,-78.6962747,35.34353963872628,-0.045,1
369,-70.92901,369,37377519,-82.934616,35.7274823,-78.6962747,35.34353963872628,-0.045,1
370,-70.92901,370,37377527,-83.494675,35.7274823,-78.6962747,35.34353963872628,-0.045,1
371,-70.92901,371,37377535,-85.08924,35.7274823,-78.6962747,35.34353963872628,-0.045,1
372,-70.92901,372,37377790,-82.82201,35.7274823,-78.6962747,35.34353963872628,-0.045,1
373,-70.92901,373,37377798,-84.13394,35.7274823,-78.6962747,35.34353963872628,-0.045,1
374,-70.92901,374,37377806,-84.84705,35.7274823,-78.6962747,35.34353963872628,-0.045,1
375,-70.92901,375,37377814,-81.91324,35.7274823,-78.6962747,35.34353963872628,-0.045,1
376,-70.92901,376,37377822,-87.18428,35.7274823,-78.6962747,35.34353963872628,-0.045,1
377,-70.92901,377,37377830,-85.71565,35.7274823,-78.6962747,35.34353963872628,-0.045,1
378,-70.92901,378,37377837,-82.69432,35.7274823,-78.6962747,35.34353963872628,-0.045,1
379,-70.92901,379,37377845,-87.82341,35.7274823,-78.6962747,35.34353963872628,-0.045,1
380,-70.92901,380,37378101,-90.54768,35.7274823,-78.6962747,35.34353963872628,-0.045,1
381,-70.92901,381,37378113,-84.49527,35.7274823,-78.6962747,35.34353963872628,-0.045,1
382,-70.92901,382,37378121,-94.459145,35.7274823,-78.6962747,35.34353963872628,-0.045,1
383,-70.92901,383,37378129,-83.00896,35.7274823,-78.6962747,35.34353963872628,-0.045,1
384,-70.92901,384,37378137,-79.28978,35.7274823,-78.6962747,35.34353963872628,-0.045,1
385,-70.92901,385,37378144,-85.88719,35.7274823,-78.6962747,35.34353963872628,-0.045,1
386,-70.92901,386,37378152,-82.405655,35.7274823,-78.6962747,35.34353963872628,-0.045,1
387,-70.92901,387,37378160,-85.45593,35.7274823,-78.6962747,35.34353963872628,-0.045,1
388,-70.92901,388,37378168,-83.56799,35.7274823,-78.6962747,35.34353963872628,-0.045,1
389,-70.92901,389,37378424,-81.69505,35.7274823,-78.6962747,35.34353963872628,-0.011,1
390,-70.92901,390,37378430,-84.57745,35.7274823,-78.6962747,35.34353963872628,-0.011,1
391,-70.92901,391,37378438,-83.896034,35.7274823,-78.6962747,35.34353963872628,-0.011,1
392,-70.92901,392,37378445,-84.58151,35.7274823,-78.6962747,35.34353963872628,-0.011,1
393,-70.92901,393,37378452,-85.191086,35.7274823,-78.6962747,35.34353963872628,-0.011,1
394,-70.92901,394,37378459,-85.4828,35.7274823,-78.6962747,35.34353963872628,-0.011,1
395,-70.92901,395,37378466,-87.08205,35.7274823,-78.6962747,35.34353963872628,-0.011,1
396,-70.92901,396,37378721,-89.85135,35.7274823,-78.6962747,35.34353963872628,-0.011,1
397,-70.92901,397,37378728,-83.82596,35.7274823,-78.6962747,35.34353963872628,-0.011,1
398,-70.92901,398,37378735,-80.13777,35.7274823,-78.6962747,35.34353963872628,-0.011,1
399,-70.92901,399,37378742,-81.411224,35.7274823,-78.6962747,35.34353963872628,-0.011,1
400,-70.92901,400,37378750,-90.104034,35.7274823,-78.6962747,35.34353963872628,-0.011,1
401,-70.92901,401,37378756,-85.558754,35.7274823,-78.6962747,35.34353963872628,-0.011,1
402,-70.92901,402,37378764,-89.09476,35.7274823,-78.6962747,35.34353963872628,-0.011,1
403,-70.92901,403,37378771,-88.086784,35.7274823,-78.6962747,35.34353963872628,-0.011,1
404,-70.92901,404,37378778,-84.89276,35.7274823,-78.6962747,35.34353963872628,-0.011,1
405,-70.92901,405,37379033,-79.6654,35.7274823,-78.6962747,35.34353963872628,-0.011,1
406,-70.92901,406,37379040,-83.57527,35.7274823,-78.6962747,35.34353963872628,-0.011,1
407,-70.92901,407,37379048,-90.6837,35.7274823,-78.6962747,35.34353963872628,-0.011,1
408,-70.92901,408,37379054,-91.86046,35.7274823,-78.6962747,35.34353963872628,-0.011,1
409,-70.92901,409,37379062,-82.374466,35.7274823,-78.6962747,35.34353963872628,-0.011,1
410,-70.92901,410,37379069,-83.99863,35.7274823,-78.6962747,35.34353963872628,-0.011,1
411,-70.92901,411,37379076,-83.77312,35.7274823,-78.6962747,35.34353963872628,-0.011,1
412,-70.92901,412,37379083,-81.48073,35.7274823,-78.6962747,35.34353963872628,-0.011,1
413,-70.92901,413,37379338,-83.03325,35.7274823,-78.6962747,35.34353963872628,-0.009,1
414,-70.92901,414,37379345,-80.23924,35.7274823,-78.6962747,35.34353963872628,-0.009,1
415,-70.92901,415,37379352,-95.432625,35.7274823,-78.6962747,35.34353963872628,-0.009,1
416,-70.92901,416,37379360,-81.9847,35.7274823,-78.6962747,35.34353963872628,-0.009,1
417,-70.92901,417,37379367,-90.50102,35.7274823,-78.6962747,35.34353963872628,-0.009,1
418,-70.92901,418,37379374,-91.65396,35.7274823,-78.6962747,35.34353963872628,-0.009,1
419,-70.92901,419,37379381,-82.19464,35.7274823,-78.6962747,35.34353963872628,-0.009,1
420,-70.92901,420,37379388,-84.49617,35.7274823,-78.6962747,35.34353963872628,-0.009,1
421,-70.92901,421,37379643,-90.676895,35.7274823,-78.6962747,35.34353963872628,-0.009,1
422,-70.92901,422,37379650,-86.09938,35.7274823,-78.6962747,35.34353963872628,-0.009,1
423,-70.92901,423,37379657,-88.28257,35.7274823,-78.6962747,35.34353963872628,-0.009,1
424,-70.92901,424,37379664,-85.25932,35.7274823,-78.6962747,35.34353963872628,-0.009,1
425,-70.92901,425,37379671,-83.5126,35.7274823,-78.6962747,35.34353963872628,-0.009,1
426,-70.92901,426,37379678,-86.97749,35.7274823,-78.6962747,35.34353963872628,-0.009,1
427,-70.92901,427,37379685,-89.70909,35.7274823,-78.6962747,35.34353963872628,-0.009,1
428,-70.92901,428,37379692,-82.97053,35.7274823,-78.6962747,35.34353963872628,-0.009,1
429,-70.92901,429,37379947,-82.08284,35.7274823,-78.6962747,35.34353963872628,-0.009,1
430,-70.92901,430,37379955,-85.56613,35.7274823,-78.6962747,35.34353963872628,-0.009,1
431,-70.92901,431,37379961,-82.98715,35.7274823,-78.6962747,35.34353963872628,-0.009,1
432,-70.92901,432,37379969,-85.518394,35.7274823,-78.6962747,35.34353963872628,-0.009,1
433,-70.92901,433,37379976,-89.28989,35.7274823,-78.6962747,35.34353963872628,-0.009,1
434,-70.92901,434,37379983,-86.16144,35.7274823,-78.6962747,35.34353963872628,-0.009,1
435,-70.92901,435,37379990,-89.70763,35.7274823,-78.6962747,35.34353963872628,-0.009,1
436,-70.92901,436,37379997,-84.01576,35.7274823,-78.6962747,35.34353963872628,-0.009,1
437,-70.92901,437,37380252,-82.25314,35.7274823,-78.6962747,35.34353963872628,-0.009,1
438,-70.92901,438,37380259,-87.538506,35.7274823,-78.6962747,35.34353963872628,-0.009,1
439,-70.92901,439,37380266,-85.82413,35.7274823,-78.6962747,35.34353963872628,-0.009,1
440,-70.92901,440,37380273,-83.48952,35.7274823,-78.6962747,35.34353963872628,-0.009,1
441,-70.92901,441,37380280,-84.409,35.7274823,-78.6962747,35.34353963872628,-0.009,1
442,-70.92901,442,37380287,-91.16067,35.7274823,-78.6962747,35.34353963872628,-0.009,1
443,-70.92901,443,37380294,-90.785385,35.7274823,-78.6962747,35.34353963872628,-0.009,1
444,-70.92901,444,37380301,-83.42075,35.7274823,-78.6962747,35.34353963872628,-0.009,1
445,-70.92901,445,37380556,-88.83061,35.7274823,-78.6962747,35.34353963872628,-0.022,1
446,-70.92901,446,37380563,-85.4553,35.7274823,-78.6962747,35.34353963872628,-0.022,1
447,-70.92901,447,37380570,-82.60617,35.7274823,-78.6962747,35.34353963872628,-0.022,1
448,-70.92901,448,37380578,-86.987526,35.7274823,-78.6962747,35.34353963872628,-0.022,1
449,-70.92901,449,37380584,-86.16408,35.7274823,-78.6962747,35.34353963872628,-0.022,1
450,-70.92901,450,37380592,-87.01243,35.7274823,-78.6962747,35.34353963872628,-0.022,1
451,-70.92901,451,37380599,-84.399216,35.7274823,-78.6962747,35.34353963872628,-0.022,1
452,-70.92901,452,37380605,-83.858215,35.7274823,-78.6962747,35.34353963872628,-0.022,1
453,-70.92901,453,37380861,-81.88069,35.7274823,-78.6962747,35.34353963872628,-0.022,1
454,-70.92901,454,37380868,-84.6469,35.7274823,-78.6962747,35.34353963872628,-0.022,1
455,-70.92901,455,37380875,-84.29113,35.7274823,-78.6962747,35.34353963872628,-0.022,1
456,-70.92901,456,37380882,-84.0809,35.7274823,-78.6962747,35.34353963872628,-0.022,1
457,-70.92901,457,37380889,-83.9274,35.7274823,-78.6962747,35.34353963872628,-0.022,1
458,-70.92901,458,37380896,-85.81751,35.7274823,-78.6962747,35.34353963872628,-0.022,1
459,-70.92901,459,37380903,-88.9095,35.7274823,-78.6962747,35.34353963872628,-0.022,1
460,-70.92901,460,37381158,-85.42668,35.7274823,-78.6962747,35.34353963872628,-0.022,1
461,-70.92901,461,37381165,-85.44093,35.7274823,-78.6962747,35.34353963872628,-0.022,1
462,-70.92901,462,37381172,-85.7905,35.7274823,-78.6962747,35.34353963872628,-0.022,1
463,-70.92901,463,37381180,-82.727936,35.7274823,-78.6962747,35.34353963872628,-0.022,1
464,-70.92901,464,37381187,-87.21576,35.7274823,-78.6962747,35.34353963872628,-0.022,1
465,-70.92901,465,37381193,-85.28148,35.7274823,-78.6962747,35.34353963872628,-0.022,1
466,-70.92901,466,37381201,-87.46138,35.7274823,-78.6962747,35.34353963872628,-0.022,1
467,-70.92901,467,37381208,-89.68109,35.7274823,-78.6962747,35.34353963872628,-0.022,1
468,-70.92901,468,37381463,-85.889725,35.7274823,-78.6962747,35.34353963872628,-0.025,1
469,-70.92901,469,37381470,-83.3421,35.7274823,-78.6962747,35.34353963872628,-0.025,1
470,-70.92901,470,37381477,-85.30679,35.7274823,-78.6962747,35.34353963872628,-0.025,1
471,-70.92901,471,37381484,-82.38377,35.7274823,-78.6962747,35.34353963872628,-0.025,1
472,-70.92901,472,37381491,-86.315414,35.7274823,-78.6962747,35.34353963872628,-0.025,1
473,-70.92901,473,37381498,-80.7882,35.7274823,-78.6962747,35.34353963872628,-0.025,1
474,-70.92901,474,37381505,-82.73473,35.7274823,-78.6962747,35.34353963872628,-0.025,1
475,-70.92901,475,37381513,-81.93503,35.7274823,-78.6962747,35.34353963872628,-0.025,1
476,-70.92901,476,37381767,-83.660736,35.7274823,-78.6962747,35.34353963872628,-0.025,1
477,-70.92901,477,37381774,-88.37685,35.7274823,-78.6962747,35.34353963872628,-0.025,1
478,-70.92901,478,37381781,-93.15729,35.7274823,-78.6962747,35.34353963872628,-0.025,1
479,-70.92901,479,37381788,-91.089035,35.7274823,-78.6962747,35.34353963872628,-0.025,1
480,-70.92901,480,37381795,-92.51895,35.7274823,-78.6962747,35.34353963872628,-0.025,1
481,-70.92901,481,37381802,-85.97005,35.7274823,-78.6962747,35.34353963872628,-0.025,1
482,-70.92901,482,37381810,-86.953354,35.7274823,-78.6962747,35.34353963872628,-0.025,1
483,-70.92901,483,37381816,-89.56862,35.7274823,-78.6962747,35.34353963872628,-0.025,1
484,-70.92901,484,37382071,-87.79463,35.7274823,-78.6962747,35.34353963872628,-0.025,1
485,-70.92901,485,37382079,-89.21918,35.7274823,-78.6962747,35.34353963872628,-0.025,1
486,-70.92901,486,37382086,-84.15837,35.7274823,-78.6962747,35.34353963872628,-0.025,1
487,-70.92901,487,37382093,-83.13756,35.7274823,-78.6962747,35.34353963872628,-0.025,1
488,-70.92901,488,37382100,-88.59038,35.7274823,-78.6962747,35.34353963872628,-0.025,1
489,-70.92901,489,37382107,-84.582504,35.7274823,-78.6962747,35.34353963872628,-0.025,1
490,-70.92901,490,37382114,-89.569695,35.7274823,-78.6962747,35.34353963872628,-0.025,1
491,-70.92901,491,37382369,-85.677185,35.7274823,-78.6962747,35.34353963872628,-0.072,1
492,-70.92901,492,37382376,-80.408356,35.7274823,-78.6962747,35.34353963872628,-0.072,1
493,-70.92901,493,37382383,-84.98482,35.7274823,-78.6962747,35.34353963872628,-0.072,1
494,-70.92901,494,37382391,-83.67466,35.7274823,-78.6962747,35.34353963872628,-0.072,1
495,-70.92901,495,37382397,-79.45279,35.7274823,-78.6962747,35.34353963872628,-0.072,1
496,-70.92901,496,37382404,-84.55436,35.7274823,-78.6962747,35.34353963872628,-0.072,1
497,-70.92901,497,37382411,-80.56419,35.7274823,-78.6962747,35.34353963872628,-0.072,1
498,-70.92901,498,37382419,-90.589584,35.7274823,-78.6962747,35.34353963872628,-0.072,1
499,-70.92901,499,37382674,-89.30852,35.7274823,-78.6962747,35.34353963872628,-0.072,1
500,-70.92901,500,37382681,-83.97577,35.7274823,-78.6962747,35.34353963872628,-0.072,1
501,-70.92901,501,37382688,-87.16915,35.7274823,-78.6962747,35.34353963872628,-0.072,1
502,-70.92901,502,37382695,-90.99875,35.7274823,-78.6962747,35.34353963872628,-0.072,1
503,-70.92901,503,37382702,-86.111725,35.7274823,-78.6962747,35.34353963872628,-0.072,1
504,-70.92901,504,37382709,-86.2056,35.7274823,-78.6962747,35.34353963872628,-0.072,1
505,-70.92901,505,37382716,-85.517204,35.7274823,-78.6962747,35.34353963872628,-0.072,1
506,-70.92901,506,37382723,-86.101395,35.7274823,-78.6962747,35.34353963872628,-0.072,1
507,-70.92901,507,37382978,-85.57689,35.7274823,-78.6962747,35.34353963872628,-0.072,1
508,-70.92901,508,37382985,-89.137566,35.7274823,-78.6962747,35.34353963872628,-0.072,1
509,-70.92901,509,37382992,-85.75869,35.7274823,-78.6962747,35.34353963872628,-0.072,1
510,-70.92901,510,37382999,-87.039,35.7274823,-78.6962747,35.34353963872628,-0.072,1
511,-70.92901,511,37383006,-81.64118,35.7274823,-78.6962747,35.34353963872628,-0.072,1
512,-70.92901,512,37383014,-82.54477,35.7274823,-78.6962747,35.34353963872628,-0.072,1
513,-70.92901,513,37383020,-88.56976,35.7274823,-78.6962747,35.34353963872628,-0.072,1
514,-70.92901,514,37383028,-81.32511,35.7274823,-78.6962747,35.34353963872628,-0.072,1
515,-70.92901,515,37383283,-96.122986,35.7274823,-78.6962747,35.34353963872628,-0.072,1
516,-70.92901,516,37383289,-84.92555,35.7274823,-78.6962747,35.34353963872628,-0.072,1
517,-70.92901,517,37383297,-82.06768,35.7274823,-78.6962747,35.34353963872628,-0.072,1
518,-70.92901,518,37383304,-91.16705,35.7274823,-78.6962747,35.34353963872628,-0.072,1
519,-70.92901,519,37383311,-89.185974,35.7274823,-78.6962747,35.34353963872628,-0.072,1
520,-70.92901,520,37383318,-86.64536,35.7274823,-78.6962747,35.34353963872628,-0.072,1
521,-70.92901,521,37383325,-101.059425,35.7274823,-78.6962747,35.34353963872628,-0.072,1
522,-70.92901,522,37383338,-87.350464,35.7274823,-78.6962747,35.34353963872628,-0.072,1
523,-70.92901,523,37383593,-82.304474,35.7274823,-78.6962747,35.34353963872628,-0.02,1
524,-70.92901,524,37383600,-84.777084,35.7274823,-78.6962747,35.34353963872628,-0.02,1
525,-70.92901,525,37383607,-81.74275,35.7274823,-78.6962747,35.34353963872628,-0.02,1
526,-70.92901,526,37383614,-85.7093,35.7274823,-78.6962747,35.34353963872628,-0.02,1
527,-70.92901,527,37383621,-82.96983,35.7274823,-78.6962747,35.34353963872628,-0.02,1
528,-70.92901,528,37383628,-84.93831,35.7274823,-78.6962747,35.34353963872628,-0.02,1
529,-70.92901,529,37383635,-84.46414,35.7274823,-78.6962747,35.34353963872628,-0.02,1
530,-70.92901,530,37383642,-93.860596,35.7274823,-78.6962747,35.34353963872628,-0.02,1
531,-70.92901,531,37383898,-82.01321,35.7274823,-78.6962747,35.34353963872628,-0.02,1
532,-70.92901,532,37383904,-83.637436,35.7274823,-78.6962747,35.34353963872628,-0.02,1
533,-70.92901,533,37383912,-83.92975,35.7274823,-78.6962747,35.34353963872628,-0.02,1
534,-70.92901,534,37383919,-85.006805,35.7274823,-78.6962747,35.34353963872628,-0.02,1
535,-70.92901,535,37383926,-89.11963,35.7274823,-78.6962747,35.34353963872628,-0.02,1
536,-70.92901,536,37383933,-85.28968,35.7274823,-78.6962747,35.34353963872628,-0.02,1
537,-70.92901,537,37383940,-88.53407,35.7274823,-78.6962747,35.34353963872628,-0.02,1
538,-70.92901,538,37383947,-90.16048,35.7274823,-78.6962747,35.34353963872628,-0.02,1
539,-70.92901,539,37384202,-81.63864,35.7274823,-78.6962747,35.34353963872628,-0.02,1
540,-70.92901,540,37384209,-83.9765,35.7274823,-78.6962747,35.34353963872628,-0.02,1
541,-70.92901,541,37384216,-94.30702,35.7274823,-78.6962747,35.34353963872628,-0.02,1
542,-70.92901,542,37384223,-86.9055,35.7274823,-78.6962747,35.34353963872628,-0.02,1
543,-70.92901,543,37384230,-88.10205,35.7274823,-78.6962747,35.34353963872628,-0.02,1
544,-70.92901,544,37384238,-86.02136,35.7274823,-78.6962747,35.34353963872628,-0.02,1
545,-70.92901,545,37384244,-87.80846,35.7274823,-78.6962747,35.34353963872628,-0.02,1
546,-70.92901,546,37384252,-83.662704,35.7274823,-78.6962747,35.34353963872628,-0.02,1
547,-70.92901,547,37384507,-95.83147,35.7274823,-78.6962747,35.34353963872628,-0.071,1
548,-70.92901,548,37384514,-84.23114,35.7274823,-78.6962747,35.34353963872628,-0.071,1
549,-70.92901,549,37384521,-95.525185,35.7274823,-78.6962747,35.34353963872628,-0.071,1
550,-70.92901,550,37384528,-82.53883,35.7274823,-78.6962747,35.34353963872628,-0.071,1
551,-70.92901,551,37384535,-84.91937,35.7274823,-78.6962747,35.34353963872628,-0.071,1
552,-70.92901,552,37384542,-86.64004,35.7274823,-78.6962747,35.34353963872628,-0.071,1
553,-70.92901,553,37384549,-86.57254,35.7274823,-78.6962747,35.34353963872628,-0.071,1
554,-70.92901,554,37384556,-79.448975,35.7274823,-78.6962747,35.34353963872628,-0.071,1
555,-70.92901,555,37384811,-82.763596,35.7274823,-78.6962747,35.34353963872628,-0.071,1
556,-70.92901,556,37384819,-85.598366,35.7274823,-78.6962747,35.34353963872628,-0.071,1
557,-70.92901,557,37384825,-81.62672,35.7274823,-78.6962747,35.34353963872628,-0.071,1
558,-70.92901,558,37384833,-85.805374,35.7274823,-78.6962747,35.34353963872628,-0.071,1
559,-70.92901,559,37384840,-85.950966,35.7274823,-78.6962747,35.34353963872628,-0.071,1
560,-70.92901,560,37384847,-91.706894,35.7274823,-78.6962747,35.34353963872628,-0.071,1
561,-70.92901,561,37384854,-88.07315,35.7274823,-78.6962747,35.34353963872628,-0.071,1
562,-70.92901,562,37384861,-85.50513,35.7274823,-78.6962747,35.34353963872628,-0.071,1
563,-70.92901,563,37385116,-93.71766,35.7274823,-78.6962747,35.34353963872628,-0.071,1
564,-70.92901,564,37385123,-92.824905,35.7274823,-78.6962747,35.34353963872628,-0.071,1
565,-70.92901,565,37385130,-84.11829,35.7274823,-78.6962747,35.34353963872628,-0.071,1
566,-70.92901,566,37385137,-94.02046,35.7274823,-78.6962747,35.34353963872628,-0.071,1
567,-70.92901,567,37385144,-87.624756,35.7274823,-78.6962747,35.34353963872628,-0.071,1
568,-70.92901,568,37385151,-85.430405,35.7274823,-78.6962747,35.34353963872628,-0.071,1
569,-70.92901,569,37385158,-83.60095,35.7274823,-78.6962747,35.34353963872628,-0.071,1
570,-70.92901,570,37385414,-84.52905,35.7274823,-78.6962747,35.34353963872628,-0.01,1
571,-70.92901,571,37385420,-82.05974,35.7274823,-78.6962747,35.34353963872628,-0.01,1
572,-70.92901,572,37385428,-92.27009,35.7274823,-78.6962747,35.34353963872628,-0.01,1
573,-70.92901,573,37385435,-86.51871,35.7274823,-78.6962747,35.34353963872628,-0.01,1
574,-70.92901,574,37385442,-86.27925,35.7274823,-78.6962747,35.34353963872628,-0.01,1
575,-70.92901,575,37385449,-84.5904,35.7274823,-78.6962747,35.34353963872628,-0.01,1
576,-70.92901,576,37385456,-84.66915,35.7274823,-78.6962747,35.34353963872628,-0.01,1
577,-70.92901,577,37385463,-81.996826,35.7274823,-78.6962747,35.34353963872628,-0.01,1
578,-70.92901,578,37385718,-86.10504,35.7274823,-78.6962747,35.34353963872628,-0.01,1
579,-70.92901,579,37385725,-87.126724,35.7274823,-78.6962747,35.34353963872628,-0.01,1
580,-70.92901,580,37385732,-85.57744,35.7274823,-78.6962747,35.34353963872628,-0.01,1
581,-70.92901,581,37385739,-85.86609,35.7274823,-78.6962747,35.34353963872628,-0.01,1
582,-70.92901,582,37385746,-83.20567,35.7274823,-78.6962747,35.34353963872628,-0.01,1
583,-70.92901,583,37385753,-83.63861,35.7274823,-78.6962747,35.34353963872628,-0.01,1
584,-70.92901,584,37385760,-86.544174,35.7274823,-78.6962747,35.34353963872628,-0.01,1
585,-70.92901,585,37385767,-86.55438,35.7274823,-78.6962747,35.34353963872628,-0.01,1
586,-70.92901,586,37386023,-83.37297,35.7274823,-78.6962747,35.34353963872628,-0.01,1
587,-70.92901,587,37386029,-84.860886,35.7274823,-78.6962747,35.34353963872628,-0.01,1
588,-70.92901,588,37386037,-83.76219,35.7274823,-78.6962747,35.34353963872628,-0.01,1
589,-70.92901,589,37386043,-84.41708,35.7274823,-78.6962747,35.34353963872628,-0.01,1
590,-70.92901,590,37386051,-88.34392,35.7274823,-78.6962747,35.34353963872628,-0.01,1
591,-70.92901,591,37386058,-81.434265,35.7274823,-78.6962747,35.34353963872628,-0.01,1
592,-70.92901,592,37386065,-85.09277,35.7274823,-78.6962747,35.34353963872628,-0.01,1
593,-70.92901,593,37386072,-82.63521,35.7274823,-78.6962747,35.34353963872628,-0.01,1
594,-70.92901,594,37386327,-86.7514,35.7274823,-78.6962747,35.34353963872628,-0.01,1
595,-70.92901,595,37386334,-87.5372,35.7274823,-78.6962747,35.34353963872628,-0.01,1
596,-70.92901,596,37386341,-86.08115,35.7274823,-78.6962747,35.34353963872628,-0.01,1
597,-70.92901,597,37386348,-85.58218,35.7274823,-78.6962747,35.34353963872628,-0.011,1
598,-70.92901,598,37386355,-88.20884,35.7274823,-78.6962747,35.34353963872628,-0.011,1
599,-70.92901,599,37386362,-82.38552,35.7274823,-78.6962747,35.34353963872628,-0.011,1
600,-70.92901,600,37386369,-84.55769,35.7274823,-78.6962747,35.34353963872628,-0.011,1
601,-70.92901,601,37386624,-84.872,35.7274823,-78.6962747,35.34353963872628,-0.011,1
602,-70.92901,602,37386631,-85.25781,35.7274823,-78.6962747,35.34353963872628,-0.011,1
603,-70.92901,603,37386638,-80.92114,35.7274823,-78.6962747,35.34353963872628,-0.011,1
604,-70.92901,604,37386645,-86.01562,35.7274823,-78.6962747,35.34353963872628,-0.011,1
605,-70.92901,605,37386652,-81.77297,35.7274823,-78.6962747,35.34353963872628,-0.011,1
606,-70.92901,606,37386660,-83.7209,35.7274823,-78.6962747,35.34353963872628,-0.011,1
607,-70.92901,607,37386666,-86.96365,35.7274823,-78.6962747,35.34353963872628,-0.011,1
608,-70.92901,608,37386674,-86.776886,35.7274823,-78.6962747,35.34353963872628,-0.011,1
609,-70.92901,609,37386929,-91.338,35.7274823,-78.6962747,35.34353963872628,-0.011,1
610,-70.92901,610,37386936,-84.82467,35.7274823,-78.6962747,35.34353963872628,-0.011,1
611,-70.92901,611,37386943,-87.12863,35.7274823,-78.6962747,35.34353963872628,-0.011,1
612,-70.92901,612,37386950,-85.55296,35.7274823,-78.6962747,35.34353963872628,-0.011,1
613,-70.92901,613,37386957,-85.89759,35.7274823,-78.6962747,35.34353963872628,-0.011,1
614,-70.92901,614,37386964,-86.1732,35.7274823,-78.6962747,35.34353963872628,-0.011,1
615,-70.92901,615,37386971,-85.09265,35.7274823,-78.6962747,35.34353963872628,-0.011,1
616,-70.92901,616,37386978,-82.00769,35.7274823,-78.6962747,35.34353963872628,-0.011,1
617,-70.92901,617,37387233,-93.66231,35.7274823,-78.6962747,35.34353963872628,-0.011,1
618,-70.92901,618,37387240,-91.769424,35.7274823,-78.6962747,35.34353963872628,-0.011,1
619,-70.92901,619,37387247,-86.5652,35.7274823,-78.6962747,35.34353963872628,-0.011,1
620,-70.92901,620,37387254,-88.17383,35.7274823,-78.6962747,35.34353963872628,-0.011,1
621,-70.92901,621,37387261,-87.720634,35.7274823,-78.6962747,35.34353963872628,-0.011,1
622,-70.92901,622,37387268,-83.82602,35.7274823,-78.6962747,35.34353963872628,-0.011,1
623,-70.92901,623,37387275,-84.001205,35.7274823,-78.6962747,35.34353963872628,-0.011,1
624,-70.92901,624,37387283,-85.0296,35.7274823,-78.6962747,35.34353963872628,-0.011,1
625,-70.92901,625,37387538,-87.31772,35.7274823,-78.6962747,35.34353963872628,-0.047,1
626,-70.92901,626,37387544,-84.024994,35.7274823,-78.6962747,35.34353963872628,-0.047,1
627,-70.92901,627,37387552,-85.700424,35.7274823,-78.6962747,35.34353963872628,-0.047,1
628,-70.92901,628,37387559,-87.868195,35.7274823,-78.6962747,35.34353963872628,-0.047,1
629,-70.92901,629,37387566,-86.15192,35.7274823,-78.6962747,35.34353963872628,-0.047,1
630,-70.92901,630,37387573,-86.44617,35.7274823,-78.6962747,35.34353963872628,-0.047,1
631,-70.92901,631,37387580,-83.64879,35.7274823,-78.6962747,35.34353963872628,-0.047,1
632,-70.92901,632,37387587,-87.42918,35.7274823,-78.6962747,35.34353963872628,-0.047,1
633,-70.92901,633,37387842,-87.752525,35.7274823,-78.6962747,35.34353963872628,-0.047,1
634,-70.92901,634,37387849,-86.676056,35.7274823,-78.6962747,35.34353963872628,-0.047,1
635,-70.92901,635,37387856,-85.072464,35.7274823,-78.6962747,35.34353963872628,-0.047,1
636,-70.92901,636,37387863,-84.36136,35.7274823,-78.6962747,35.34353963872628,-0.047,1
637,-70.92901,637,37387870,-82.161316,35.7274823,-78.6962747,35.34353963872628,-0.047,1
638,-70.92901,638,37387877,-81.21246,35.7274823,-78.6962747,35.34353963872628,-0.047,1
639,-70.92901,639,37387884,-83.5368,35.7274823,-78.6962747,35.34353963872628,-0.047,1
640,-70.92901,640,37387891,-87.741104,35.7274823,-78.6962747,35.34353963872628,-0.047,1
641,-70.92901,641,37388147,-85.15819,35.7274823,-78.6962747,35.34353963872628,-0.047,1
642,-70.92901,642,37388154,-82.388084,35.7274823,-78.6962747,35.34353963872628,-0.047,1
643,-70.92901,643,37388161,-83.31326,35.7274823,-78.6962747,35.34353963872628,-0.047,1
644,-70.92901,644,37388168,-80.416885,35.7274823,-78.6962747,35.34353963872628,-0.047,1
645,-70.92901,645,37388175,-84.75194,35.7274823,-78.6962747,35.34353963872628,-0.047,1
646,-70.92901,646,37388182,-84.620964,35.7274823,-78.6962747,35.34353963872628,-0.047,1
647,-70.92901,647,37388189,-85.943504,35.7274823,-78.6962747,35.34353963872628,-0.047,1
648,-70.92901,648,37388196,-86.45668,35.7274823,-78.6962747,35.34353963872628,-0.047,1
649,-70.92901,649,37388451,-87.92557,35.7274823,-78.6962747,35.34353963872628,0.003,1
650,-70.92901,650,37388459,-91.49025,35.7274823,-78.6962747,35.34353963872628,0.003,1
651,-70.92901,651,37388465,-86.45299,35.7274823,-78.6962747,35.34353963872628,0.003,1
652,-70.92901,652,37388473,-83.79271,35.7274823,-78.6962747,35.34353963872628,0.003,1
653,-70.92901,653,37388480,-85.25152,35.7274823,-78.6962747,35.34353963872628,0.003,1
654,-70.92901,654,37388487,-86.20547,35.7274823,-78.6962747,35.34353963872628,0.003,1
655,-70.92901,655,37388494,-82.598946,35.7274823,-78.6962747,35.34353963872628,0.003,1
656,-70.92901,656,37388501,-83.933136,35.7274823,-78.6962747,35.34353963872628,0.003,1
657,-70.92901,657,37388756,-91.79913,35.7274823,-78.6962747,35.34353963872628,0.003,1
658,-70.92901,658,37388763,-89.4119,35.7274823,-78.6962747,35.34353963872628,0.003,1
659,-70.92901,659,37388771,-86.4397,35.7274823,-78.6962747,35.34353963872628,0.003,1
660,-70.92901,660,37388778,-91.461426,35.7274823,-78.6962747,35.34353963872628,0.003,1
661,-70.92901,661,37388785,-82.285706,35.7274823,-78.6962747,35.34353963872628,0.003,1
662,-70.92901,662,37388792,-90.761314,35.7274823,-78.6962747,35.34353963872628,0.003,1
663,-70.92901,663,37388799,-86.844315,35.7274823,-78.6962747,35.34353963872628,0.003,1
664,-70.92901,664,37388806,-87.61251,35.7274823,-78.6962747,35.34353963872628,0.003,1
665,-70.92901,665,37389061,-87.40378,35.7274823,-78.6962747,35.34353963872628,0.003,1
666,-70.92901,666,37389069,-84.15615,35.7274823,-78.6962747,35.34353963872628,0.003,1
667,-70.92901,667,37389076,-82.24365,35.7274823,-78.6962747,35.34353963872628,0.003,1
668,-70.92901,668,37389083,-84.51641,35.7274823,-78.6962747,35.34353963872628,0.003,1
669,-70.92901,669,37389090,-85.675674,35.7274823,-78.6962747,35.34353963872628,0.003,1
670,-70.92901,670,37389097,-93.39002,35.7274823,-78.6962747,35.34353963872628,0.003,1
671,-70.92901,671,37389104,-87.73216,35.7274823,-78.6962747,35.34353963872628,0.003,1
672,-70.92901,672,37389111,-91.49048,35.7274823,-78.6962747,35.34353963872628,0.003,1
673,-70.92901,673,37389367,-92.69401,35.7274823,-78.6962747,35.34353963872628,0.022,1
674,-70.92901,674,37389373,-82.38513,35.7274823,-78.6962747,35.34353963872628,0.022,1
675,-70.92901,675,37389381,-93.245445,35.7274823,-78.6962747,35.34353963872628,0.022,1
676,-70.92901,676,37389388,-85.5473,35.7274823,-78.6962747,35.34353963872628,0.022,1
677,-70.92901,677,37389395,-88.389595,35.7274823,-78.6962747,35.34353963872628,0.022,1
678,-70.92901,678,37389402,-84.56156,35.7274823,-78.6962747,35.34353963872628,0.022,1
679,-70.92901,679,37389409,-83.408035,35.7274823,-78.6962747,35.34353963872628,0.022,1
680,-70.92901,680,37389416,-82.524826,35.7274823,-78.6962747,35.34353963872628,0.022,1
681,-70.92901,681,37389671,-83.987045,35.7274823,-78.6962747,35.34353963872628,0.022,1
682,-70.92901,682,37389680,-88.19188,35.7274823,-78.6962747,35.34353963872628,0.022,1
683,-70.92901,683,37389686,-88.00239,35.7274823,-78.6962747,35.34353963872628,0.022,1
684,-70.92901,684,37389694,-84.09566,35.7274823,-78.6962747,35.34353963872628,0.022,1
685,-70.92901,685,37389701,-86.96312,35.7274823,-78.6962747,35.34353963872628,0.022,1
686,-70.92901,686,37389708,-84.76424,35.7274823,-78.6962747,35.34353963872628,0.022,1
687,-70.92901,687,37389715,-83.21643,35.7274823,-78.6962747,35.34353963872628,0.022,1
688,-70.92901,688,37389722,-87.23757,35.7274823,-78.6962747,35.34353963872628,0.022,1
689,-70.92901,689,37389977,-83.05292,35.7274823,-78.6962747,35.34353963872628,0.022,1
690,-70.92901,690,37389984,-85.70008,35.7274823,-78.6962747,35.34353963872628,0.022,1
691,-70.92901,691,37389991,-84.90724,35.7274823,-78.6962747,35.34353963872628,0.022,1
692,-70.92901,692,37389998,-83.85861,35.7274823,-78.6962747,35.34353963872628,0.022,1
693,-70.92901,693,37390006,-84.07251,35.7274823,-78.6962747,35.34353963872628,0.022,1
694,-70.92901,694,37390013,-84.15061,35.7274823,-78.6962747,35.34353963872628,0.022,1
695,-70.92901,695,37390020,-100.76041,35.7274823,-78.6962747,35.34353963872628,0.022,1
696,-70.92901,696,37390027,-86.827805,35.7274823,-78.6962747,35.34353963872628,0.022,1
697,-70.92901,697,37390282,-81.916794,35.7274823,-78.6962747,35.34353963872628,0.022,1
698,-70.92901,698,37390289,-84.744354,35.7274823,-78.6962747,35.34353963872628,0.022,1
699,-70.92901,699,37390296,-83.42586,35.7274823,-78.6962747,35.34353963872628,0.022,1
700,-70.92901,700,37390303,-84.85275,35.7274823,-78.6962747,35.34353963872628,0.022,1
701,-70.92901,701,37390310,-84.184006,35.7274823,-78.6962747,35.34353963872628,0.022,1
702,-70.92901,702,37390318,-86.51137,35.7274823,-78.6962747,35.34353963872628,0.022,1
703,-70.92901,703,37390325,-81.041794,35.7274823,-78.6962747,35.34353963872628,0.022,1
704,-70.92901,704,37390333,-86.15718,35.7274823,-78.6962747,35.34353963872628,0.022,1
705,-70.92901,705,37390587,-85.5412,35.7274823,-78.6962747,35.34353963872628,0.011,1
706,-70.92901,706,37390594,-87.64076,35.7274823,-78.6962747,35.34353963872628,0.011,1
707,-70.92901,707,37390601,-80.37581,35.7274823,-78.6962747,35.34353963872628,0.011,1
708,-70.92901,708,37390608,-84.5814,35.7274823,-78.6962747,35.34353963872628,0.011,1
709,-70.92901,709,37390615,-87.57697,35.7274823,-78.6962747,35.34353963872628,0.011,1
710,-70.92901,710,37390622,-85.36049,35.7274823,-78.6962747,35.34353963872628,0.011,1
711,-70.92901,711,37390630,-86.56006,35.7274823,-78.6962747,35.34353963872628,0.011,1
712,-70.92901,712,37390636,-90.36426,35.7274823,-78.6962747,35.34353963872628,0.011,1
713,-70.92901,713,37390892,-93.06301,35.7274823,-78.6962747,35.34353963872628,0.011,1
714,-70.92901,714,37390899,-85.04662,35.7274823,-78.6962747,35.34353963872628,0.011,1
715,-70.92901,715,37390906,-82.09777,35.7274823,-78.6962747,35.34353963872628,0.011,1
716,-70.92901,716,37390913,-84.300896,35.7274823,-78.6962747,35.34353963872628,0.011,1
717,-70.92901,717,37390920,-82.52777,35.7274823,-78.6962747,35.34353963872628,0.011,1
718,-70.92901,718,37390927,-84.36249,35.7274823,-78.6962747,35.34353963872628,0.011,1
719,-70.92901,719,37390934,-90.26427,35.7274823,-78.6962747,35.34353963872628,0.011,1
720,-70.92901,720,37390941,-85.99773,35.7274823,-78.6962747,35.34353963872628,0.011,1
721,-70.92901,721,37391196,-88.36168,35.7274823,-78.6962747,35.34353963872628,0.011,1
722,-70.92901,722,37391203,-84.6915,35.7274823,-78.6962747,35.34353963872628,0.011,1
723,-70.92901,723,37391211,-83.61887,35.7274823,-78.6962747,35.34353963872628,0.011,1
724,-70.92901,724,37391218,-87.59088,35.7274823,-78.6962747,35.34353963872628,0.011,1
725,-70.92901,725,37391225,-82.040375,35.7274823,-78.6962747,35.34353963872628,0.011,1
726,-70.92901,726,37391232,-80.80155,35.7274823,-78.6962747,35.34353963872628,0.011,1
727,-70.92901,727,37391239,-88.34504,35.7274823,-78.6962747,35.34353963872628,0.011,1
728,-70.92901,728,37391246,-87.91,35.7274823,-78.6962747,35.34353963872628,0.011,1
729,-70.92901,729,37391501,-85.72911,35.7274823,-78.6962747,35.34353963872628,0.007,1
730,-70.92901,730,37391508,-86.61238,35.7274823,-78.6962747,35.34353963872628,0.007,1
731,-70.92901,731,37391515,-83.06947,35.7274823,-78.6962747,35.34353963872628,0.007,1
732,-70.92901,732,37391523,-82.862076,35.7274823,-78.6962747,35.34353963872628,0.007,1
733,-70.92901,733,37391530,-81.5343,35.7274823,-78.6962747,35.34353963872628,0.007,1
734,-70.92901,734,37391537,-86.361465,35.7274823,-78.6962747,35.34353963872628,0.007,1
735,-70.92901,735,37391544,-84.182755,35.7274823,-78.6962747,35.34353963872628,0.007,1
736,-70.92901,736,37391551,-81.246925,35.7274823,-78.6962747,35.34353963872628,0.007,1
737,-70.92901,737,37391806,-83.31057,35.7274823,-78.6962747,35.34353963872628,0.007,1
738,-70.92901,738,37391813,-87.983604,35.7274823,-78.6962747,35.34353963872628,0.007,1
739,-70.92901,739,37391820,-88.43089,35.7274823,-78.6962747,35.34353963872628,0.007,1
740,-70.92901,740,37391827,-82.539665,35.7274823,-78.6962747,35.34353963872628,0.007,1
741,-70.92901,741,37391835,-87.67233,35.7274823,-78.6962747,35.34353963872628,0.007,1
742,-70.92901,742,37391842,-84.94667,35.7274823,-78.6962747,35.34353963872628,0.007,1
743,-70.92901,743,37391849,-86.777214,35.7274823,-78.6962747,35.34353963872628,0.007,1
744,-70.92901,744,37391856,-83.02774,35.7274823,-78.6962747,35.34353963872628,0.007,1
745,-70.92901,745,37392111,-83.96536,35.7274823,-78.6962747,35.34353963872628,0.007,1
746,-70.92901,746,37392118,-86.5608,35.7274823,-78.6962747,35.34353963872628,0.007,1
747,-70.92901,747,37392125,-81.20156,35.7274823,-78.6962747,35.34353963872628,0.007,1
748,-70.92901,748,37392132,-84.69923,35.7274823,-78.6962747,35.34353963872628,0.007,1
749,-70.92901,749,37392139,-82.94411,35.7274823,-78.6962747,35.34353963872628,0.007,1
750,-70.92901,750,37392147,-83.441864,35.7274823,-78.6962747,35.34353963872628,0.007,1
751,-70.92901,751,37392154,-83.754944,35.7274823,-78.6962747,35.34353963872628,0.007,1
752,-70.92901,752,37392161,-89.43277,35.7274823,-78.6962747,35.34353963872628,0.007,1
753,-70.92901,753,37392416,-87.497925,35.7274823,-78.6962747,35.34353963872628,0.052,1
754,-70.92901,754,37392423,-82.53131,35.7274823,-78.6962747,35.34353963872628,0.052,1
755,-70.92901,755,37392430,-82.49492,35.7274823,-78.6962747,35.34353963872628,0.052,1
756,-70.92901,756,37392437,-85.22616,35.7274823,-78.6962747,35.34353963872628,0.052,1
757,-70.92901,757,37392444,-84.18591,35.7274823,-78.6962747,35.34353963872628,0.052,1
758,-70.92901,758,37392451,-93.15491,35.7274823,-78.6962747,35.34353963872628,0.052,1
759,-70.92901,759,37392459,-81.916115,35.7274823,-78.6962747,35.34353963872628,0.052,1
760,-70.92901,760,37392466,-85.89404,35.7274823,-78.6962747,35.34353963872628,0.052,1
761,-70.92901,761,37392721,-83.80969,35.7274823,-78.6962747,35.34353963872628,0.052,1
762,-70.92901,762,37392728,-88.99664,35.7274823,-78.6962747,35.34353963872628,0.052,1
763,-70.92901,763,37392735,-83.82634,35.7274823,-78.6962747,35.34353963872628,0.052,1
764,-70.92901,764,37392743,-85.654755,35.7274823,-78.6962747,35.34353963872628,0.052,1
765,-70.92901,765,37392749,-82.53685,35.7274823,-78.6962747,35.34353963872628,0.052,1
766,-70.92901,766,37392757,-81.63746,35.7274823,-78.6962747,35.34353963872628,0.052,1
767,-70.92901,767,37392764,-85.41222,35.7274823,-78.6962747,35.34353963872628,0.052,1
768,-70.92901,768,37392771,-86.18761,35.7274823,-78.6962747,35.34353963872628,0.052,1
769,-70.92901,769,37393026,-81.367615,35.7274823,-78.6962747,35.34353963872628,0.052,1
770,-70.92901,770,37393033,-83.58336,35.7274823,-78.6962747,35.34353963872628,0.052,1
771,-70.92901,771,37393040,-80.671745,35.7274823,-78.6962747,35.34353963872628,0.052,1
772,-70.92901,772,37393047,-80.035164,35.7274823,-78.6962747,35.34353963872628,0.052,1
773,-70.92901,773,37393054,-89.32802,35.7274823,-78.6962747,35.34353963872628,0.052,1
774,-70.92901,774,37393064,-90.55272,35.7274823,-78.6962747,35.34353963872628,0.052,1
775,-70.92901,775,37393072,-87.5258,35.7274823,-78.6962747,35.34353963872628,0.052,1
776,-70.92901,776,37393081,-94.27988,35.7274823,-78.6962747,35.34353963872628,0.052,1
777,-70.92901,777,37393337,-88.88223,35.7274823,-78.6962747,35.34353963872628,0.052,1
778,-70.92901,778,37393347,-80.58863,35.7274823,-78.6962747,35.34353963872628,0.052,1
779,-70.92901,779,37393355,-86.61455,35.7274823,-78.6962747,35.34353963872628,0.052,1
780,-70.92901,780,37393364,-85.43671,35.7274823,-78.6962747,35.34353963872628,0.051,1
781,-70.92901,781,37393373,-90.00283,35.7274823,-78.6962747,35.34353963872628,0.051,1
782,-70.92901,782,37393382,-90.65738,35.7274823,-78.6962747,35.34353963872628,0.051,1
783,-70.92901,783,37393391,-86.91456,35.7274823,-78.6962747,35.34353963872628,0.051,1
784,-70.92901,784,37393400,-88.667175,35.7274823,-78.6962747,35.34353963872628,0.051,1
785,-70.92901,785,37393656,-85.67888,35.7274823,-78.6962747,35.34353963872628,0.051,1
786,-70.92901,786,37393665,-86.816605,35.7274823,-78.6962747,35.34353963872628,0.051,1
787,-70.92901,787,37393674,-89.07184,35.7274823,-78.6962747,35.34353963872628,0.051,1
788,-70.92901,788,37393683,-84.97336,35.7274823,-78.6962747,35.34353963872628,0.051,1
789,-70.92901,789,37393692,-84.91696,35.7274823,-78.6962747,35.34353963872628,0.051,1
790,-70.92901,790,37393700,-85.007324,35.7274823,-78.6962747,35.34353963872628,0.051,1
791,-70.92901,791,37393710,-84.10463,35.7274823,-78.6962747,35.34353963872628,0.051,1
792,-70.92901,792,37393718,-91.61572,35.7274823,-78.6962747,35.34353963872628,0.051,1
793,-70.92901,793,37393727,-84.62884,35.7274823,-78.6962747,35.34353963872628,0.051,1
794,-70.92901,794,37393983,-83.5851,35.7274823,-78.6962747,35.34353963872628,0.051,1
795,-70.92901,795,37393992,-82.77965,35.7274823,-78.6962747,35.34353963872628,0.051,1
796,-70.92901,796,37394001,-84.57537,35.7274823,-78.6962747,35.34353963872628,0.051,1
797,-70.92901,797,37394010,-91.04062,35.7274823,-78.6962747,35.34353963872628,0.051,1
798,-70.92901,798,37394019,-87.18448,35.7274823,-78.6962747,35.34353963872628,0.051,1
799,-70.92901,799,37394027,-83.55871,35.7274823,-78.6962747,35.34353963872628,0.051,1
800,-70.92901,800,37394035,-81.31255,35.7274823,-78.6962747,35.34353963872628,0.051,1
801,-70.92901,801,37394043,-86.684006,35.7274823,-78.6962747,35.34353963872628,0.051,1
802,-70.92901,802,37394298,-84.60585,35.7274823,-78.6962747,35.34353963872628,0.051,1
803,-70.92901,803,37394307,-86.760994,35.7274823,-78.6962747,35.34353963872628,0.051,1
804,-70.92901,804,37394314,-82.34412,35.7274823,-78.6962747,35.34353963872628,0.051,1
805,-70.92901,805,37394322,-81.9326,35.7274823,-78.6962747,35.34353963872628,0.051,1
806,-70.92901,806,37394330,-85.2589,35.7274823,-78.6962747,35.34353963872628,0.051,1
807,-70.92901,807,37394338,-83.847725,35.7274823,-78.6962747,35.34353963872628,0.051,1
808,-70.92901,808,37394345,-83.752594,35.7274823,-78.6962747,35.34353963872628,0.051,1
809,-70.92901,809,37394353,-87.366104,35.7274823,-78.6962747,35.34353963872628,0.051,1
810,-70.92901,810,37394609,-81.84082,35.7274823,-78.6962747,35.34353963872628,0.093,1
811,-70.92901,811,37394616,-82.65937,35.7274823,-78.6962747,35.34353963872628,0.093,1
812,-70.92901,812,37394624,-85.04343,35.7274823,-78.6962747,35.34353963872628,0.093,1
813,-70.92901,813,37394632,-85.50128,35.7274823,-78.6962747,35.34353963872628,0.093,1
814,-70.92901,814,37394640,-82.24444,35.7274823,-78.6962747,35.34353963872628,0.093,1
815,-70.92901,815,37394648,-83.97554,35.7274823,-78.6962747,35.34353963872628,0.093,1
816,-70.92901,816,37394656,-82.12024,35.7274823,-78.6962747,35.34353963872628,0.093,1
817,-70.92901,817,37394663,-86.55885,35.7274823,-78.6962747,35.34353963872628,0.093,1
818,-70.92901,818,37394671,-82.37271,35.7274823,-78.6962747,35.34353963872628,0.093,1
819,-70.92901,819,37394927,-83.227234,35.7274823,-78.6962747,35.34353963872628,0.093,1
820,-70.92901,820,37394934,-82.98434,35.7274823,-78.6962747,35.34353963872628,0.093,1
821,-70.92901,821,37394942,-83.60739,35.7274823,-78.6962747,35.34353963872628,0.093,1
822,-70.92901,822,37394950,-88.05356,35.7274823,-78.6962747,35.34353963872628,0.093,1
823,-70.92901,823,37394958,-87.332756,35.7274823,-78.6962747,35.34353963872628,0.093,1
824,-70.92901,824,37394965,-87.493805,35.7274823,-78.6962747,35.34353963872628,0.093,1
825,-70.92901,825,37394973,-84.3074,35.7274823,-78.6962747,35.34353963872628,0.093,1
826,-70.92901,826,37394981,-84.93129,35.7274823,-78.6962747,35.34353963872628,0.093,1
827,-70.92901,827,37395237,-84.2773,35.7274823,-78.6962747,35.34353963872628,0.093,1
828,-70.92901,828,37395245,-84.726135,35.7274823,-78.6962747,35.34353963872628,0.093,1
829,-70.92901,829,37395252,-82.69765,35.7274823,-78.6962747,35.34353963872628,0.093,1
830,-70.92901,830,37395260,-84.0681,35.7274823,-78.6962747,35.34353963872628,0.093,1
831,-70.92901,831,37395268,-85.25311,35.7274823,-78.6962747,35.34353963872628,0.093,1
832,-70.92901,832,37395276,-83.36034,35.7274823,-78.6962747,35.34353963872628,0.093,1
833,-70.92901,833,37395283,-88.0549,35.7274823,-78.6962747,35.34353963872628,0.093,1
834,-70.92901,834,37395291,-83.61035,35.7274823,-78.6962747,35.34353963872628,0.093,1
835,-70.92901,835,37395547,-92.523445,35.7274823,-78.6962747,35.34353963872628,0.038,1
836,-70.92901,836,37395555,-84.754974,35.7274823,-78.6962747,35.34353963872628,0.038,1
837,-70.92901,837,37395563,-84.857475,35.7274823,-78.6962747,35.34353963872628,0.038,1
838,-70.92901,838,37395570,-87.28079,35.7274823,-78.6962747,35.34353963872628,0.038,1
839,-70.92901,839,37395578,-84.644,35.7274823,-78.6962747,35.34353963872628,0.038,1
840,-70.92901,840,37395586,-82.9214,35.7274823,-78.6962747,35.34353963872628,0.038,1
841,-70.92901,841,37395593,-87.47519,35.7274823,-78.6962747,35.34353963872628,0.038,1
842,-70.92901,842,37395601,-85.54829,35.7274823,-78.6962747,35.34353963872628,0.038,1
843,-70.92901,843,37395857,-88.19658,35.7274823,-78.6962747,35.34353963872628,0.038,1
844,-70.92901,844,37395865,-82.49368,35.7274823,-78.6962747,35.34353963872628,0.038,1
845,-70.92901,845,37395872,-84.75377,35.7274823,-78.6962747,35.34353963872628,0.038,1
846,-70.92901,846,37395880,-81.67303,35.7274823,-78.6962747,35.34353963872628,0.038,1
847,-70.92901,847,37395888,-89.04303,35.7274823,-78.6962747,35.34353963872628,0.038,1
848,-70.92901,848,37395896,-85.151505,35.7274823,-78.6962747,35.34353963872628,0.038,1
849,-70.92901,849,37395904,-84.19426,35.7274823,-78.6962747,35.34353963872628,0.038,1
850,-70.92901,850,37395911,-86.099594,35.7274823,-78.6962747,35.34353963872628,0.038,1
851,-70.92901,851,37396168,-85.0334,35.7274823,-78.6962747,35.34353963872628,0.038,1
852,-70.92901,852,37396175,-90.56749,35.7274823,-78.6962747,35.34353963872628,0.038,1
853,-70.92901,853,37396183,-83.7029,35.7274823,-78.6962747,35.34353963872628,0.038,1
854,-70.92901,854,37396191,-90.831116,35.7274823,-78.6962747,35.34353963872628,0.038,1
855,-70.92901,855,37396199,-81.086685,35.7274823,-78.6962747,35.34353963872628,0.038,1
856,-70.92901,856,37396207,-81.09175,35.7274823,-78.6962747,35.34353963872628,0.038,1
857,-70.92901,857,37396214,-83.0284,35.7274823,-78.6962747,35.34353963872628,0.038,1
858,-70.92901,858,37396222,-86.046036,35.7274823,-78.6962747,35.34353963872628,0.038,1
859,-70.92901,859,37396478,-87.73695,35.7274823,-78.6962747,35.34353963872628,-0.051,1
860,-70.92901,860,37396486,-80.85522,35.7274823,-78.6962747,35.34353963872628,-0.051,1
861,-70.92901,861,37396493,-85.613144,35.7274823,-78.6962747,35.34353963872628,-0.051,1
862,-70.92901,862,37396501,-86.08537,35.7274823,-78.6962747,35.34353963872628,-0.051,1
863,-70.92901,863,37396509,-85.38195,35.7274823,-78.6962747,35.34353963872628,-0.051,1
864,-70.92901,864,37396517,-84.926384,35.7274823,-78.6962747,35.34353963872628,-0.051,1
865,-70.92901,865,37396525,-83.16806,35.7274823,-78.6962747,35.34353963872628,-0.051,1
866,-70.92901,866,37396532,-89.902756,35.7274823,-78.6962747,35.34353963872628,-0.051,1
867,-70.92901,867,37396788,-80.08263,35.7274823,-78.6962747,35.34353963872628,-0.051,1
868,-70.92901,868,37396796,-88.70944,35.7274823,-78.6962747,35.34353963872628,-0.051,1
869,-70.92901,869,37396804,-87.13945,35.7274823,-78.6962747,35.34353963872628,-0.051,1
870,-70.92901,870,37396811,-82.58996,35.7274823,-78.6962747,35.34353963872628,-0.051,1
871,-70.92901,871,37396819,-84.76794,35.7274823,-78.6962747,35.34353963872628,-0.051,1
872,-70.92901,872,37396827,-85.68613,35.7274823,-78.6962747,35.34353963872628,-0.051,1
873,-70.92901,873,37396834,-83.449104,35.7274823,-78.6962747,35.34353963872628,-0.051,1
874,-70.92901,874,37396843,-85.466095,35.7274823,-78.6962747,35.34353963872628,-0.051,1
875,-70.92901,875,37397098,-92.48421,35.7274823,-78.6962747,35.34353963872628,-0.051,1
876,-70.92901,876,37397107,-84.626656,35.7274823,-78.6962747,35.34353963872628,-0.051,1
877,-70.92901,877,37397114,-88.50415,35.7274823,-78.6962747,35.34353963872628,-0.051,1
878,-70.92901,878,37397123,-91.269066,35.7274823,-78.6962747,35.34353963872628,-0.051,1
879,-70.92901,879,37397130,-81.25954,35.7274823,-78.6962747,35.34353963872628,-0.051,1
880,-70.92901,880,37397138,-87.513084,35.7274823,-78.6962747,35.34353963872628,-0.051,1
881,-70.92901,881,37397146,-83.93705,35.7274823,-78.6962747,35.34353963872628,-0.051,1
882,-70.92901,882,37397153,-84.90049,35.7274823,-78.6962747,35.34353963872628,-0.051,1
883,-70.92901,883,37397409,-81.555374,35.7274823,-78.6962747,35.34353963872628,-0.021,1
884,-70.92901,884,37397417,-81.65927,35.7274823,-78.6962747,35.34353963872628,-0.021,1
885,-70.92901,885,37397425,-83.48674,35.7274823,-78.6962747,35.34353963872628,-0.021,1
886,-70.92901,886,37397432,-86.287094,35.7274823,-78.6962747,35.34353963872628,-0.021,1
887,-70.92901,887,37397441,-83.106125,35.7274823,-78.6962747,35.34353963872628,-0.021,1
888,-70.92901,888,37397448,-87.64758,35.7274823,-78.6962747,35.34353963872628,-0.021,1
889,-70.92901,889,37397456,-86.0432,35.7274823,-78.6962747,35.34353963872628,-0.021,1
890,-70.92901,890,37397464,-85.19559,35.7274823,-78.6962747,35.34353963872628,-0.021,1
891,-70.92901,891,37397471,-87.98312,35.7274823,-78.6962747,35.34353963872628,-0.021,1
892,-70.92901,892,37397727,-81.81154,35.7274823,-78.6962747,35.34353963872628,-0.021,1
893,-70.92901,893,37397735,-83.109055,35.7274823,-78.6962747,35.34353963872628,-0.021,1
894,-70.92901,894,37397743,-84.51077,35.7274823,-78.6962747,35.34353963872628,-0.021,1
895,-70.92901,895,37397750,-85.71306,35.7274823,-78.6962747,35.34353963872628,-0.021,1
896,-70.92901,896,37397758,-88.508896,35.7274823,-78.6962747,35.34353963872628,-0.021,1
897,-70.92901,897,37397766,-82.53843,35.7274823,-78.6962747,35.34353963872628,-0.021,1
898,-70.92901,898,37397773,-85.24254,35.7274823,-78.6962747,35.34353963872628,-0.021,1
899,-70.92901,899,37397781,-86.28682,35.7274823,-78.6962747,35.34353963872628,-0.021,1
900,-70.92901,900,37398038,-86.093185,35.7274823,-78.6962747,35.34353963872628,-0.021,1
901,-70.92901,901,37398046,-83.96794,35.7274823,-78.6962747,35.34353963872628,-0.021,1
902,-70.92901,902,37398054,-79.76523,35.7274823,-78.6962747,35.34353963872628,-0.021,1
903,-70.92901,903,37398061,-83.284225,35.7274823,-78.6962747,35.34353963872628,-0.021,1
904,-70.92901,904,37398069,-84.22275,35.7274823,-78.6962747,35.34353963872628,-0.021,1
905,-70.92901,905,37398077,-82.87207,35.7274823,-78.6962747,35.34353963872628,-0.021,1
906,-70.92901,906,37398085,-86.23303,35.7274823,-78.6962747,35.34353963872628,-0.021,1
907,-70.92901,907,37398092,-92.55201,35.7274823,-78.6962747,35.34353963872628,-0.021,1
908,-70.92901,908,37398348,-84.06299,35.7274823,-78.6962747,35.34353963872628,-0.021,1
909,-70.92901,909,37398356,-85.54239,35.7274823,-78.6962747,35.34353963872628,-0.021,1
910,-70.92901,910,37398363,-82.815155,35.7274823,-78.6962747,35.34353963872628,-0.021,1
911,-70.92901,911,37398371,-84.563736,35.7274823,-78.6962747,35.34353963872628,0.002,1
912,-70.92901,912,37398379,-88.040924,35.7274823,-78.6962747,35.34353963872628,0.002,1
913,-70.92901,913,37398387,-84.63221,35.7274823,-78.6962747,35.34353963872628,0.002,1
914,-70.92901,914,37398394,-82.4308,35.7274823,-78.6962747,35.34353963872628,0.002,1
915,-70.92901,915,37398402,-83.23633,35.7274823,-78.6962747,35.34353963872628,0.002,1
916,-70.92901,916,37398658,-85.569214,35.7274823,-78.6962747,35.34353963872628,0.002,1
917,-70.92901,917,37398666,-83.82199,35.7274823,-78.6962747,35.34353963872628,0.002,1
918,-70.92901,918,37398673,-82.641495,35.7274823,-78.6962747,35.34353963872628,0.002,1
919,-70.92901,919,37398681,-93.46777,35.7274823,-78.6962747,35.34353963872628,0.002,1
920,-70.92901,920,37398689,-81.10594,35.7274823,-78.6962747,35.34353963872628,0.002,1
921,-70.92901,921,37398697,-83.33586,35.7274823,-78.6962747,35.34353963872628,0.002,1
922,-70.92901,922,37398705,-88.9812,35.7274823,-78.6962747,35.34353963872628,0.002,1
923,-70.92901,923,37398712,-88.41246,35.7274823,-78.6962747,35.34353963872628,0.002,1
924,-70.92901,924,37398968,-83.82548,35.7274823,-78.6962747,35.34353963872628,0.002,1
925,-70.92901,925,37398977,-86.2278,35.7274823,-78.6962747,35.34353963872628,0.002,1
926,-70.92901,926,37398985,-83.60152,35.7274823,-78.6962747,35.34353963872628,0.002,1
927,-70.92901,927,37398992,-90.24832,35.7274823,-78.6962747,35.34353963872628,0.002,1
928,-70.92901,928,37399000,-85.36691,35.7274823,-78.6962747,35.34353963872628,0.002,1
929,-70.92901,929,37399008,-85.71477,35.7274823,-78.6962747,35.34353963872628,0.002,1
930,-70.92901,930,37399015,-85.907974,35.7274823,-78.6962747,35.34353963872628,0.002,1
931,-70.92901,931,37399023,-84.336815,35.7274823,-78.6962747,35.34353963872628,0.002,1
932,-70.92901,932,37399279,-84.93962,35.7274823,-78.6962747,35.34353963872628,0.002,1
933,-70.92901,933,37399287,-86.081604,35.7274823,-78.6962747,35.34353963872628,0.002,1
934,-70.92901,934,37399294,-83.61223,35.7274823,-78.6962747,35.34353963872628,0.002,1
935,-70.92901,935,37399302,-84.727394,35.7274823,-78.6962747,35.34353963872628,0.002,1
936,-70.92901,936,37399310,-89.82142,35.7274823,-78.6962747,35.34353963872628,0.002,1
937,-70.92901,937,37399318,-87.02192,35.7274823,-78.6962747,35.34353963872628,0.002,1
938,-70.92901,938,37399326,-83.05944,35.7274823,-78.6962747,35.34353963872628,0.002,1
939,-70.92901,939,37399333,-86.40932,35.7274823,-78.6962747,35.34353963872628,0.002,1
940,-70.92901,940,37399589,-84.37807,35.7274823,-78.6962747,35.34353963872628,0.007,1
941,-70.92901,941,37399597,-85.001816,35.7274823,-78.6962747,35.34353963872628,0.007,1
942,-70.92901,942,37399605,-87.43318,35.7274823,-78.6962747,35.34353963872628,0.007,1
943,-70.92901,943,37399613,-85.09508,35.7274823,-78.6962747,35.34353963872628,0.007,1
944,-70.92901,944,37399620,-85.61853,35.7274823,-78.6962747,35.34353963872628,0.007,1
945,-70.92901,945,37399628,-84.49463,35.7274823,-78.6962747,35.34353963872628,0.007,1
946,-70.92901,946,37399636,-80.69905,35.7274823,-78.6962747,35.34353963872628,0.007,1
947,-70.92901,947,37399644,-92.66431,35.7274823,-78.6962747,35.34353963872628,0.007,1
948,-70.92901,948,37399651,-82.48155,35.7274823,-78.6962747,35.34353963872628,0.007,1
949,-70.92901,949,37399907,-88.08135,35.7274823,-78.6962747,35.34353963872628,0.007,1
950,-70.92901,950,37399915,-87.1857,35.7274823,-78.6962747,35.34353963872628,0.007,1
951,-70.92901,951,37399923,-81.72755,35.7274823,-78.6962747,35.34353963872628,0.007,1
952,-70.92901,952,37399931,-91.75865,35.7274823,-78.6962747,35.34353963872628,0.007,1
953,-70.92901,953,37399938,-84.57343,35.7274823,-78.6962747,35.34353963872628,0.007,1
954,-70.92901,954,37399946,-87.34894,35.7274823,-78.6962747,35.34353963872628,0.007,1
955,-70.92901,955,37399954,-85.08504,35.7274823,-78.6962747,35.34353963872628,0.007,1
956,-70.92901,956,37399962,-81.50273,35.7274823,-78.6962747,35.34353963872628,0.007,1
957,-70.92901,957,37400218,-85.337074,35.7274823,-78.6962747,35.34353963872628,0.007,1
958,-70.92901,958,37400226,-81.87525,35.7274823,-78.6962747,35.34353963872628,0.007,1
959,-70.92901,959,37400234,-83.24619,35.7274823,-78.6962747,35.34353963872628,0.007,1
960,-70.92901,960,37400241,-84.30131,35.7274823,-78.6962747,35.34353963872628,0.007,1
961,-70.92901,961,37400249,-82.784515,35.7274823,-78.6962747,35.34353963872628,0.007,1
962,-70.92901,962,37400257,-90.28534,35.7274823,-78.6962747,35.34353963872628,0.007,1
963,-70.92901,963,37400265,-85.784225,35.7274823,-78.6962747,35.34353963872628,0.007,1
964,-70.92901,964,37400273,-84.35069,35.7274823,-78.6962747,35.34353963872628,0.007,1
965,-70.92901,965,37400529,-86.62569,35.7274823,-78.6962747,35.34353963872628,-0.001,1
966,-70.92901,966,37400536,-82.019,35.7274823,-78.6962747,35.34353963872628,-0.001,1
967,-70.92901,967,37400544,-95.34222,35.7274823,-78.6962747,35.34353963872628,-0.001,1
968,-70.92901,968,37400552,-88.55711,35.7274823,-78.6962747,35.34353963872628,-0.001,1
969,-70.92901,969,37400559,-83.606445,35.7274823,-78.6962747,35.34353963872628,-0.001,1
970,-70.92901,970,37400568,-88.56749,35.7274823,-78.6962747,35.34353963872628,-0.001,1
971,-70.92901,971,37400575,-84.82355,35.7274823,-78.6962747,35.34353963872628,-0.001,1
972,-70.92901,972,37400583,-83.95118,35.7274823,-78.6962747,35.34353963872628,-0.001,1
973,-70.92901,973,37400839,-84.728485,35.7274823,-78.6962747,35.34353963872628,-0.001,1
974,-70.92901,974,37400846,-81.62911,35.7274823,-78.6962747,35.34353963872628,-0.001,1
975,-70.92901,975,37400856,-79.895485,35.7274823,-78.6962747,35.34353963872628,-0.001,1
976,-70.92901,976,37400863,-81.995056,35.7274823,-78.6962747,35.34353963872628,-0.001,1
977,-70.92901,977,37400871,-84.76958,35.7274823,-78.6962747,35.34353963872628,-0.001,1
978,-70.92901,978,37400878,-87.6819,35.7274823,-78.6962747,35.34353963872628,-0.001,1
979,-70.92901,979,37400886,-84.768524,35.7274823,-78.6962747,35.34353963872628,-0.001,1
980,-70.92901,980,37400894,-82.823074,35.7274823,-78.6962747,35.34353963872628,-0.001,1
981,-70.92901,981,37401150,-81.922676,35.7274823,-78.6962747,35.34353963872628,-0.001,1
982,-70.92901,982,37401157,-89.71089,35.7274823,-78.6962747,35.34353963872628,-0.001,1
983,-70.92901,983,37401165,-84.43202,35.7274823,-78.6962747,35.34353963872628,-0.001,1
984,-70.92901,984,37401173,-85.25531,35.7274823,-78.6962747,35.34353963872628,-0.001,1
985,-70.92901,985,37401181,-85.426796,35.7274823,-78.6962747,35.34353963872628,-0.001,1
986,-70.92901,986,37401189,-86.69379,35.7274823,-78.6962747,35.34353963872628,-0.001,1
987,-70.92901,987,37401196,-91.697235,35.7274823,-78.6962747,35.34353963872628,-0.001,1
988,-70.92901,988,37401204,-90.98332,35.7274823,-78.6962747,35.34353963872628,-0.001,1
989,-70.92901,989,37401460,-84.30383,35.7274823,-78.6962747,35.34353963872628,-0.001,1
990,-70.92901,990,37401467,-79.3499,35.7274823,-78.6962747,35.34353963872628,-0.001,1
991,-70.92901,991,37401475,-87.30426,35.7274823,-78.6962747,35.34353963872628,-0.001,1
992,-70.92901,992,37401483,-86.14006,35.7274823,-78.6962747,35.34353963872628,-0.001,1
993,-70.92901,993,37401491,-84.68199,35.7274823,-78.6962747,35.34353963872628,-0.001,1
994,-70.92901,994,37401499,-89.83843,35.7274823,-78.6962747,35.34353963872628,-0.001,1
995,-70.92901,995,37401507,-84.81969,35.7274823,-78.6962747,35.34353963872628,-0.001,1
996,-70.92901,996,37401514,-84.811615,35.7274823,-78.6962747,35.34353963872628,-0.001,1
997,-70.92901,997,37401770,-92.37268,35.7274823,-78.6962747,35.34353963872628,-0.001,1
998,-70.92901,998,37401777,-86.071205,35.7274823,-78.6962747,35.34353963872628,-0.001,1
999,-70.92901,999,37401785,-85.98033,35.7274823,-78.6962747,35.34353963872628,-0.001,1
1000,-70.92901,1000,37401793,-84.15796,35.7274823,-78.6962747,35.34353963872628,-0.001,1
1001,-70.92901,1001,37401800,-87.31798,35.7274823,-78.6962747,35.34353963872628,-0.001,1
1002,-70.92901,1002,37401809,-84.05741,35.7274823,-78.6962747,35.34353963872628,-0.001,1
1003,-70.92901,1003,37401816,-82.94403,35.7274823,-78.6962747,35.34353963872628,-0.001,1
1004,-70.92901,1004,37401824,-82.110855,35.7274823,-78.6962747,35.34353963872628,-0.001,1
1005,-70.92901,1005,37402080,-83.315895,35.7274823,-78.6962747,35.34353963872628,-0.001,1
1006,-70.92901,1006,37402088,-84.47265,35.7274823,-78.6962747,35.34353963872628,-0.001,1
1007,-70.92901,1007,37402096,-81.70143,35.7274823,-78.6962747,35.34353963872628,-0.001,1
1008,-70.92901,1008,37402103,-81.78311,35.7274823,-78.6962747,35.34353963872628,-0.001,1
1009,-70.92901,1009,37402111,-87.437744,35.7274823,-78.6962747,35.34353963872628,-0.001,1
1010,-70.92901,1010,37402119,-85.06848,35.7274823,-78.6962747,35.34353963872628,-0.001,1
1011,-70.92901,1011,37402127,-88.37583,35.7274823,-78.6962747,35.34353963872628,-0.001,1
1012,-70.92901,1012,37402134,-87.40276,35.7274823,-78.6962747,35.34353963872628,-0.001,1
1013,-70.92901,1013,37402390,-87.102135,35.7274823,-78.6962747,35.34353963872628,-0.001,1
1014,-70.92901,1014,37402398,-88.48265,35.7274823,-78.6962747,35.34353963872628,-0.001,1
1015,-70.92901,1015,37402406,-83.39128,35.7274823,-78.6962747,35.34353963872628,-0.001,1
1016,-70.92901,1016,37402413,-84.99446,35.7274823,-78.6962747,35.34353963872628,-0.001,1
1017,-70.92901,1017,37402421,-80.547104,35.7274823,-78.6962747,35.34353963872628,-0.001,1
1018,-70.92901,1018,37402429,-84.08784,35.7274823,-78.6962747,35.34353963872628,-0.001,1
1019,-70.92901,1019,37402437,-85.54278,35.7274823,-78.6962747,35.34353963872628,-0.001,1
1020,-70.92901,1020,37402445,-85.56148,35.7274823,-78.6962747,35.34353963872628,-0.001,1
1021,-70.92901,1021,37402452,-90.33246,35.7274823,-78.6962747,35.34353963872628,-0.001,1
1022,-70.92901,1022,37402708,-84.401245,35.7274823,-78.6962747,35.34353963872628,-0.001,1
1023,-70.92901,1023,37402716,-86.688614,35.7274823,-78.6962747,35.34353963872628,-0.001,1
1024,-70.92901,1024,37402723,-82.35289,35.7274823,-78.6962747,35.34353963872628,-0.001,1
1025,-70.92901,1025,37402731,-84.59509,35.7274823,-78.6962747,35.34353963872628,-0.001,1
1026,-70.92901,1026,37402739,-86.8208,35.7274823,-78.6962747,35.34353963872628,-0.001,1
1027,-70.92901,1027,37402747,-86.65239,35.7274823,-78.6962747,35.34353963872628,-0.001,1
1028,-70.92901,1028,37402754,-84.593,35.7274823,-78.6962747,35.34353963872628,-0.001,1
1029,-70.92901,1029,37402763,-86.59888,35.7274823,-78.6962747,35.34353963872628,-0.001,1
1030,-70.92901,1030,37403018,-88.120224,35.7274823,-78.6962747,35.34353963872628,-0.001,1
1031,-70.92901,1031,37403026,-81.091644,35.7274823,-78.6962747,35.34353963872628,-0.001,1
1032,-70.92901,1032,37403034,-85.798325,35.7274823,-78.6962747,35.34353963872628,-0.001,1
1033,-70.92901,1033,37403041,-87.14815,35.7274823,-78.6962747,35.34353963872628,-0.001,1
1034,-70.92901,1034,37403049,-82.64091,35.7274823,-78.6962747,35.34353963872628,-0.001,1
1035,-70.92901,1035,37403057,-82.62847,35.7274823,-78.6962747,35.34353963872628,-0.001,1
1036,-70.92901,1036,37403065,-85.77047,35.7274823,-78.6962747,35.34353963872628,-0.001,1
1037,-70.92901,1037,37403072,-88.21622,35.7274823,-78.6962747,35.34353963872628,-0.001,1
1038,-70.92901,1038,37403328,-78.81993,35.7274823,-78.6962747,35.34353963872628,-0.001,1
1039,-70.92901,1039,37403336,-85.80676,35.7274823,-78.6962747,35.34353963872628,-0.001,1
1040,-70.92901,1040,37403344,-81.70929,35.7274823,-78.6962747,35.34353963872628,-0.001,1
1041,-70.92901,1041,37403352,-84.50926,35.7274823,-78.6962747,35.34353963872628,-0.001,1
1042,-70.92901,1042,37403359,-83.99619,35.7274823,-78.6962747,35.34353963872628,-0.001,1
1043,-70.92901,1043,37403367,-88.73193,35.7274823,-78.6962747,35.34353963872628,-0.001,1
1044,-70.92901,1044,37403375,-84.05298,35.7274823,-78.6962747,35.34353963872628,-0.001,1
1045,-70.92901,1045,37403384,-83.97675,35.7274823,-78.6962747,35.34353963872628,-0.001,1
1046,-70.92901,1046,37403640,-84.135574,35.7274823,-78.6962747,35.34353963872628,-0.001,1
1047,-70.92901,1047,37403649,-81.71536,35.7274823,-78.6962747,35.34353963872628,-0.001,1
1048,-70.92901,1048,37403658,-87.17247,35.7274823,-78.6962747,35.34353963872628,-0.001,1
1049,-70.92901,1049,37403667,-84.3416,35.7274823,-78.6962747,35.34353963872628,-0.001,1
1050,-70.92901,1050,37403676,-83.70555,35.7274823,-78.6962747,35.34353963872628,-0.001,1
1051,-70.92901,1051,37403684,-86.43872,35.7274823,-78.6962747,35.34353963872628,-0.001,1
1052,-70.92901,1052,37403693,-84.34088,35.7274823,-78.6962747,35.34353963872628,-0.001,1
1053,-70.92901,1053,37403702,-83.862305,35.7274823,-78.6962747,35.34353963872628,-0.001,1
1054,-70.92901,1054,37403958,-85.51133,35.7274823,-78.6962747,35.34353963872628,-0.001,1
1055,-70.92901,1055,37403967,-80.43997,35.7274823,-78.6962747,35.34353963872628,-0.001,1
1056,-70.92901,1056,37403976,-82.73863,35.7274823,-78.6962747,35.34353963872628,-0.001,1
1057,-70.92901,1057,37403985,-83.52698,35.7274823,-78.6962747,35.34353963872628,-0.001,1
1058,-70.92901,1058,37403994,-85.14664,35.7274823,-78.6962747,35.34353963872628,-0.001,1
1059,-70.92901,1059,37404003,-86.96364,35.7274823,-78.6962747,35.34353963872628,-0.001,1
1060,-70.92901,1060,37404011,-84.844284,35.7274823,-78.6962747,35.34353963872628,-0.001,1
1061,-70.92901,1061,37404020,-83.06144,35.7274823,-78.6962747,35.34353963872628,-0.001,1
1062,-70.92901,1062,37404029,-83.35492,35.7274823,-78.6962747,35.34353963872628,-0.001,1
1063,-70.92901,1063,37404285,-86.60197,35.7274823,-78.6962747,35.34353963872628,-0.001,1
1064,-70.92901,1064,37404295,-84.290726,35.7274823,-78.6962747,35.34353963872628,-0.001,1
1065,-70.92901,1065,37404303,-81.646034,35.7274823,-78.6962747,35.34353963872628,-0.001,1
1066,-70.92901,1066,37404312,-86.95661,35.7274823,-78.6962747,35.34353963872628,-0.001,1
1067,-70.92901,1067,37404321,-100.10536,35.7274823,-78.6962747,35.34353963872628,-0.001,1
1068,-70.92901,1068,37404330,-83.94319,35.7274823,-78.6962747,35.34353963872628,-0.001,1
1069,-70.92901,1069,37404339,-83.188156,35.7274823,-78.6962747,35.34353963872628,-0.001,1
1070,-70.92901,1070,37404348,-81.667656,35.7274823,-78.6962747,35.34353963872628,-0.001,1
1071,-70.92901,1071,37404605,-84.143845,35.7274823,-78.6962747,35.34353963872628,-0.001,1
1072,-70.92901,1072,37404613,-86.97992,35.7274823,-78.6962747,35.34353963872628,-0.001,1
1073,-70.92901,1073,37404622,-84.51033,35.7274823,-78.6962747,35.34353963872628,-0.001,1
1074,-70.92901,1074,37404631,-84.96207,35.7274823,-78.6962747,35.34353963872628,-0.001,1
1075,-70.92901,1075,37404640,-86.37148,35.7274823,-78.6962747,35.34353963872628,-0.001,1
1076,-70.92901,1076,37404649,-80.82181,35.7274823,-78.6962747,35.34353963872628,-0.001,1
1077,-70.92901,1077,37404658,-83.82038,35.7274823,-78.6962747,35.34353963872628,-0.001,1
1078,-70.92901,1078,37404666,-83.39589,35.7274823,-78.6962747,35.34353963872628,-0.001,1
1079,-70.92901,1079,37404675,-82.79408,35.7274823,-78.6962747,35.34353963872628,-0.001,1
1080,-70.92901,1080,37404932,-86.115585,35.7274823,-78.6962747,35.34353963872628,-0.001,1
1081,-70.92901,1081,37404940,-87.32742,35.7274823,-78.6962747,35.34353963872628,-0.001,1
1082,-70.92901,1082,37404950,-83.285614,35.7274823,-78.6962747,35.34353963872628,-0.001,1
1083,-70.92901,1083,37404960,-89.246124,35.7274823,-78.6962747,35.34353963872628,-0.001,1
1084,-70.92901,1084,37404968,-84.42304,35.7274823,-78.6962747,35.34353963872628,-0.001,1
1085,-70.92901,1085,37404977,-85.470436,35.7274823,-78.6962747,35.34353963872628,-0.001,1
1086,-70.92901,1086,37404986,-82.26471,35.7274823,-78.6962747,35.34353963872628,-0.001,1
1087,-70.92901,1087,37404994,-83.287735,35.7274823,-78.6962747,35.34353963872628,-0.001,1
1088,-70.92901,1088,37405250,-84.19328,35.7274823,-78.6962747,35.34353963872628,-0.001,1
1089,-70.92901,1089,37405260,-90.41162,35.7274823,-78.6962747,35.34353963872628,-0.001,1
1090,-70.92901,1090,37405268,-83.02182,35.7274823,-78.6962747,35.34353963872628,-0.001,1
1091,-70.92901,1091,37405277,-79.091125,35.7274823,-78.6962747,35.34353963872628,-0.001,1
1092,-70.92901,1092,37405286,-84.913025,35.7274823,-78.6962747,35.34353963872628,-0.001,1
1093,-70.92901,1093,37405295,-92.59886,35.7274823,-78.6962747,35.34353963872628,-0.001,1
1094,-70.92901,1094,37405303,-85.21906,35.7274823,-78.6962747,35.34353963872628,-0.001,1
1095,-70.92901,1095,37405312,-86.11417,35.7274823,-78.6962747,35.34353963872628,-0.001,1
1096,-70.92901,1096,37405321,-85.205154,35.7274823,-78.6962747,35.34353963872628,-0.001,1
1097,-70.92901,1097,37405577,-82.18121,35.7274823,-78.6962747,35.34353963872628,-0.001,1
1098,-70.92901,1098,37405586,-85.42436,35.7274823,-78.6962747,35.34353963872628,-0.001,1
1099,-70.92901,1099,37405595,-85.145004,35.7274823,-78.6962747,35.34353963872628,-0.001,1
1100,-70.92901,1100,37405604,-84.524284,35.7274823,-78.6962747,35.34353963872628,-0.001,1
1101,-70.92901,1101,37405612,-85.58606,35.7274823,-78.6962747,35.34353963872628,-0.001,1
1102,-70.92901,1102,37405622,-86.99985,35.7274823,-78.6962747,35.34353963872628,-0.001,1
1103,-70.92901,1103,37405631,-90.84148,35.7274823,-78.6962747,35.34353963872628,-0.001,1
1104,-70.92901,1104,37405639,-85.92143,35.7274823,-78.6962747,35.34353963872628,-0.001,1
1105,-70.92901,1105,37405896,-86.901764,35.7274823,-78.6962747,35.34353963872628,-0.001,1
1106,-70.92901,1106,37405904,-89.8712,35.7274823,-78.6962747,35.34353963872628,-0.001,1
1107,-70.92901,1107,37405913,-87.76616,35.7274823,-78.6962747,35.34353963872628,-0.001,1
1108,-70.92901,1108,37405922,-88.39393,35.7274823,-78.6962747,35.34353963872628,-0.001,1
1109,-70.92901,1109,37405931,-89.189926,35.7274823,-78.6962747,35.34353963872628,-0.001,1
1110,-70.92901,1110,37405940,-82.49179,35.7274823,-78.6962747,35.34353963872628,-0.001,1
1111,-70.92901,1111,37405948,-86.38583,35.7274823,-78.6962747,35.34353963872628,-0.001,1
1112,-70.92901,1112,37405957,-81.15196,35.7274823,-78.6962747,35.34353963872628,-0.001,1
1113,-70.92901,1113,37405966,-81.0544,35.7274823,-78.6962747,35.34353963872628,-0.001,1
1114,-70.92901,1114,37406222,-85.58101,35.7274823,-78.6962747,35.34353963872628,-0.001,1
1115,-70.92901,1115,37406230,-80.3253,35.7274823,-78.6962747,35.34353963872628,-0.001,1
1116,-70.92901,1116,37406238,-87.79236,35.7274823,-78.6962747,35.34353963872628,-0.001,1
1117,-70.92901,1117,37406246,-85.82913,35.7274823,-78.6962747,35.34353963872628,-0.001,1
1118,-70.92901,1118,37406254,-86.73786,35.7274823,-78.6962747,35.34353963872628,-0.001,1
1119,-70.92901,1119,37406262,-85.49365,35.7274823,-78.6962747,35.34353963872628,-0.001,1
1120,-70.92901,1120,37406270,-83.99513,35.7274823,-78.6962747,35.34353963872628,-0.001,1
1121,-70.92901,1121,37406279,-84.79001,35.7274823,-78.6962747,35.34353963872628,-0.001,1
1122,-70.92901,1122,37406535,-81.78131,35.7274823,-78.6962747,35.34353963872628,-0.001,1
1123,-70.92901,1123,37406543,-81.97638,35.7274823,-78.6962747,35.34353963872628,-0.001,1
1124,-70.92901,1124,37406551,-83.96394,35.7274823,-78.6962747,35.34353963872628,-0.001,1
1125,-70.92901,1125,37406559,-82.02853,35.7274823,-78.6962747,35.34353963872628,-0.001,1
1126,-70.92901,1126,37406567,-81.50763,35.7274823,-78.6962747,35.34353963872628,-0.001,1
1127,-70.92901,1127,37406575,-83.272285,35.7274823,-78.6962747,35.34353963872628,-0.001,1
1128,-70.92901,1128,37406583,-84.35176,35.7274823,-78.6962747,35.34353963872628,-0.001,1
1129,-70.92901,1129,37406591,-80.289085,35.7274823,-78.6962747,35.34353963872628,-0.001,1
1130,-70.92901,1130,37406847,-87.4552,35.7274823,-78.6962747,35.34353963872628,-0.001,1
1131,-70.92901,1131,37406855,-86.06194,35.7274823,-78.6962747,35.34353963872628,-0.001,1
1132,-70.92901,1132,37406863,-86.54323,35.7274823,-78.6962747,35.34353963872628,-0.001,1
1133,-70.92901,1133,37406871,-84.69351,35.7274823,-78.6962747,35.34353963872628,-0.001,1
1134,-70.92901,1134,37406879,-90.44856,35.7274823,-78.6962747,35.34353963872628,-0.001,1
1135,-70.92901,1135,37406887,-82.32076,35.7274823,-78.6962747,35.34353963872628,-0.001,1
1136,-70.92901,1136,37406895,-85.564064,35.7274823,-78.6962747,35.34353963872628,-0.001,1
1137,-70.92901,1137,37406903,-81.67203,35.7274823,-78.6962747,35.34353963872628,-0.001,1
1138,-70.92901,1138,37407159,-86.47128,35.7274823,-78.6962747,35.34353963872628,-0.001,1
1139,-70.92901,1139,37407167,-81.64177,35.7274823,-78.6962747,35.34353963872628,-0.001,1
1140,-70.92901,1140,37407176,-87.165535,35.7274823,-78.6962747,35.34353963872628,-0.001,1
1141,-70.92901,1141,37407184,-80.64353,35.7274823,-78.6962747,35.34353963872628,-0.001,1
1142,-70.92901,1142,37407192,-80.88842,35.7274823,-78.6962747,35.34353963872628,-0.001,1
1143,-70.92901,1143,37407200,-83.03638,35.7274823,-78.6962747,35.34353963872628,-0.001,1
1144,-70.92901,1144,37407208,-83.79387,35.7274823,-78.6962747,35.34353963872628,-0.001,1
1145,-70.92901,1145,37407216,-83.32065,35.7274823,-78.6962747,35.34353963872628,-0.001,1
1146,-70.92901,1146,37407224,-92.36188,35.7274823,-78.6962747,35.34353963872628,-0.001,1
1147,-70.92901,1147,37407480,-84.28163,35.7274823,-78.6962747,35.34353963872628,-0.001,1
1148,-70.92901,1148,37407488,-86.947075,35.7274823,-78.6962747,35.34353963872628,-0.001,1
1149,-70.92901,1149,37407496,-80.62784,35.7274823,-78.6962747,35.34353963872628,-0.001,1
1150,-70.92901,1150,37407503,-82.463326,35.7274823,-78.6962747,35.34353963872628,-0.001,1
1151,-70.92901,1151,37407512,-84.43205,35.7274823,-78.6962747,35.34353963872628,-0.001,1
1152,-70.92901,1152,37407519,-85.795456,35.7274823,-78.6962747,35.34353963872628,-0.001,1
1153,-70.92901,1153,37407527,-88.5595,35.7274823,-78.6962747,35.34353963872628,-0.001,1
1154,-70.92901,1154,37407535,-87.33771,35.7274823,-78.6962747,35.34353963872628,-0.001,1
1155,-70.92901,1155,37407792,-88.72561,35.7274823,-78.6962747,35.34353963872628,-0.001,1
1156,-70.92901,1156,37407799,-85.76257,35.7274823,-78.6962747,35.34353963872628,-0.001,1
1157,-70.92901,1157,37407807,-83.412125,35.7274823,-78.6962747,35.34353963872628,-0.001,1
1158,-70.92901,1158,37407816,-84.83568,35.7274823,-78.6962747,35.34353963872628,-0.001,1
1159,-70.92901,1159,37407824,-84.66432,35.7274823,-78.6962747,35.34353963872628,-0.001,1
1160,-70.92901,1160,37407832,-84.44235,35.7274823,-78.6962747,35.34353963872628,-0.001,1
1161,-70.92901,1161,37407839,-81.13433,35.7274823,-78.6962747,35.34353963872628,-0.001,1
1162,-70.92901,1162,37407848,-83.97145,35.7274823,-78.6962747,35.34353963872628,-0.001,1
1163,-70.92901,1163,37408103,-82.827515,35.7274823,-78.6962747,35.34353963872628,-0.001,1
1164,-70.92901,1164,37408111,-81.901855,35.7274823,-78.6962747,35.34353963872628,-0.001,1
1165,-70.92901,1165,37408119,-84.64093,35.7274823,-78.6962747,35.34353963872628,-0.001,1
1166,-70.92901,1166,37408127,-84.26897,35.7274823,-78.6962747,35.34353963872628,-0.001,1
1167,-70.92901,1167,37408135,-91.8006,35.7274823,-78.6962747,35.34353963872628,-0.001,1
1168,-70.92901,1168,37408143,-91.575455,35.7274823,-78.6962747,35.34353963872628,-0.001,1
1169,-70.92901,1169,37408151,-82.25811,35.7274823,-78.6962747,35.34353963872628,-0.001,1
1170,-70.92901,1170,37408159,-82.950455,35.7274823,-78.6962747,35.34353963872628,-0.001,1
1171,-70.92901,1171,37408415,-82.11505,35.7274823,-78.6962747,35.34353963872628,-0.001,1
1172,-70.92901,1172,37408423,-86.04245,35.7274823,-78.6962747,35.34353963872628,-0.001,1
1173,-70.92901,1173,37408431,-88.78288,35.7274823,-78.6962747,35.34353963872628,-0.001,1
1174,-70.92901,1174,37408439,-87.19528,35.7274823,-78.6962747,35.34353963872628,-0.001,1
1175,-70.92901,1175,37408446,-87.52832,35.7274823,-78.6962747,35.34353963872628,-0.001,1
1176,-70.92901,1176,37408455,-81.61137,35.7274823,-78.6962747,35.34353963872628,-0.001,1
1177,-70.92901,1177,37408463,-88.65735,35.7274823,-78.6962747,35.34353963872628,-0.001,1
1178,-70.92901,1178,37408471,-86.5379,35.7274823,-78.6962747,35.34353963872628,-0.001,1
1179,-70.92901,1179,37408727,-81.90608,35.7274823,-78.6962747,35.34353963872628,-0.001,1
1180,-70.92901,1180,37408734,-82.194565,35.7274823,-78.6962747,35.34353963872628,-0.001,1
1181,-70.92901,1181,37408743,-88.37714,35.7274823,-78.6962747,35.34353963872628,-0.001,1
1182,-70.92901,1182,37408750,-85.69516,35.7274823,-78.6962747,35.34353963872628,-0.001,1
1183,-70.92901,1183,37408759,-83.43074,35.7274823,-78.6962747,35.34353963872628,-0.001,1
1184,-70.92901,1184,37408766,-83.46866,35.7274823,-78.6962747,35.34353963872628,-0.001,1
1185,-70.92901,1185,37408774,-83.68179,35.7274823,-78.6962747,35.34353963872628,-0.001,1
1186,-70.92901,1186,37408782,-83.8271,35.7274823,-78.6962747,35.34353963872628,-0.001,1
1187,-70.92901,1187,37408790,-83.69172,35.7274823,-78.6962747,35.34353963872628,-0.001,1
1188,-70.92901,1188,37409047,-83.28993,35.7274823,-78.6962747,35.34353963872628,-0.001,1
1189,-70.92901,1189,37409054,-84.273766,35.7274823,-78.6962747,35.34353963872628,-0.001,1
1190,-70.92901,1190,37409062,-81.46968,35.7274823,-78.6962747,35.34353963872628,-0.001,1
1191,-70.92901,1191,37409070,-84.45609,35.7274823,-78.6962747,35.34353963872628,-0.001,1
1192,-70.92901,1192,37409078,-83.96353,35.7274823,-78.6962747,35.34353963872628,-0.001,1
1193,-70.92901,1193,37409086,-86.27661,35.7274823,-78.6962747,35.34353963872628,-0.001,1
1194,-70.92901,1194,37409094,-81.596794,35.7274823,-78.6962747,35.34353963872628,-0.001,1
1195,-70.92901,1195,37409102,-89.16086,35.7274823,-78.6962747,35.34353963872628,-0.001,1
1196,-70.92901,1196,37409358,-84.524925,35.7274823,-78.6962747,35.34353963872628,-0.001,1
1197,-70.92901,1197,37409366,-85.82236,35.7274823,-78.6962747,35.34353963872628,-0.001,1
1198,-70.92901,1198,37409374,-87.349335,35.7274823,-78.6962747,35.34353963872628,-0.001,1
1199,-70.92901,1199,37409382,-83.155045,35.7274823,-78.6962747,35.34353963872628,-0.001,1
1200,-70.92901,1200,37409390,-82.07532,35.7274823,-78.6962747,35.34353963872628,-0.001,1
1201,-70.92901,1201,37409398,-83.65436,35.7274823,-78.6962747,35.34353963872628,-0.001,1
1202,-70.92901,1202,37409406,-83.429565,35.7274823,-78.6962747,35.34353963872628,-0.001,1
1203,-70.92901,1203,37409414,-85.42518,35.7274823,-78.6962747,35.34353963872628,-0.001,1
1204,-70.92901,1204,37409669,-88.16644,35.7274823,-78.6962747,35.34353963872628,-0.001,1
1205,-70.92901,1205,37409677,-81.98157,35.7274823,-78.6962747,35.34353963872628,-0.001,1
1206,-70.92901,1206,37409685,-85.68123,35.7274823,-78.6962747,35.34353963872628,-0.001,1
1207,-70.92901,1207,37409693,-82.39928,35.7274823,-78.6962747,35.34353963872628,-0.001,1
1208,-70.92901,1208,37409701,-84.55095,35.7274823,-78.6962747,35.34353963872628,-0.001,1
1209,-70.92901,1209,37409709,-81.01732,35.7274823,-78.6962747,35.34353963872628,-0.001,1
1210,-70.92901,1210,37409717,-85.99327,35.7274823,-78.6962747,35.34353963872628,-0.001,1
1211,-70.92901,1211,37409725,-86.35106,35.7274823,-78.6962747,35.34353963872628,-0.001,1
1212,-70.92901,1212,37409981,-93.10568,35.7274823,-78.6962747,35.34353963872628,-0.001,1
1213,-70.92901,1213,37409989,-88.41432,35.7274823,-78.6962747,35.34353963872628,-0.001,1
1214,-70.92901,1214,37409998,-89.22252,35.7274823,-78.6962747,35.34353963872628,-0.001,1
1215,-70.92901,1215,37410006,-83.121185,35.7274823,-78.6962747,35.34353963872628,-0.001,1
1216,-70.92901,1216,37410014,-84.79172,35.7274823,-78.6962747,35.34353963872628,-0.001,1
1217,-70.92901,1217,37410022,-82.9888,35.7274823,-78.6962747,35.34353963872628,-0.001,1
1218,-70.92901,1218,37410030,-86.368,35.7274823,-78.6962747,35.34353963872628,-0.001,1
1219,-70.92901,1219,37410038,-89.74588,35.7274823,-78.6962747,35.34353963872628,-0.001,1
1220,-70.92901,1220,37410046,-86.93497,35.7274823,-78.6962747,35.34353963872628,-0.001,1
1221,-70.92901,1221,37410302,-85.09277,35.7274823,-78.6962747,35.34353963872628,-0.001,1
1222,-70.92901,1222,37410310,-89.31273,35.7274823,-78.6962747,35.34353963872628,-0.001,1
1223,-70.92901,1223,37410318,-86.30001,35.7274823,-78.6962747,35.34353963872628,-0.001,1
1224,-70.92901,1224,37410326,-82.82596,35.7274823,-78.6962747,35.34353963872628,-0.001,1
1225,-70.92901,1225,37410334,-81.264404,35.7274823,-78.6962747,35.34353963872628,-0.001,1
1226,-70.92901,1226,37410342,-84.07419,35.7274823,-78.6962747,35.34353963872628,-0.001,1
1227,-70.92901,1227,37410350,-87.5841,35.7274823,-78.6962747,35.34353963872628,-0.001,1
1228,-70.92901,1228,37410358,-86.8089,35.7274823,-78.6962747,35.34353963872628,-0.001,1
1229,-70.92901,1229,37410614,-89.700836,35.7274823,-78.6962747,35.34353963872628,-0.001,1
1230,-70.92901,1230,37410621,-89.023346,35.7274823,-78.6962747,35.34353963872628,-0.001,1
1231,-70.92901,1231,37410630,-86.49942,35.7274823,-78.6962747,35.34353963872628,-0.001,1
1232,-70.92901,1232,37410637,-79.9519,35.7274823,-78.6962747,35.34353963872628,-0.001,1
1233,-70.92901,1233,37410645,-92.82477,35.7274823,-78.6962747,35.34353963872628,-0.001,1
1234,-70.92901,1234,37410653,-84.28343,35.7274823,-78.6962747,35.34353963872628,-0.001,1
1235,-70.92901,1235,37410661,-87.46999,35.7274823,-78.6962747,35.34353963872628,-0.001,1
1236,-70.92901,1236,37410669,-92.160614,35.7274823,-78.6962747,35.34353963872628,-0.001,1
1237,-70.92901,1237,37410925,-86.21624,35.7274823,-78.6962747,35.34353963872628,-0.001,1
1238,-70.92901,1238,37410933,-87.99422,35.7274823,-78.6962747,35.34353963872628,-0.001,1
1239,-70.92901,1239,37410940,-87.63341,35.7274823,-78.6962747,35.34353963872628,-0.001,1
1240,-70.92901,1240,37410949,-83.32593,35.7274823,-78.6962747,35.34353963872628,-0.001,1
1241,-70.92901,1241,37410956,-88.98869,35.7274823,-78.6962747,35.34353963872628,-0.001,1
1242,-70.92901,1242,37410965,-83.405945,35.7274823,-78.6962747,35.34353963872628,-0.001,1
1243,-70.92901,1243,37410972,-85.92569,35.7274823,-78.6962747,35.34353963872628,-0.001,1
1244,-70.92901,1244,37410980,-83.51771,35.7274823,-78.6962747,35.34353963872628,-0.001,1
1245,-70.92901,1245,37411236,-87.4519,35.7274823,-78.6962747,35.34353963872628,-0.001,1
1246,-70.92901,1246,37411244,-83.45635,35.7274823,-78.6962747,35.34353963872628,-0.001,1
1247,-70.92901,1247,37411252,-87.714584,35.7274823,-78.6962747,35.34353963872628,-0.001,1
1248,-70.92901,1248,37411260,-85.70589,35.7274823,-78.6962747,35.34353963872628,-0.001,1
1249,-70.92901,1249,37411268,-81.15126,35.7274823,-78.6962747,35.34353963872628,-0.001,1
1250,-70.92901,1250,37411276,-81.42282,35.7274823,-78.6962747,35.34353963872628,-0.001,1
1251,-70.92901,1251,37411284,-86.980545,35.7274823,-78.6962747,35.34353963872628,-0.001,1
1252,-70.92901,1252,37411291,-87.78735,35.7274823,-78.6962747,35.34353963872628,-0.001,1
1253,-70.92901,1253,37411547,-82.962296,35.7274823,-78.6962747,35.34353963872628,-0.001,1
1254,-70.92901,1254,37411555,-84.30635,35.7274823,-78.6962747,35.34353963872628,-0.001,1
1255,-70.92901,1255,37411563,-83.13776,35.7274823,-78.6962747,35.34353963872628,-0.001,1
1256,-70.92901,1256,37411571,-86.22371,35.7274823,-78.6962747,35.34353963872628,-0.001,1
1257,-70.92901,1257,37411579,-82.70168,35.7274823,-78.6962747,35.34353963872628,-0.001,1
1258,-70.92901,1258,37411587,-85.15874,35.7274823,-78.6962747,35.34353963872628,-0.001,1
1259,-70.92901,1259,37411595,-84.14726,35.7274823,-78.6962747,35.34353963872628,-0.001,1
1260,-70.92901,1260,37411603,-89.261475,35.7274823,-78.6962747,35.34353963872628,-0.001,1
1261,-70.92901,1261,37411611,-83.93637,35.7274823,-78.6962747,35.34353963872628,-0.001,1
1262,-70.92901,1262,37411867,-85.72693,35.7274823,-78.6962747,35.34353963872628,-0.001,1
1263,-70.92901,1263,37411875,-80.423096,35.7274823,-78.6962747,35.34353963872628,-0.001,1
1264,-70.92901,1264,37411883,-82.84767,35.7274823,-78.6962747,35.34353963872628,-0.001,1
1265,-70.92901,1265,37411891,-86.610855,35.7274823,-78.6962747,35.34353963872628,-0.001,1
1266,-70.92901,1266,37411899,-82.61322,35.7274823,-78.6962747,35.34353963872628,-0.001,1
1267,-70.92901,1267,37411907,-81.19943,35.7274823,-78.6962747,35.34353963872628,-0.001,1
1268,-70.92901,1268,37411915,-84.699776,35.7274823,-78.6962747,35.34353963872628,-0.001,1
1269,-70.92901,1269,37411922,-81.678154,35.7274823,-78.6962747,35.34353963872628,-0.001,1
1270,-70.92901,1270,37412179,-91.697495,35.7274823,-78.6962747,35.34353963872628,-0.001,1
1271,-70.92901,1271,37412186,-82.66104,35.7274823,-78.6962747,35.34353963872628,-0.001,1
1272,-70.92901,1272,37412195,-83.458824,35.7274823,-78.6962747,35.34353963872628,-0.001,1
1273,-70.92901,1273,37412202,-87.51517,35.7274823,-78.6962747,35.34353963872628,-0.001,1
1274,-70.92901,1274,37412210,-82.616,35.7274823,-78.6962747,35.34353963872628,-0.001,1
1275,-70.92901,1275,37412218,-85.60483,35.7274823,-78.6962747,35.34353963872628,-0.001,1
1276,-70.92901,1276,37412226,-81.49591,35.7274823,-78.6962747,35.34353963872628,-0.001,1
1277,-70.92901,1277,37412234,-82.74956,35.7274823,-78.6962747,35.34353963872628,-0.001,1
1278,-70.92901,1278,37412490,-83.94968,35.7274823,-78.6962747,35.34353963872628,-0.001,1
1279,-70.92901,1279,37412498,-94.50671,35.7274823,-78.6962747,35.34353963872628,-0.001,1
1280,-70.92901,1280,37412506,-88.26607,35.7274823,-78.6962747,35.34353963872628,-0.001,1
1281,-70.92901,1281,37412514,-85.358795,35.7274823,-78.6962747,35.34353963872628,-0.001,1
1282,-70.92901,1282,37412523,-85.306625,35.7274823,-78.6962747,35.34353963872628,-0.001,1
1283,-70.92901,1283,37412530,-82.97887,35.7274823,-78.6962747,35.34353963872628,-0.001,1
1284,-70.92901,1284,37412538,-87.91088,35.7274823,-78.6962747,35.34353963872628,-0.001,1
1285,-70.92901,1285,37412546,-94.722855,35.7274823,-78.6962747,35.34353963872628,-0.001,1
1286,-70.92901,1286,37412554,-87.83528,35.7274823,-78.6962747,35.34353963872628,-0.001,1
1287,-70.92901,1287,37412810,-84.58363,35.7274823,-78.6962747,35.34353963872628,-0.001,1
1288,-70.92901,1288,37412818,-86.174576,35.7274823,-78.6962747,35.34353963872628,-0.001,1
1289,-70.92901,1289,37412826,-82.978195,35.7274823,-78.6962747,35.34353963872628,-0.001,1
1290,-70.92901,1290,37412834,-79.29116,35.7274823,-78.6962747,35.34353963872628,-0.001,1
1291,-70.92901,1291,37412842,-81.94391,35.7274823,-78.6962747,35.34353963872628,-0.001,1
1292,-70.92901,1292,37412850,-80.955795,35.7274823,-78.6962747,35.34353963872628,-0.001,1
1293,-70.92901,1293,37412858,-85.06399,35.7274823,-78.6962747,35.34353963872628,-0.001,1
1294,-70.92901,1294,37412866,-81.73277,35.7274823,-78.6962747,35.34353963872628,-0.001,1
1295,-70.92901,1295,37413122,-81.243164,35.7274823,-78.6962747,35.34353963872628,-0.001,1
1296,-70.92901,1296,37413129,-88.49136,35.7274823,-78.6962747,35.34353963872628,-0.001,1
1297,-70.92901,1297,37413137,-94.41731,35.7274823,-78.6962747,35.34353963872628,-0.001,1
1298,-70.92901,1298,37413145,-84.73027,35.7274823,-78.6962747,35.34353963872628,-0.001,1
1299,-70.92901,1299,37413153,-82.67758,35.7274823,-78.6962747,35.34353963872628,-0.001,1
1300,-70.92901,1300,37413161,-82.25432,35.7274823,-78.6962747,35.34353963872628,-0.001,1
1301,-70.92901,1301,37413169,-83.20216,35.7274823,-78.6962747,35.34353963872628,-0.001,1
1302,-70.92901,1302,37413177,-87.350006,35.7274823,-78.6962747,35.34353963872628,-0.001,1
1303,-70.92901,1303,37413433,-84.597206,35.7274823,-78.6962747,35.34353963872628,-0.001,1
1304,-70.92901,1304,37413441,-84.63098,35.7274823,-78.6962747,35.34353963872628,-0.001,1
1305,-70.92901,1305,37413449,-84.95659,35.7274823,-78.6962747,35.34353963872628,-0.001,1
1306,-70.92901,1306,37413457,-84.82568,35.7274823,-78.6962747,35.34353963872628,-0.001,1
1307,-70.92901,1307,37413465,-83.28824,35.7274823,-78.6962747,35.34353963872628,-0.001,1
1308,-70.92901,1308,37413473,-87.16764,35.7274823,-78.6962747,35.34353963872628,-0.001,1
1309,-70.92901,1309,37413481,-85.228325,35.7274823,-78.6962747,35.34353963872628,-0.001,1
1310,-70.92901,1310,37413489,-80.59679,35.7274823,-78.6962747,35.34353963872628,-0.001,1
1311,-70.92901,1311,37413745,-82.687386,35.7274823,-78.6962747,35.34353963872628,-0.001,1
1312,-70.92901,1312,37413753,-82.69523,35.7274823,-78.6962747,35.34353963872628,-0.001,1
1313,-70.92901,1313,37413761,-86.714485,35.7274823,-78.6962747,35.34353963872628,-0.001,1
1314,-70.92901,1314,37413769,-86.4556,35.7274823,-78.6962747,35.34353963872628,-0.001,1
1315,-70.92901,1315,37413777,-83.42531,35.7274823,-78.6962747,35.34353963872628,-0.001,1
1316,-70.92901,1316,37413785,-87.53621,35.7274823,-78.6962747,35.34353963872628,-0.001,1
1317,-70.92901,1317,37413793,-86.82002,35.7274823,-78.6962747,35.34353963872628,-0.001,1
1318,-70.92901,1318,37413801,-92.39838,35.7274823,-78.6962747,35.34353963872628,-0.001,1
1319,-70.92901,1319,37414057,-89.42571,35.7274823,-78.6962747,35.34353963872628,-0.001,1
1320,-70.92901,1320,37414065,-84.30676,35.7274823,-78.6962747,35.34353963872628,-0.001,1
1321,-70.92901,1321,37414073,-84.433304,35.7274823,-78.6962747,35.34353963872628,-0.001,1
1322,-70.92901,1322,37414081,-92.68884,35.7274823,-78.6962747,35.34353963872628,-0.001,1
1323,-70.92901,1323,37414089,-81.165855,35.7274823,-78.6962747,35.34353963872628,-0.001,1
1324,-70.92901,1324,37414096,-93.24397,35.7274823,-78.6962747,35.34353963872628,-0.001,1
1325,-70.92901,1325,37414105,-86.45117,35.7274823,-78.6962747,35.34353963872628,-0.001,1
1326,-70.92901,1326,37414112,-87.89421,35.7274823,-78.6962747,35.34353963872628,-0.001,1
1327,-70.92901,1327,37414369,-90.24892,35.7274823,-78.6962747,35.34353963872628,-0.001,1
1328,-70.92901,1328,37414377,-83.74369,35.7274823,-78.6962747,35.34353963872628,-0.001,1
1329,-70.92901,1329,37414385,-84.58467,35.7274823,-78.6962747,35.34353963872628,-0.001,1
1330,-70.92901,1330,37414393,-82.45482,35.7274823,-78.6962747,35.34353963872628,-0.001,1
1331,-70.92901,1331,37414400,-83.991196,35.7274823,-78.6962747,35.34353963872628,-0.001,1
1332,-70.92901,1332,37414408,-83.87313,35.7274823,-78.6962747,35.34353963872628,-0.001,1
1333,-70.92901,1333,37414416,-85.34596,35.7274823,-78.6962747,35.34353963872628,-0.001,1
1334,-70.92901,1334,37414424,-84.44164,35.7274823,-78.6962747,35.34353963872628,-0.001,1
1335,-70.92901,1335,37414432,-83.78499,35.7274823,-78.6962747,35.34353963872628,-0.001,1
1336,-70.92901,1336,37414689,-85.83252,35.7274823,-78.6962747,35.34353963872628,-0.001,1
1337,-70.92901,1337,37414697,-80.95759,35.7274823,-78.6962747,35.34353963872628,-0.001,1
1338,-70.92901,1338,37414704,-85.91577,35.7274823,-78.6962747,35.34353963872628,-0.001,1
1339,-70.92901,1339,37414713,-93.09938,35.7274823,-78.6962747,35.34353963872628,-0.001,1
1340,-70.92901,1340,37414720,-82.93884,35.7274823,-78.6962747,35.34353963872628,-0.001,1
1341,-70.92901,1341,37414728,-86.629105,35.7274823,-78.6962747,35.34353963872628,-0.001,1
1342,-70.92901,1342,37414736,-84.29758,35.7274823,-78.6962747,35.34353963872628,-0.001,1
1343,-70.92901,1343,37414745,-85.30405,35.7274823,-78.6962747,35.34353963872628,-0.001,1
1344,-70.92901,1344,37415001,-81.772125,35.7274823,-78.6962747,35.34353963872628,-0.001,1
1345,-70.92901,1345,37415009,-81.89654,35.7274823,-78.6962747,35.34353963872628,-0.001,1
1346,-70.92901,1346,37415017,-89.10194,35.7274823,-78.6962747,35.34353963872628,-0.001,1
1347,-70.92901,1347,37415024,-85.27432,35.7274823,-78.6962747,35.34353963872628,-0.001,1
1348,-70.92901,1348,37415032,-79.630005,35.7274823,-78.6962747,35.34353963872628,-0.001,1
1349,-70.92901,1349,37415041,-84.39169,35.7274823,-78.6962747,35.34353963872628,-0.001,1
1350,-70.92901,1350,37415049,-89.98206,35.7274823,-78.6962747,35.34353963872628,-0.001,1
1351,-70.92901,1351,37415056,-88.2026,35.7274823,-78.6962747,35.34353963872628,-0.001,1
1352,-70.92901,1352,37415313,-83.20401,35.7274823,-78.6962747,35.34353963872628,-0.001,1
1353,-70.92901,1353,37415320,-83.776535,35.7274823,-78.6962747,35.34353963872628,-0.001,1
1354,-70.92901,1354,37415328,-85.18154,35.7274823,-78.6962747,35.34353963872628,-0.001,1
1355,-70.92901,1355,37415336,-85.36658,35.7274823,-78.6962747,35.34353963872628,-0.001,1
1356,-70.92901,1356,37415344,-87.171265,35.7274823,-78.6962747,35.34353963872628,-0.001,1
1357,-70.92901,1357,37415352,-92.236786,35.7274823,-78.6962747,35.34353963872628,-0.001,1
1358,-70.92901,1358,37415360,-89.69478,35.7274823,-78.6962747,35.34353963872628,-0.001,1
1359,-70.92901,1359,37415368,-85.219955,35.7274823,-78.6962747,35.34353963872628,-0.001,1
1360,-70.92901,1360,37415624,-84.47859,35.7274823,-78.6962747,35.34353963872628,-0.001,1
1361,-70.92901,1361,37415632,-84.28529,35.7274823,-78.6962747,35.34353963872628,-0.001,1
1362,-70.92901,1362,37415640,-91.11303,35.7274823,-78.6962747,35.34353963872628,-0.001,1
1363,-70.92901,1363,37415648,-88.42155,35.7274823,-78.6962747,35.34353963872628,-0.001,1
1364,-70.92901,1364,37415656,-83.14177,35.7274823,-78.6962747,35.34353963872628,-0.001,1
1365,-70.92901,1365,37415663,-84.486206,35.7274823,-78.6962747,35.34353963872628,-0.001,1
1366,-70.92901,1366,37415672,-85.43062,35.7274823,-78.6962747,35.34353963872628,-0.001,1
1367,-70.92901,1367,37415679,-86.088135,35.7274823,-78.6962747,35.34353963872628,-0.001,1
1368,-70.92901,1368,37415687,-85.027245,35.7274823,-78.6962747,35.34353963872628,-0.001,1
1369,-70.92901,1369,37415944,-82.59926,35.7274823,-78.6962747,35.34353963872628,-0.001,1
1370,-70.92901,1370,37415951,-82.84403,35.7274823,-78.6962747,35.34353963872628,-0.001,1
1371,-70.92901,1371,37415960,-81.94557,35.7274823,-78.6962747,35.34353963872628,-0.001,1
1372,-70.92901,1372,37415969,-88.33588,35.7274823,-78.6962747,35.34353963872628,-0.001,1
1373,-70.92901,1373,37415976,-88.30212,35.7274823,-78.6962747,35.34353963872628,-0.001,1
1374,-70.92901,1374,37415984,-85.30605,35.7274823,-78.6962747,35.34353963872628,-0.001,1
1375,-70.92901,1375,37415992,-91.05249,35.7274823,-78.6962747,35.34353963872628,-0.001,1
1376,-70.92901,1376,37416000,-83.4491,35.7274823,-78.6962747,35.34353963872628,-0.001,1
1377,-70.92901,1377,37416256,-81.84081,35.7274823,-78.6962747,35.34353963872628,-0.001,1
1378,-70.92901,1378,37416264,-81.649506,35.7274823,-78.6962747,35.34353963872628,-0.001,1
1379,-70.92901,1379,37416272,-90.00346,35.7274823,-78.6962747,35.34353963872628,-0.001,1
1380,-70.92901,1380,37416280,-87.98967,35.7274823,-78.6962747,35.34353963872628,-0.001,1
1381,-70.92901,1381,37416288,-84.77518,35.7274823,-78.6962747,35.34353963872628,-0.001,1
1382,-70.92901,1382,37416296,-83.60368,35.7274823,-78.6962747,35.34353963872628,-0.001,1
1383,-70.92901,1383,37416304,-80.03786,35.7274823,-78.6962747,35.34353963872628,-0.001,1
1384,-70.92901,1384,37416312,-83.660995,35.7274823,-78.6962747,35.34353963872628,-0.001,1
1385,-70.92901,1385,37416568,-83.35268,35.7274823,-78.6962747,35.34353963872628,-0.001,1
1386,-70.92901,1386,37416575,-83.08186,35.7274823,-78.6962747,35.34353963872628,-0.001,1
1387,-70.92901,1387,37416583,-85.028984,35.7274823,-78.6962747,35.34353963872628,-0.001,1
1388,-70.92901,1388,37416591,-87.66756,35.7274823,-78.6962747,35.34353963872628,-0.001,1
1389,-70.92901,1389,37416599,-84.170135,35.7274823,-78.6962747,35.34353963872628,-0.001,1
1390,-70.92901,1390,37416607,-81.28234,35.7274823,-78.6962747,35.34353963872628,-0.001,1
1391,-70.92901,1391,37416615,-81.47542,35.7274823,-78.6962747,35.34353963872628,-0.001,1
1392,-70.92901,1392,37416623,-85.48112,35.7274823,-78.6962747,35.34353963872628,-0.001,1
1393,-70.92901,1393,37416879,-84.23837,35.7274823,-78.6962747,35.34353963872628,-0.001,1
1394,-70.92901,1394,37416887,-89.18077,35.7274823,-78.6962747,35.34353963872628,-0.001,1
1395,-70.92901,1395,37416895,-85.370056,35.7274823,-78.6962747,35.34353963872628,-0.001,1
1396,-70.92901,1396,37416903,-85.62813,35.7274823,-78.6962747,35.34353963872628,-0.001,1
1397,-70.92901,1397,37416911,-92.734375,35.7274823,-78.6962747,35.34353963872628,-0.001,1
1398,-70.92901,1398,37416919,-86.24472,35.7274823,-78.6962747,35.34353963872628,-0.001,1
1399,-70.92901,1399,37416928,-81.94216,35.7274823,-78.6962747,35.34353963872628,-0.001,1
1400,-70.92901,1400,37416936,-82.68126,35.7274823,-78.6962747,35.34353963872628,-0.001,1
1401,-70.92901,1401,37417191,-90.10364,35.7274823,-78.6962747,35.34353963872628,-0.001,1
1402,-70.92901,1402,37417199,-81.32512,35.7274823,-78.6962747,35.34353963872628,-0.001,1
1403,-70.92901,1403,37417207,-84.282585,35.7274823,-78.6962747,35.34353963872628,-0.001,1
1404,-70.92901,1404,37417215,-84.64781,35.7274823,-78.6962747,35.34353963872628,-0.001,1
1405,-70.92901,1405,37417223,-92.8546,35.7274823,-78.6962747,35.34353963872628,-0.001,1
1406,-70.92901,1406,37417231,-84.86312,35.7274823,-78.6962747,35.34353963872628,-0.001,1
1407,-70.92901,1407,37417239,-83.64037,35.7274823,-78.6962747,35.34353963872628,-0.001,1
1408,-70.92901,1408,37417247,-84.60857,35.7274823,-78.6962747,35.34353963872628,-0.001,1
1409,-70.92901,1409,37417255,-82.39092,35.7274823,-78.6962747,35.34353963872628,-0.001,1
1410,-70.92901,1410,37417511,-80.444725,35.7274823,-78.6962747,35.34353963872628,-0.001,1
1411,-70.92901,1411,37417519,-79.237,35.7274823,-78.6962747,35.34353963872628,-0.001,1
1412,-70.92901,1412,37417527,-90.817505,35.7274823,-78.6962747,35.34353963872628,-0.001,1
1413,-70.92901,1413,37417535,-82.97601,35.7274823,-78.6962747,35.34353963872628,-0.001,1
1414,-70.92901,1414,37417543,-82.12057,35.7274823,-78.6962747,35.34353963872628,-0.001,1
1415,-70.92901,1415,37417551,-84.29002,35.7274823,-78.6962747,35.34353963872628,-0.001,1
1416,-70.92901,1416,37417559,-85.73938,35.7274823,-78.6962747,35.34353963872628,-0.001,1
1417,-70.92901,1417,37417567,-83.818405,35.7274823,-78.6962747,35.34353963872628,-0.001,1
1418,-70.92901,1418,37417823,-89.98129,35.7274823,-78.6962747,35.34353963872628,-0.001,1
1419,-70.92901,1419,37417831,-84.2419,35.7274823,-78.6962747,35.34353963872628,-0.001,1
1420,-70.92901,1420,37417839,-87.574776,35.7274823,-78.6962747,35.34353963872628,-0.001,1
1421,-70.92901,1421,37417847,-84.10713,35.7274823,-78.6962747,35.34353963872628,-0.001,1
1422,-70.92901,1422,37417855,-87.38522,35.7274823,-78.6962747,35.34353963872628,-0.001,1
1423,-70.92901,1423,37417863,-81.31836,35.7274823,-78.6962747,35.34353963872628,-0.001,1
1424,-70.92901,1424,37417871,-84.24606,35.7274823,-78.6962747,35.34353963872628,-0.001,1
1425,-70.92901,1425,37417879,-82.10199,35.7274823,-78.6962747,35.34353963872628,-0.001,1
1426,-70.92901,1426,37418135,-82.42609,35.7274823,-78.6962747,35.34353963872628,-0.001,1
1427,-70.92901,1427,37418143,-87.219025,35.7274823,-78.6962747,35.34353963872628,-0.001,1
1428,-70.92901,1428,37418151,-83.26915,35.7274823,-78.6962747,35.34353963872628,-0.001,1
1429,-70.92901,1429,37418159,-90.53677,35.7274823,-78.6962747,35.34353963872628,-0.001,1
1430,-70.92901,1430,37418167,-87.02153,35.7274823,-78.6962747,35.34353963872628,-0.001,1
1431,-70.92901,1431,37418175,-85.1555,35.7274823,-78.6962747,35.34353963872628,-0.001,1
1432,-70.92901,1432,37418183,-88.53141,35.7274823,-78.6962747,35.34353963872628,-0.001,1
1433,-70.92901,1433,37418191,-84.77803,35.7274823,-78.6962747,35.34353963872628,-0.001,1
1434,-70.92901,1434,37418446,-86.246414,35.7274823,-78.6962747,35.34353963872628,-0.001,1
1435,-70.92901,1435,37418455,-87.75981,35.7274823,-78.6962747,35.34353963872628,-0.001,1
1436,-70.92901,1436,37418462,-82.756775,35.7274823,-78.6962747,35.34353963872628,-0.001,1
1437,-70.92901,1437,37418471,-87.21075,35.7274823,-78.6962747,35.34353963872628,-0.001,1
1438,-70.92901,1438,37418478,-84.4406,35.7274823,-78.6962747,35.34353963872628,-0.001,1
1439,-70.92901,1439,37418487,-83.8831,35.7274823,-78.6962747,35.34353963872628,-0.001,1
1440,-70.92901,1440,37418494,-84.163086,35.7274823,-78.6962747,35.34353963872628,-0.001,1
1441,-70.92901,1441,37418502,-85.46019,35.7274823,-78.6962747,35.34353963872628,-0.001,1
1442,-70.92901,1442,37418758,-87.45144,35.7274823,-78.6962747,35.34353963872628,-0.001,1
1443,-70.92901,1443,37418766,-82.722115,35.7274823,-78.6962747,35.34353963872628,-0.001,1
1444,-70.92901,1444,37418774,-85.89584,35.7274823,-78.6962747,35.34353963872628,-0.001,1
1445,-70.92901,1445,37418782,-85.7688,35.7274823,-78.6962747,35.34353963872628,-0.001,1
1446,-70.92901,1446,37418790,-85.138245,35.7274823,-78.6962747,35.34353963872628,-0.001,1
1447,-70.92901,1447,37418798,-93.36877,35.7274823,-78.6962747,35.34353963872628,-0.001,1
1448,-70.92901,1448,37418806,-82.701416,35.7274823,-78.6962747,35.34353963872628,-0.001,1
1449,-70.92901,1449,37418814,-85.51329,35.7274823,-78.6962747,35.34353963872628,-0.001,1
1450,-70.92901,1450,37418822,-91.350586,35.7274823,-78.6962747,35.34353963872628,-0.001,1
1451,-70.92901,1451,37419078,-85.57927,35.7274823,-78.6962747,35.34353963872628,-0.001,1
1452,-70.92901,1452,37419086,-84.87584,35.7274823,-78.6962747,35.34353963872628,-0.001,1
1453,-70.92901,1453,37419094,-85.56874,35.7274823,-78.6962747,35.34353963872628,-0.001,1
1454,-70.92901,1454,37419102,-86.96591,35.7274823,-78.6962747,35.34353963872628,-0.001,1
1455,-70.92901,1455,37419110,-81.003494,35.7274823,-78.6962747,35.34353963872628,-0.001,1
1456,-70.92901,1456,37419118,-86.19458,35.7274823,-78.6962747,35.34353963872628,-0.001,1
1457,-70.92901,1457,37419126,-89.40583,35.7274823,-78.6962747,35.34353963872628,-0.001,1
1458,-70.92901,1458,37419134,-79.66299,35.7274823,-78.6962747,35.34353963872628,-0.001,1
1459,-70.92901,1459,37419390,-82.50745,35.7274823,-78.6962747,35.34353963872628,-0.001,1
1460,-70.92901,1460,37419398,-83.59206,35.7274823,-78.6962747,35.34353963872628,-0.001,1
1461,-70.92901,1461,37419406,-88.415535,35.7274823,-78.6962747,35.34353963872628,-0.001,1
1462,-70.92901,1462,37419414,-83.188705,35.7274823,-78.6962747,35.34353963872628,-0.001,1
1463,-70.92901,1463,37419421,-84.37389,35.7274823,-78.6962747,35.34353963872628,-0.001,1
1464,-70.92901,1464,37419429,-85.0838,35.7274823,-78.6962747,35.34353963872628,-0.001,1
1465,-70.92901,1465,37419437,-85.67052,35.7274823,-78.6962747,35.34353963872628,-0.001,1
1466,-70.92901,1466,37419445,-88.0717,35.7274823,-78.6962747,35.34353963872628,-0.001,1
1467,-70.92901,1467,37419701,-84.547745,35.7274823,-78.6962747,35.34353963872628,-0.001,1
1468,-70.92901,1468,37419709,-86.698654,35.7274823,-78.6962747,35.34353963872628,-0.001,1
1469,-70.92901,1469,37419717,-84.45728,35.7274823,-78.6962747,35.34353963872628,-0.001,1
1470,-70.92901,1470,37419725,-85.47676,35.7274823,-78.6962747,35.34353963872628,-0.001,1
1471,-70.92901,1471,37419733,-78.90622,35.7274823,-78.6962747,35.34353963872628,-0.001,1
1472,-70.92901,1472,37419741,-86.7435,35.7274823,-78.6962747,35.34353963872628,-0.001,1
1473,-70.92901,1473,37419749,-83.67634,35.7274823,-78.6962747,35.34353963872628,-0.001,1
1474,-70.92901,1474,37419757,-89.48657,35.7274823,-78.6962747,35.34353963872628,-0.001,1
1475,-70.92901,1475,37420013,-92.13321,35.7274823,-78.6962747,35.34353963872628,-0.001,1
1476,-70.92901,1476,37420021,-86.461075,35.7274823,-78.6962747,35.34353963872628,-0.001,1
1477,-70.92901,1477,37420029,-84.68155,35.7274823,-78.6962747,35.34353963872628,-0.001,1
1478,-70.92901,1478,37420037,-87.66328,35.7274823,-78.6962747,35.34353963872628,-0.001,1
1479,-70.92901,1479,37420045,-84.17479,35.7274823,-78.6962747,35.34353963872628,-0.001,1
1480,-70.92901,1480,37420052,-86.320496,35.7274823,-78.6962747,35.34353963872628,-0.001,1
1481,-70.92901,1481,37420061,-85.150635,35.7274823,-78.6962747,35.34353963872628,-0.001,1
1482,-70.92901,1482,37420068,-84.526985,35.7274823,-78.6962747,35.34353963872628,-0.001,1
1483,-70.92901,1483,37420324,-82.15915,35.7274823,-78.6962747,35.34353963872628,-0.001,1
1484,-70.92901,1484,37420332,-83.274666,35.7274823,-78.6962747,35.34353963872628,-0.001,1
1485,-70.92901,1485,37420340,-82.11377,35.7274823,-78.6962747,35.34353963872628,-0.001,1
1486,-70.92901,1486,37420348,-83.70257,35.7274823,-78.6962747,35.34353963872628,-0.001,1
1487,-70.92901,1487,37420356,-86.15491,35.7274823,-78.6962747,35.34353963872628,-0.001,1
1488,-70.92901,1488,37420364,-82.39816,35.7274823,-78.6962747,35.34353963872628,-0.001,1
1489,-70.92901,1489,37420372,-83.02918,35.7274823,-78.6962747,35.34353963872628,-0.001,1
1490,-70.92901,1490,37420380,-89.20412,35.7274823,-78.6962747,35.34353963872628,-0.001,1
1491,-70.92901,1491,37420388,-88.57439,35.7274823,-78.6962747,35.34353963872628,-0.001,1
1492,-70.92901,1492,37420644,-84.76155,35.7274823,-78.6962747,35.34353963872628,-0.001,1
1493,-70.92901,1493,37420652,-78.824615,35.7274823,-78.6962747,35.34353963872628,-0.001,1
1494,-70.92901,1494,37420660,-87.50923,35.7274823,-78.6962747,35.34353963872628,-0.001,1
1495,-70.92901,1495,37420668,-88.03352,35.7274823,-78.6962747,35.34353963872628,-0.001,1
1496,-70.92901,1496,37420676,-85.77166,35.7274823,-78.6962747,35.34353963872628,-0.001,1
1497,-70.92901,1497,37420684,-82.81444,35.7274823,-78.6962747,35.34353963872628,-0.001,1
1498,-70.92901,1498,37420692,-87.565,35.7274823,-78.6962747,35.34353963872628,-0.001,1
1499,-70.92901,1499,37420700,-83.021835,35.7274823,-78.6962747,35.34353963872628,-0.001,1
1500,-70.92901,1500,37420956,-87.95856,35.7274823,-78.6962747,35.34353963872628,-0.001,1
1501,-70.92901,1501,37420964,-91.222595,35.7274823,-78.6962747,35.34353963872628,-0.001,1
1502,-70.92901,1502,37420972,-86.22429,35.7274823,-78.6962747,35.34353963872628,-0.001,1
1503,-70.92901,1503,37420979,-81.7348,35.7274823,-78.6962747,35.34353963872628,-0.001,1
1504,-70.92901,1504,37420988,-85.7726,35.7274823,-78.6962747,35.34353963872628,-0.001,1
1505,-70.92901,1505,37420995,-86.65404,35.7274823,-78.6962747,35.34353963872628,-0.001,1
1506,-70.92901,1506,37421004,-85.8978,35.7274823,-78.6962747,35.34353963872628,-0.001,1
1507,-70.92901,1507,37421011,-87.03372,35.7274823,-78.6962747,35.34353963872628,-0.001,1
1508,-70.92901,1508,37421268,-90.82636,35.7274823,-78.6962747,35.34353963872628,-0.001,1
1509,-70.92901,1509,37421275,-85.23,35.7274823,-78.6962747,35.34353963872628,-0.001,1
1510,-70.92901,1510,37421283,-86.72865,35.7274823,-78.6962747,35.34353963872628,-0.001,1
1511,-70.92901,1511,37421291,-80.60843,35.7274823,-78.6962747,35.34353963872628,-0.001,1
1512,-70.92901,1512,37421299,-82.59076,35.7274823,-78.6962747,35.34353963872628,-0.001,1
1513,-70.92901,1513,37421307,-84.06128,35.7274823,-78.6962747,35.34353963872628,-0.001,1
1514,-70.92901,1514,37421315,-80.57048,35.7274823,-78.6962747,35.34353963872628,-0.001,1
1515,-70.92901,1515,37421323,-82.11955,35.7274823,-78.6962747,35.34353963872628,-0.001,1
1516,-70.92901,1516,37421579,-104.65305,35.7274823,-78.6962747,35.34353963872628,-0.001,1
1517,-70.92901,1517,37421587,-83.40086,35.7274823,-78.6962747,35.34353963872628,-0.001,1
1518,-70.92901,1518,37421595,-84.42174,35.7274823,-78.6962747,35.34353963872628,-0.001,1
1519,-70.92901,1519,37421603,-84.63204,35.7274823,-78.6962747,35.34353963872628,-0.001,1
1520,-70.92901,1520,37421611,-85.62178,35.7274823,-78.6962747,35.34353963872628,-0.001,1
1521,-70.92901,1521,37421619,-78.794235,35.7274823,-78.6962747,35.34353963872628,-0.001,1
1522,-70.92901,1522,37421627,-85.8411,35.7274823,-78.6962747,35.34353963872628,-0.001,1
1523,-70.92901,1523,37421635,-80.72693,35.7274823,-78.6962747,35.34353963872628,-0.001,1
1524,-70.92901,1524,37421891,-81.99645,35.7274823,-78.6962747,35.34353963872628,-0.001,1
1525,-70.92901,1525,37421899,-88.3886,35.7274823,-78.6962747,35.34353963872628,-0.001,1
1526,-70.92901,1526,37421907,-85.24623,35.7274823,-78.6962747,35.34353963872628,-0.001,1
1527,-70.92901,1527,37421915,-84.34829,35.7274823,-78.6962747,35.34353963872628,-0.001,1
1528,-70.92901,1528,37421923,-85.97926,35.7274823,-78.6962747,35.34353963872628,-0.001,1
1529,-70.92901,1529,37421931,-82.03807,35.7274823,-78.6962747,35.34353963872628,-0.001,1
1530,-70.92901,1530,37421939,-89.39677,35.7274823,-78.6962747,35.34353963872628,-0.001,1
1531,-70.92901,1531,37421947,-84.181076,35.7274823,-78.6962747,35.34353963872628,-0.001,1
1532,-70.92901,1532,37421955,-85.8789,35.7274823,-78.6962747,35.34353963872628,-0.001,1
1533,-70.92901,1533,37422211,-83.11432,35.7274823,-78.6962747,35.34353963872628,-0.001,1
1534,-70.92901,1534,37422219,-81.368324,35.7274823,-78.6962747,35.34353963872628,-0.001,1
1535,-70.92901,1535,37422227,-80.89287,35.7274823,-78.6962747,35.34353963872628,-0.001,1
1536,-70.92901,1536,37422235,-81.01056,35.7274823,-78.6962747,35.34353963872628,-0.001,1
1537,-70.92901,1537,37422243,-89.46178,35.7274823,-78.6962747,35.34353963872628,-0.001,1
1538,-70.92901,1538,37422251,-87.34578,35.7274823,-78.6962747,35.34353963872628,-0.001,1
1539,-70.92901,1539,37422259,-83.42712,35.7274823,-78.6962747,35.34353963872628,-0.001,1
1540,-70.92901,1540,37422267,-83.60608,35.7274823,-78.6962747,35.34353963872628,-0.001,1
1541,-70.92901,1541,37422523,-83.78577,35.7274823,-78.6962747,35.34353963872628,-0.001,1
1542,-70.92901,1542,37422530,-90.57983,35.7274823,-78.6962747,35.34353963872628,-0.001,1
1543,-70.92901,1543,37422539,-89.152145,35.7274823,-78.6962747,35.34353963872628,-0.001,1
1544,-70.92901,1544,37422546,-86.09494,35.7274823,-78.6962747,35.34353963872628,-0.001,1
1545,-70.92901,1545,37422555,-83.99702,35.7274823,-78.6962747,35.34353963872628,-0.001,1
1546,-70.92901,1546,37422562,-85.874985,35.7274823,-78.6962747,35.34353963872628,-0.001,1
1547,-70.92901,1547,37422571,-90.50937,35.7274823,-78.6962747,35.34353963872628,-0.001,1
1548,-70.92901,1548,37422578,-86.795685,35.7274823,-78.6962747,35.34353963872628,-0.001,1
1549,-70.92901,1549,37422834,-84.63746,35.7274823,-78.6962747,35.34353963872628,-0.001,1
1550,-70.92901,1550,37422842,-83.00304,35.7274823,-78.6962747,35.34353963872628,-0.001,1
1551,-70.92901,1551,37422850,-79.786514,35.7274823,-78.6962747,35.34353963872628,-0.001,1
1552,-70.92901,1552,37422858,-82.797485,35.7274823,-78.6962747,35.34353963872628,-0.001,1
1553,-70.92901,1553,37422866,-82.56848,35.7274823,-78.6962747,35.34353963872628,-0.001,1
1554,-70.92901,1554,37422874,-82.55386,35.7274823,-78.6962747,35.34353963872628,-0.001,1
1555,-70.92901,1555,37422882,-84.615486,35.7274823,-78.6962747,35.34353963872628,-0.001,1
1556,-70.92901,1556,37422890,-85.34525,35.7274823,-78.6962747,35.34353963872628,-0.001,1
1557,-70.92901,1557,37423146,-85.79945,35.7274823,-78.6962747,35.34353963872628,-0.001,1
1558,-70.92901,1558,37423154,-83.9658,35.7274823,-78.6962747,35.34353963872628,-0.001,1
1559,-70.92901,1559,37423162,-87.25743,35.7274823,-78.6962747,35.34353963872628,-0.001,1
1560,-70.92901,1560,37423169,-87.69974,35.7274823,-78.6962747,35.34353963872628,-0.001,1
1561,-70.92901,1561,37423178,-83.32779,35.7274823,-78.6962747,35.34353963872628,-0.001,1
1562,-70.92901,1562,37423185,-85.32085,35.7274823,-78.6962747,35.34353963872628,-0.001,1
1563,-70.92901,1563,37423194,-85.35274,35.7274823,-78.6962747,35.34353963872628,-0.001,1
1564,-70.92901,1564,37423201,-84.03235,35.7274823,-78.6962747,35.34353963872628,-0.001,1
1565,-70.92901,1565,37423457,-82.49257,35.7274823,-78.6962747,35.34353963872628,-0.001,1
1566,-70.92901,1566,37423465,-89.00068,35.7274823,-78.6962747,35.34353963872628,-0.001,1
1567,-70.92901,1567,37423473,-97.320984,35.7274823,-78.6962747,35.34353963872628,-0.001,1
1568,-70.92901,1568,37423481,-84.534744,35.7274823,-78.6962747,35.34353963872628,-0.001,1
1569,-70.92901,1569,37423489,-86.75964,35.7274823,-78.6962747,35.34353963872628,-0.001,1
1570,-70.92901,1570,37423497,-84.30875,35.7274823,-78.6962747,35.34353963872628,-0.001,1
1571,-70.92901,1571,37423505,-83.17741,35.7274823,-78.6962747,35.34353963872628,-0.001,1
1572,-70.92901,1572,37423513,-103.061874,35.7274823,-78.6962747,35.34353963872628,-0.001,1
1573,-70.92901,1573,37423521,-82.33039,35.7274823,-78.6962747,35.34353963872628,-0.001,1
1574,-70.92901,1574,37423777,-83.598595,35.7274823,-78.6962747,35.34353963872628,-0.001,1
1575,-70.92901,1575,37423785,-79.504654,35.7274823,-78.6962747,35.34353963872628,-0.001,1
1576,-70.92901,1576,37423793,-88.2565,35.7274823,-78.6962747,35.34353963872628,-0.001,1
1577,-70.92901,1577,37423801,-86.48096,35.7274823,-78.6962747,35.34353963872628,-0.001,1
1578,-70.92901,1578,37423808,-90.71866,35.7274823,-78.6962747,35.34353963872628,-0.001,1
1579,-70.92901,1579,37423817,-88.264694,35.7274823,-78.6962747,35.34353963872628,-0.001,1
1580,-70.92901,1580,37423825,-86.14019,35.7274823,-78.6962747,35.34353963872628,-0.001,1
1581,-70.92901,1581,37423833,-81.96287,35.7274823,-78.6962747,35.34353963872628,-0.001,1
1582,-70.92901,1582,37424089,-86.084755,35.7274823,-78.6962747,35.34353963872628,-0.001,1
1583,-70.92901,1583,37424096,-85.47921,35.7274823,-78.6962747,35.34353963872628,-0.001,1
1584,-70.92901,1584,37424104,-85.50299,35.7274823,-78.6962747,35.34353963872628,-0.001,1
1585,-70.92901,1585,37424112,-87.45282,35.7274823,-78.6962747,35.34353963872628,-0.001,1
1586,-70.92901,1586,37424120,-80.79683,35.7274823,-78.6962747,35.34353963872628,-0.001,1
1587,-70.92901,1587,37424128,-82.76151,35.7274823,-78.6962747,35.34353963872628,-0.001,1
1588,-70.92901,1588,37424136,-84.36672,35.7274823,-78.6962747,35.34353963872628,-0.001,1
1589,-70.92901,1589,37424144,-82.24594,35.7274823,-78.6962747,35.34353963872628,-0.001,1
1590,-70.92901,1590,37424400,-83.51111,35.7274823,-78.6962747,35.34353963872628,-0.001,1
1591,-70.92901,1591,37424408,-83.23531,35.7274823,-78.6962747,35.34353963872628,-0.001,1
1592,-70.92901,1592,37424416,-84.704865,35.7274823,-78.6962747,35.34353963872628,-0.001,1
1593,-70.92901,1593,37424424,-86.955086,35.7274823,-78.6962747,35.34353963872628,-0.001,1
1594,-70.92901,1594,37424432,-83.398315,35.7274823,-78.6962747,35.34353963872628,-0.001,1
1595,-70.92901,1595,37424440,-81.43506,35.7274823,-78.6962747,35.34353963872628,-0.001,1
1596,-70.92901,1596,37424448,-83.59235,35.7274823,-78.6962747,35.34353963872628,-0.001,1
1597,-70.92901,1597,37424456,-89.853714,35.7274823,-78.6962747,35.34353963872628,-0.001,1
1598,-70.92901,1598,37424712,-96.21741,35.7274823,-78.6962747,35.34353963872628,-0.001,1
1599,-70.92901,1599,37424719,-89.729614,35.7274823,-78.6962747,35.34353963872628,-0.001,1
1600,-70.92901,1600,37424728,-82.70534,35.7274823,-78.6962747,35.34353963872628,-0.001,1
1601,-70.92901,1601,37424770,-80.68198,35.7274823,-78.6962747,35.34353963872628,-0.001,1
1602,-70.92901,1602,37424775,-85.193146,35.7274823,-78.6962747,35.34353963872628,-0.001,1
1603,-70.92901,1603,37425031,-84.470726,35.7274823,-78.6962747,35.34353963872628,-0.001,1
1604,-70.92901,1604,37425039,-85.08084,35.7274823,-78.6962747,35.34353963872628,-0.001,1
1605,-70.92901,1605,37425047,-85.28637,35.7274823,-78.6962747,35.34353963872628,-0.001,1
1606,-70.92901,1606,37425055,-85.12515,35.7274823,-78.6962747,35.34353963872628,-0.001,1
1607,-70.92901,1607,37425063,-81.61693,35.7274823,-78.6962747,35.34353963872628,-0.001,1
1608,-70.92901,1608,37425071,-85.44307,35.7274823,-78.6962747,35.34353963872628,-0.001,1
1609,-70.92901,1609,37425079,-87.05178,35.7274823,-78.6962747,35.34353963872628,-0.001,1
1610,-70.92901,1610,37425087,-89.369675,35.7274823,-78.6962747,35.34353963872628,-0.001,1
1611,-70.92901,1611,37425343,-108.48651,35.7274823,-78.6962747,35.34353963872628,-0.001,1
1612,-70.92901,1612,37425351,-85.35695,35.7274823,-78.6962747,35.34353963872628,-0.001,1
1613,-70.92901,1613,37425359,-82.80969,35.7274823,-78.6962747,35.34353963872628,-0.001,1
1614,-70.92901,1614,37425367,-84.99322,35.7274823,-78.6962747,35.34353963872628,-0.001,1
1615,-70.92901,1615,37425375,-84.12645,35.7274823,-78.6962747,35.34353963872628,-0.001,1
1616,-70.92901,1616,37425382,-84.13097,35.7274823,-78.6962747,35.34353963872628,-0.001,1
1617,-70.92901,1617,37425390,-84.61223,35.7274823,-78.6962747,35.34353963872628,-0.001,1
1618,-70.92901,1618,37425398,-85.11224,35.7274823,-78.6962747,35.34353963872628,-0.001,1
1619,-70.92901,1619,37425654,-89.72781,35.7274823,-78.6962747,35.34353963872628,-0.001,1
1620,-70.92901,1620,37425662,-85.27156,35.7274823,-78.6962747,35.34353963872628,-0.001,1
1621,-70.92901,1621,37425670,-85.71531,35.7274823,-78.6962747,35.34353963872628,-0.001,1
1622,-70.92901,1622,37425678,-85.51401,35.7274823,-78.6962747,35.34353963872628,-0.001,1
1623,-70.92901,1623,37425686,-82.48924,35.7274823,-78.6962747,35.34353963872628,-0.001,1
1624,-70.92901,1624,37425694,-84.84584,35.7274823,-78.6962747,35.34353963872628,-0.001,1
1625,-70.92901,1625,37425702,-82.548904,35.7274823,-78.6962747,35.34353963872628,-0.001,1
1626,-70.92901,1626,37425710,-85.3087,35.7274823,-78.6962747,35.34353963872628,-0.001,1
1627,-70.92901,1627,37425966,-83.25923,35.7274823,-78.6962747,35.34353963872628,-0.001,1
1628,-70.92901,1628,37425974,-84.36902,35.7274823,-78.6962747,35.34353963872628,-0.001,1
1629,-70.92901,1629,37425982,-83.46097,35.7274823,-78.6962747,35.34353963872628,-0.001,1
1630,-70.92901,1630,37425990,-80.63342,35.7274823,-78.6962747,35.34353963872628,-0.001,1
1631,-70.92901,1631,37425998,-86.54108,35.7274823,-78.6962747,35.34353963872628,-0.001,1
1632,-70.92901,1632,37426006,-95.97888,35.7274823,-78.6962747,35.34353963872628,-0.001,1
1633,-70.92901,1633,37426014,-85.69774,35.7274823,-78.6962747,35.34353963872628,-0.001,1
1634,-70.92901,1634,37426022,-84.21817,35.7274823,-78.6962747,35.34353963872628,-0.001,1
1635,-70.92901,1635,37426278,-82.12176,35.7274823,-78.6962747,35.34353963872628,-0.001,1
1636,-70.92901,1636,37426286,-87.58343,35.7274823,-78.6962747,35.34353963872628,-0.001,1
1637,-70.92901,1637,37426294,-88.12048,35.7274823,-78.6962747,35.34353963872628,-0.001,1
1638,-70.92901,1638,37426302,-87.06252,35.7274823,-78.6962747,35.34353963872628,-0.001,1
1639,-70.92901,1639,37426310,-84.236404,35.7274823,-78.6962747,35.34353963872628,-0.001,1
1640,-70.92901,1640,37426318,-80.55777,35.7274823,-78.6962747,35.34353963872628,-0.001,1
1641,-70.92901,1641,37426326,-86.85987,35.7274823,-78.6962747,35.34353963872628,-0.001,1
1642,-70.92901,1642,37426334,-87.37541,35.7274823,-78.6962747,35.34353963872628,-0.001,1
1643,-70.92901,1643,37426342,-82.682526,35.7274823,-78.6962747,35.34353963872628,-0.001,1
1644,-70.92901,1644,37426598,-93.75958,35.7274823,-78.6962747,35.34353963872628,-0.001,1
1645,-70.92901,1645,37426606,-86.18367,35.7274823,-78.6962747,35.34353963872628,-0.001,1
1646,-70.92901,1646,37426614,-81.70679,35.7274823,-78.6962747,35.34353963872628,-0.001,1
1647,-70.92901,1647,37426622,-86.453735,35.7274823,-78.6962747,35.34353963872628,-0.001,1
1648,-70.92901,1648,37426630,-85.68788,35.7274823,-78.6962747,35.34353963872628,-0.001,1
1649,-70.92901,1649,37426638,-86.79845,35.7274823,-78.6962747,35.34353963872628,-0.001,1
1650,-70.92901,1650,37426646,-83.57109,35.7274823,-78.6962747,35.34353963872628,-0.001,1
1651,-70.92901,1651,37426654,-84.615204,35.7274823,-78.6962747,35.34353963872628,-0.001,1
1652,-70.92901,1652,37426910,-82.94501,35.7274823,-78.6962747,35.34353963872628,-0.001,1
1653,-70.92901,1653,37426918,-85.877686,35.7274823,-78.6962747,35.34353963872628,-0.001,1
1654,-70.92901,1654,37426926,-80.811386,35.7274823,-78.6962747,35.34353963872628,-0.001,1
1655,-70.92901,1655,37426933,-85.03093,35.7274823,-78.6962747,35.34353963872628,-0.001,1
1656,-70.92901,1656,37426941,-87.3905,35.7274823,-78.6962747,35.34353963872628,-0.001,1
1657,-70.92901,1657,37426950,-83.899445,35.7274823,-78.6962747,35.34353963872628,-0.001,1
1658,-70.92901,1658,37426958,-86.35689,35.7274823,-78.6962747,35.34353963872628,-0.001,1
1659,-70.92901,1659,37426966,-80.96823,35.7274823,-78.6962747,35.34353963872628,-0.001,1
1660,-70.92901,1660,37427222,-84.654465,35.7274823,-78.6962747,35.34353963872628,-0.001,1
1661,-70.92901,1661,37427230,-84.03554,35.7274823,-78.6962747,35.34353963872628,-0.001,1
1662,-70.92901,1662,37427238,-83.75334,35.7274823,-78.6962747,35.34353963872628,-0.001,1
1663,-70.92901,1663,37427246,-88.9592,35.7274823,-78.6962747,35.34353963872628,-0.001,1
1664,-70.92901,1664,37427254,-84.27173,35.7274823,-78.6962747,35.34353963872628,-0.001,1
1665,-70.92901,1665,37427262,-89.22932,35.7274823,-78.6962747,35.34353963872628,-0.001,1
1666,-70.92901,1666,37427270,-83.68633,35.7274823,-78.6962747,35.34353963872628,-0.001,1
1667,-70.92901,1667,37427278,-85.11639,35.7274823,-78.6962747,35.34353963872628,-0.001,1
1668,-70.92901,1668,37427534,-85.53847,35.7274823,-78.6962747,35.34353963872628,-0.001,1
1669,-70.92901,1669,37427542,-83.9202,35.7274823,-78.6962747,35.34353963872628,-0.001,1
1670,-70.92901,1670,37427549,-83.28273,35.7274823,-78.6962747,35.34353963872628,-0.001,1
1671,-70.92901,1671,37427557,-83.597084,35.7274823,-78.6962747,35.34353963872628,-0.001,1
1672,-70.92901,1672,37427566,-88.18674,35.7274823,-78.6962747,35.34353963872628,-0.001,1
1673,-70.92901,1673,37427573,-84.10007,35.7274823,-78.6962747,35.34353963872628,-0.001,1
1674,-70.92901,1674,37427582,-89.347,35.7274823,-78.6962747,35.34353963872628,-0.001,1
1675,-70.92901,1675,37427589,-85.65676,35.7274823,-78.6962747,35.34353963872628,-0.001,1
1676,-70.92901,1676,37427846,-84.08006,35.7274823,-78.6962747,35.34353963872628,-0.001,1
1677,-70.92901,1677,37427854,-88.205826,35.7274823,-78.6962747,35.34353963872628,-0.001,1
1678,-70.92901,1678,37427861,-86.721344,35.7274823,-78.6962747,35.34353963872628,-0.001,1
1679,-70.92901,1679,37427870,-86.80698,35.7274823,-78.6962747,35.34353963872628,-0.001,1
1680,-70.92901,1680,37427877,-84.748856,35.7274823,-78.6962747,35.34353963872628,-0.001,1
1681,-70.92901,1681,37427886,-85.32917,35.7274823,-78.6962747,35.34353963872628,-0.001,1
1682,-70.92901,1682,37427893,-83.60751,35.7274823,-78.6962747,35.34353963872628,-0.001,1
1683,-70.92901,1683,37427902,-84.80577,35.7274823,-78.6962747,35.34353963872628,-0.001,1
1684,-70.92901,1684,37428157,-91.26363,35.7274823,-78.6962747,35.34353963872628,-0.001,1
1685,-70.92901,1685,37428165,-82.97973,35.7274823,-78.6962747,35.34353963872628,-0.001,1
1686,-70.92901,1686,37428173,-87.21851,35.7274823,-78.6962747,35.34353963872628,-0.001,1
1687,-70.92901,1687,37428181,-85.731766,35.7274823,-78.6962747,35.34353963872628,-0.001,1
1688,-70.92901,1688,37428189,-84.6266,35.7274823,-78.6962747,35.34353963872628,-0.001,1
1689,-70.92901,1689,37428197,-83.067986,35.7274823,-78.6962747,35.34353963872628,-0.001,1
1690,-70.92901,1690,37428205,-81.650024,35.7274823,-78.6962747,35.34353963872628,-0.001,1
1691,-70.92901,1691,37428213,-81.363266,35.7274823,-78.6962747,35.34353963872628,-0.001,1
1692,-70.92901,1692,37428221,-81.19678,35.7274823,-78.6962747,35.34353963872628,-0.001,1
1693,-70.92901,1693,37428477,-86.86751,35.7274823,-78.6962747,35.34353963872628,-0.001,1
1694,-70.92901,1694,37428485,-82.7429,35.7274823,-78.6962747,35.34353963872628,-0.001,1
1695,-70.92901,1695,37428493,-81.442764,35.7274823,-78.6962747,35.34353963872628,-0.001,1
1696,-70.92901,1696,37428501,-84.66724,35.7274823,-78.6962747,35.34353963872628,-0.001,1
1697,-70.92901,1697,37428509,-86.07295,35.7274823,-78.6962747,35.34353963872628,-0.001,1
1698,-70.92901,1698,37428517,-81.9462,35.7274823,-78.6962747,35.34353963872628,-0.001,1
1699,-70.92901,1699,37428525,-91.03459,35.7274823,-78.6962747,35.34353963872628,-0.001,1
1700,-70.92901,1700,37428533,-80.47542,35.7274823,-78.6962747,35.34353963872628,-0.001,1
1701,-70.92901,1701,37428789,-82.82938,35.7274823,-78.6962747,35.34353963872628,-0.001,1
1702,-70.92901,1702,37428796,-81.69137,35.7274823,-78.6962747,35.34353963872628,-0.001,1
1703,-70.92901,1703,37428804,-85.91182,35.7274823,-78.6962747,35.34353963872628,-0.001,1
1704,-70.92901,1704,37428813,-106.2856,35.7274823,-78.6962747,35.34353963872628,-0.001,1
1705,-70.92901,1705,37428820,-83.75806,35.7274823,-78.6962747,35.34353963872628,-0.001,1
1706,-70.92901,1706,37428829,-86.43368,35.7274823,-78.6962747,35.34353963872628,-0.001,1
1707,-70.92901,1707,37428836,-84.66792,35.7274823,-78.6962747,35.34353963872628,-0.001,1
1708,-70.92901,1708,37428845,-82.71591,35.7274823,-78.6962747,35.34353963872628,-0.001,1
1709,-70.92901,1709,37429100,-82.83305,35.7274823,-78.6962747,35.34353963872628,-0.001,1
1710,-70.92901,1710,37429108,-83.756775,35.7274823,-78.6962747,35.34353963872628,-0.001,1
1711,-70.92901,1711,37429117,-81.83256,35.7274823,-78.6962747,35.34353963872628,-0.001,1
1712,-70.92901,1712,37429125,-90.65524,35.7274823,-78.6962747,35.34353963872628,-0.001,1
1713,-70.92901,1713,37429133,-99.42194,35.7274823,-78.6962747,35.34353963872628,-0.001,1
1714,-70.92901,1714,37429141,-80.99004,35.7274823,-78.6962747,35.34353963872628,-0.001,1
1715,-70.92901,1715,37429149,-88.53958,35.7274823,-78.6962747,35.34353963872628,-0.001,1
1716,-70.92901,1716,37429157,-83.193695,35.7274823,-78.6962747,35.34353963872628,-0.001,1
1717,-70.92901,1717,37429413,-83.512344,35.7274823,-78.6962747,35.34353963872628,-0.001,1
1718,-70.92901,1718,37429421,-82.15476,35.7274823,-78.6962747,35.34353963872628,-0.001,1
1719,-70.92901,1719,37429429,-80.42877,35.7274823,-78.6962747,35.34353963872628,-0.001,1
1720,-70.92901,1720,37429437,-84.05375,35.7274823,-78.6962747,35.34353963872628,-0.001,1
1721,-70.92901,1721,37429445,-85.09659,35.7274823,-78.6962747,35.34353963872628,-0.001,1
1722,-70.92901,1722,37429453,-80.5055,35.7274823,-78.6962747,35.34353963872628,-0.001,1
1723,-70.92901,1723,37429461,-83.587906,35.7274823,-78.6962747,35.34353963872628,-0.001,1
1724,-70.92901,1724,37429469,-90.87767,35.7274823,-78.6962747,35.34353963872628,-0.001,1
1725,-70.92901,1725,37429477,-83.75421,35.7274823,-78.6962747,35.34353963872628,-0.001,1
1726,-70.92901,1726,37429733,-86.517815,35.7274823,-78.6962747,35.34353963872628,-0.001,1
1727,-70.92901,1727,37429741,-86.049805,35.7274823,-78.6962747,35.34353963872628,-0.001,1
1728,-70.92901,1728,37429749,-80.12198,35.7274823,-78.6962747,35.34353963872628,-0.001,1
1729,-70.92901,1729,37429757,-83.63847,35.7274823,-78.6962747,35.34353963872628,-0.001,1
1730,-70.92901,1730,37429765,-85.13605,35.7274823,-78.6962747,35.34353963872628,-0.001,1
1731,-70.92901,1731,37429773,-84.06847,35.7274823,-78.6962747,35.34353963872628,-0.001,1
1732,-70.92901,1732,37429781,-87.58213,35.7274823,-78.6962747,35.34353963872628,-0.001,1
1733,-70.92901,1733,37429789,-94.22859,35.7274823,-78.6962747,35.34353963872628,-0.001,1
1734,-70.92901,1734,37430045,-83.06924,35.7274823,-78.6962747,35.34353963872628,-0.001,1
1735,-70.92901,1735,37430053,-88.12864,35.7274823,-78.6962747,35.34353963872628,-0.001,1
1736,-70.92901,1736,37430061,-82.868,35.7274823,-78.6962747,35.34353963872628,-0.001,1
1737,-70.92901,1737,37430069,-80.789,35.7274823,-78.6962747,35.34353963872628,-0.001,1
1738,-70.92901,1738,37430078,-82.09238,35.7274823,-78.6962747,35.34353963872628,-0.001,1
1739,-70.92901,1739,37430085,-86.906265,35.7274823,-78.6962747,35.34353963872628,-0.001,1
1740,-70.92901,1740,37430094,-89.0478,35.7274823,-78.6962747,35.34353963872628,-0.001,1
1741,-70.92901,1741,37430101,-86.31943,35.7274823,-78.6962747,35.34353963872628,-0.001,1
1742,-70.92901,1742,37430357,-87.95157,35.7274823,-78.6962747,35.34353963872628,-0.001,1
1743,-70.92901,1743,37430365,-84.94259,35.7274823,-78.6962747,35.34353963872628,-0.001,1
1744,-70.92901,1744,37430373,-82.98628,35.7274823,-78.6962747,35.34353963872628,-0.001,1
1745,-70.92901,1745,37430381,-88.41471,35.7274823,-78.6962747,35.34353963872628,-0.001,1
1746,-70.92901,1746,37430389,-83.70291,35.7274823,-78.6962747,35.34353963872628,-0.001,1
1747,-70.92901,1747,37430397,-88.24728,35.7274823,-78.6962747,35.34353963872628,-0.001,1
1748,-70.92901,1748,37430405,-84.38577,35.7274823,-78.6962747,35.34353963872628,-0.001,1
1749,-70.92901,1749,37430413,-86.803604,35.7274823,-78.6962747,35.34353963872628,-0.001,1
1750,-70.92901,1750,37430669,-82.35918,35.7274823,-78.6962747,35.34353963872628,-0.001,1
1751,-70.92901,1751,37430677,-84.21794,35.7274823,-78.6962747,35.34353963872628,-0.001,1
1752,-70.92901,1752,37430686,-81.060265,35.7274823,-78.6962747,35.34353963872628,-0.001,1
1753,-70.92901,1753,37430693,-87.58612,35.7274823,-78.6962747,35.34353963872628,-0.001,1
1754,-70.92901,1754,37430702,-89.064255,35.7274823,-78.6962747,35.34353963872628,-0.001,1
1755,-70.92901,1755,37430709,-80.62721,35.7274823,-78.6962747,35.34353963872628,-0.001,1
1756,-70.92901,1756,37430718,-84.12149,35.7274823,-78.6962747,35.34353963872628,-0.001,1
1757,-70.92901,1757,37430725,-89.17763,35.7274823,-78.6962747,35.34353963872628,-0.001,1
1758,-70.92901,1758,37430734,-82.479324,35.7274823,-78.6962747,35.34353963872628,-0.001,1
1759,-70.92901,1759,37430989,-83.816345,35.7274823,-78.6962747,35.34353963872628,-0.001,1
1760,-70.92901,1760,37430997,-83.81131,35.7274823,-78.6962747,35.34353963872628,-0.001,1
1761,-70.92901,1761,37431005,-92.654495,35.7274823,-78.6962747,35.34353963872628,-0.001,1
1762,-70.92901,1762,37431013,-88.83655,35.7274823,-78.6962747,35.34353963872628,-0.001,1
1763,-70.92901,1763,37431021,-84.8022,35.7274823,-78.6962747,35.34353963872628,-0.001,1
1764,-70.92901,1764,37431029,-84.09523,35.7274823,-78.6962747,35.34353963872628,-0.001,1
1765,-70.92901,1765,37431038,-82.64685,35.7274823,-78.6962747,35.34353963872628,-0.001,1
1766,-70.92901,1766,37431046,-82.64961,35.7274823,-78.6962747,35.34353963872628,-0.001,1
1767,-70.92901,1767,37431301,-91.36196,35.7274823,-78.6962747,35.34353963872628,-0.001,1
1768,-70.92901,1768,37431310,-88.186295,35.7274823,-78.6962747,35.34353963872628,-0.001,1
1769,-70.92901,1769,37431317,-83.74052,35.7274823,-78.6962747,35.34353963872628,-0.001,1
1770,-70.92901,1770,37431326,-81.34777,35.7274823,-78.6962747,35.34353963872628,-0.001,1
1771,-70.92901,1771,37431333,-85.49719,35.7274823,-78.6962747,35.34353963872628,-0.001,1
1772,-70.92901,1772,37431342,-86.72891,35.7274823,-78.6962747,35.34353963872628,-0.001,1
1773,-70.92901,1773,37431349,-82.114105,35.7274823,-78.6962747,35.34353963872628,-0.001,1
1774,-70.92901,1774,37431358,-86.9893,35.7274823,-78.6962747,35.34353963872628,-0.001,1
1775,-70.92901,1775,37431613,-89.889984,35.7274823,-78.6962747,35.34353963872628,-0.001,1
1776,-70.92901,1776,37431621,-86.55492,35.7274823,-78.6962747,35.34353963872628,-0.001,1
1777,-70.92901,1777,37431629,-86.28734,35.7274823,-78.6962747,35.34353963872628,-0.001,1
1778,-70.92901,1778,37431637,-85.48515,35.7274823,-78.6962747,35.34353963872628,-0.001,1
1779,-70.92901,1779,37431645,-85.3534,35.7274823,-78.6962747,35.34353963872628,-0.001,1
1780,-70.92901,1780,37431653,-86.91542,35.7274823,-78.6962747,35.34353963872628,-0.001,1
1781,-70.92901,1781,37431661,-83.40494,35.7274823,-78.6962747,35.34353963872628,-0.001,1
1782,-70.92901,1782,37431669,-80.071556,35.7274823,-78.6962747,35.34353963872628,-0.001,1
1783,-70.92901,1783,37431925,-83.77337,35.7274823,-78.6962747,35.34353963872628,-0.001,1
1784,-70.92901,1784,37431933,-83.4631,35.7274823,-78.6962747,35.34353963872628,-0.001,1
1785,-70.92901,1785,37431941,-86.595856,35.7274823,-78.6962747,35.34353963872628,-0.001,1
1786,-70.92901,1786,37431949,-84.737236,35.7274823,-78.6962747,35.34353963872628,-0.001,1
1787,-70.92901,1787,37431957,-84.35711,35.7274823,-78.6962747,35.34353963872628,-0.001,1
1788,-70.92901,1788,37431965,-92.95827,35.7274823,-78.6962747,35.34353963872628,-0.001,1
1789,-70.92901,1789,37431973,-83.71659,35.7274823,-78.6962747,35.34353963872628,-0.001,1
1790,-70.92901,1790,37431981,-85.0963,35.7274823,-78.6962747,35.34353963872628,-0.001,1
1791,-70.92901,1791,37432237,-81.56085,35.7274823,-78.6962747,35.34353963872628,-0.001,1
1792,-70.92901,1792,37432246,-84.803925,35.7274823,-78.6962747,35.34353963872628,-0.001,1
1793,-70.92901,1793,37432254,-83.202705,35.7274823,-78.6962747,35.34353963872628,-0.001,1
1794,-70.92901,1794,37432262,-81.86444,35.7274823,-78.6962747,35.34353963872628,-0.001,1
1795,-70.92901,1795,37432270,-86.5721,35.7274823,-78.6962747,35.34353963872628,-0.001,1
1796,-70.92901,1796,37432278,-82.86631,35.7274823,-78.6962747,35.34353963872628,-0.001,1
1797,-70.92901,1797,37432286,-82.82915,35.7274823,-78.6962747,35.34353963872628,-0.001,1
1798,-70.92901,1798,37432294,-82.00203,35.7274823,-78.6962747,35.34353963872628,-0.001,1
1799,-70.92901,1799,37432301,-84.651794,35.7274823,-78.6962747,35.34353963872628,-0.001,1
1800,-70.92901,1800,37432558,-81.77545,35.7274823,-78.6962747,35.34353963872628,-0.001,1
1801,-70.92901,1801,37432565,-83.95444,35.7274823,-78.6962747,35.34353963872628,-0.001,1
1802,-70.92901,1802,37432574,-86.79074,35.7274823,-78.6962747,35.34353963872628,-0.001,1
1803,-70.92901,1803,37432581,-87.57118,35.7274823,-78.6962747,35.34353963872628,-0.001,1
1804,-70.92901,1804,37432590,-82.45941,35.7274823,-78.6962747,35.34353963872628,-0.001,1
1805,-70.92901,1805,37432597,-81.81233,35.7274823,-78.6962747,35.34353963872628,-0.001,1
1806,-70.92901,1806,37432605,-83.00678,35.7274823,-78.6962747,35.34353963872628,-0.001,1
1807,-70.92901,1807,37432613,-83.52313,35.7274823,-78.6962747,35.34353963872628,-0.001,1
1808,-70.92901,1808,37432869,-86.04457,35.7274823,-78.6962747,35.34353963872628,-0.001,1
1809,-70.92901,1809,37432877,-84.740524,35.7274823,-78.6962747,35.34353963872628,-0.001,1
1810,-70.92901,1810,37432885,-81.29866,35.7274823,-78.6962747,35.34353963872628,-0.001,1
1811,-70.92901,1811,37432893,-86.88072,35.7274823,-78.6962747,35.34353963872628,-0.001,1
1812,-70.92901,1812,37432901,-87.15764,35.7274823,-78.6962747,35.34353963872628,-0.001,1
1813,-70.92901,1813,37432908,-85.19583,35.7274823,-78.6962747,35.34353963872628,-0.001,1
1814,-70.92901,1814,37432917,-82.20416,35.7274823,-78.6962747,35.34353963872628,-0.001,1
1815,-70.92901,1815,37432924,-85.0492,35.7274823,-78.6962747,35.34353963872628,-0.001,1
1816,-70.92901,1816,37433180,-83.02345,35.7274823,-78.6962747,35.34353963872628,-0.001,1
1817,-70.92901,1817,37433188,-86.82359,35.7274823,-78.6962747,35.34353963872628,-0.001,1
1818,-70.92901,1818,37433196,-87.52629,35.7274823,-78.6962747,35.34353963872628,-0.001,1
1819,-70.92901,1819,37433204,-82.39015,35.7274823,-78.6962747,35.34353963872628,-0.001,1
1820,-70.92901,1820,37433212,-83.74353,35.7274823,-78.6962747,35.34353963872628,-0.001,1
1821,-70.92901,1821,37433220,-83.7068,35.7274823,-78.6962747,35.34353963872628,-0.001,1
1822,-70.92901,1822,37433228,-84.89038,35.7274823,-78.6962747,35.34353963872628,-0.001,1
1823,-70.92901,1823,37433236,-85.62688,35.7274823,-78.6962747,35.34353963872628,-0.001,1
1824,-70.92901,1824,37433492,-80.274704,35.7274823,-78.6962747,35.34353963872628,-0.001,1
1825,-70.92901,1825,37433500,-83.783615,35.7274823,-78.6962747,35.34353963872628,-0.001,1
1826,-70.92901,1826,37433508,-82.916046,35.7274823,-78.6962747,35.34353963872628,-0.001,1
1827,-70.92901,1827,37433516,-85.83119,35.7274823,-78.6962747,35.34353963872628,-0.001,1
1828,-70.92901,1828,37433524,-81.42859,35.7274823,-78.6962747,35.34353963872628,-0.001,1
1829,-70.92901,1829,37433531,-83.46816,35.7274823,-78.6962747,35.34353963872628,-0.001,1
1830,-70.92901,1830,37433539,-85.06973,35.7274823,-78.6962747,35.34353963872628,-0.001,1
1831,-70.92901,1831,37433547,-94.528786,35.7274823,-78.6962747,35.34353963872628,-0.001,1
1832,-70.92901,1832,37433803,-83.6915,35.7274823,-78.6962747,35.34353963872628,-0.001,1
1833,-70.92901,1833,37433811,-86.39186,35.7274823,-78.6962747,35.34353963872628,-0.001,1
1834,-70.92901,1834,37433819,-86.33129,35.7274823,-78.6962747,35.34353963872628,-0.001,1
1835,-70.92901,1835,37433827,-82.002304,35.7274823,-78.6962747,35.34353963872628,-0.001,1
1836,-70.92901,1836,37433835,-86.28252,35.7274823,-78.6962747,35.34353963872628,-0.001,1
1837,-70.92901,1837,37433843,-82.5316,35.7274823,-78.6962747,35.34353963872628,-0.001,1
1838,-70.92901,1838,37433851,-78.39929,35.7274823,-78.6962747,35.34353963872628,-0.001,1
1839,-70.92901,1839,37433859,-83.144485,35.7274823,-78.6962747,35.34353963872628,-0.001,1
1840,-70.92901,1840,37433867,-80.82556,35.7274823,-78.6962747,35.34353963872628,-0.001,1
1841,-70.92901,1841,37434123,-83.5056,35.7274823,-78.6962747,35.34353963872628,-0.001,1
1842,-70.92901,1842,37434131,-95.58697,35.7274823,-78.6962747,35.34353963872628,-0.001,1
1843,-70.92901,1843,37434139,-81.66283,35.7274823,-78.6962747,35.34353963872628,-0.001,1
1844,-70.92901,1844,37434147,-81.00414,35.7274823,-78.6962747,35.34353963872628,-0.001,1
1845,-70.92901,1845,37434155,-83.49554,35.7274823,-78.6962747,35.34353963872628,-0.001,1
1846,-70.92901,1846,37434163,-86.050095,35.7274823,-78.6962747,35.34353963872628,-0.001,1
1847,-70.92901,1847,37434171,-96.449165,35.7274823,-78.6962747,35.34353963872628,-0.001,1
1848,-70.92901,1848,37434179,-93.97716,35.7274823,-78.6962747,35.34353963872628,-0.001,1
1849,-70.92901,1849,37434434,-92.17058,35.7274823,-78.6962747,35.34353963872628,-0.001,1
1850,-70.92901,1850,37434443,-85.20598,35.7274823,-78.6962747,35.34353963872628,-0.001,1
1851,-70.92901,1851,37434450,-81.61165,35.7274823,-78.6962747,35.34353963872628,-0.001,1
1852,-70.92901,1852,37434458,-86.17229,35.7274823,-78.6962747,35.34353963872628,-0.001,1
1853,-70.92901,1853,37434466,-80.951584,35.7274823,-78.6962747,35.34353963872628,-0.001,1
1854,-70.92901,1854,37434474,-90.48578,35.7274823,-78.6962747,35.34353963872628,-0.001,1
1855,-70.92901,1855,37434482,-82.87913,35.7274823,-78.6962747,35.34353963872628,-0.001,1
1856,-70.92901,1856,37434490,-85.6332,35.7274823,-78.6962747,35.34353963872628,-0.001,1
1857,-70.92901,1857,37434746,-86.603546,35.7274823,-78.6962747,35.34353963872628,-0.001,1
1858,-70.92901,1858,37434754,-82.98025,35.7274823,-78.6962747,35.34353963872628,-0.001,1
1859,-70.92901,1859,37434762,-79.777756,35.7274823,-78.6962747,35.34353963872628,-0.001,1
1860,-70.92901,1860,37434770,-86.24578,35.7274823,-78.6962747,35.34353963872628,-0.001,1
1861,-70.92901,1861,37434778,-84.77516,35.7274823,-78.6962747,35.34353963872628,-0.001,1
1862,-70.92901,1862,37434786,-84.33586,35.7274823,-78.6962747,35.34353963872628,-0.001,1
1863,-70.92901,1863,37434794,-87.645294,35.7274823,-78.6962747,35.34353963872628,-0.001,1
1864,-70.92901,1864,37434802,-86.865555,35.7274823,-78.6962747,35.34353963872628,-0.001,1
1865,-70.92901,1865,37435058,-85.37504,35.7274823,-78.6962747,35.34353963872628,-0.001,1
1866,-70.92901,1866,37435066,-86.41934,35.7274823,-78.6962747,35.34353963872628,-0.001,1
1867,-70.92901,1867,37435074,-94.32324,35.7274823,-78.6962747,35.34353963872628,-0.001,1
1868,-70.92901,1868,37435081,-85.39068,35.7274823,-78.6962747,35.34353963872628,-0.001,1
1869,-70.92901,1869,37435090,-85.03656,35.7274823,-78.6962747,35.34353963872628,-0.001,1
1870,-70.92901,1870,37435097,-87.46633,35.7274823,-78.6962747,35.34353963872628,-0.001,1
1871,-70.92901,1871,37435106,-81.49313,35.7274823,-78.6962747,35.34353963872628,-0.001,1
1872,-70.92901,1872,37435113,-88.14238,35.7274823,-78.6962747,35.34353963872628,-0.001,1
1873,-70.92901,1873,37435370,-85.7487,35.7274823,-78.6962747,35.34353963872628,-0.001,1
1874,-70.92901,1874,37435377,-82.86583,35.7274823,-78.6962747,35.34353963872628,-0.001,1
1875,-70.92901,1875,37435385,-82.57567,35.7274823,-78.6962747,35.34353963872628,-0.001,1
1876,-70.92901,1876,37435393,-83.60927,35.7274823,-78.6962747,35.34353963872628,-0.001,1
1877,-70.92901,1877,37435401,-83.236946,35.7274823,-78.6962747,35.34353963872628,-0.001,1
1878,-70.92901,1878,37435409,-85.145615,35.7274823,-78.6962747,35.34353963872628,-0.001,1
1879,-70.92901,1879,37435417,-90.21611,35.7274823,-78.6962747,35.34353963872628,-0.001,1
1880,-70.92901,1880,37435425,-82.77138,35.7274823,-78.6962747,35.34353963872628,-0.001,1
1881,-70.92901,1881,37435433,-88.03026,35.7274823,-78.6962747,35.34353963872628,-0.001,1
1882,-70.92901,1882,37435689,-91.202385,35.7274823,-78.6962747,35.34353963872628,-0.001,1
1883,-70.92901,1883,37435697,-98.70519,35.7274823,-78.6962747,35.34353963872628,-0.001,1
1884,-70.92901,1884,37435705,-83.94617,35.7274823,-78.6962747,35.34353963872628,-0.001,1
1885,-70.92901,1885,37435713,-86.366196,35.7274823,-78.6962747,35.34353963872628,-0.001,1
1886,-70.92901,1886,37435721,-87.242836,35.7274823,-78.6962747,35.34353963872628,-0.001,1
1887,-70.92901,1887,37435729,-85.52639,35.7274823,-78.6962747,35.34353963872628,-0.001,1
1888,-70.92901,1888,37435737,-86.41484,35.7274823,-78.6962747,35.34353963872628,-0.001,1
1889,-70.92901,1889,37435745,-84.45979,35.7274823,-78.6962747,35.34353963872628,-0.001,1
1890,-70.92901,1890,37436001,-83.216,35.7274823,-78.6962747,35.34353963872628,-0.001,1
1891,-70.92901,1891,37436009,-86.1869,35.7274823,-78.6962747,35.34353963872628,-0.001,1
1892,-70.92901,1892,37436017,-91.52525,35.7274823,-78.6962747,35.34353963872628,-0.001,1
1893,-70.92901,1893,37436025,-85.689255,35.7274823,-78.6962747,35.34353963872628,-0.001,1
1894,-70.92901,1894,37436033,-84.256004,35.7274823,-78.6962747,35.34353963872628,-0.001,1
1895,-70.92901,1895,37436041,-91.27342,35.7274823,-78.6962747,35.34353963872628,-0.001,1
1896,-70.92901,1896,37436049,-85.895996,35.7274823,-78.6962747,35.34353963872628,-0.001,1
1897,-70.92901,1897,37436057,-82.22061,35.7274823,-78.6962747,35.34353963872628,-0.001,1
1898,-70.92901,1898,37436312,-89.729805,35.7274823,-78.6962747,35.34353963872628,-0.001,1
1899,-70.92901,1899,37436321,-80.3927,35.7274823,-78.6962747,35.34353963872628,-0.001,1
1900,-70.92901,1900,37436328,-87.69153,35.7274823,-78.6962747,35.34353963872628,-0.001,1
1901,-70.92901,1901,37436337,-89.64929,35.7274823,-78.6962747,35.34353963872628,-0.001,1
1902,-70.92901,1902,37436344,-82.86983,35.7274823,-78.6962747,35.34353963872628,-0.001,1
1903,-70.92901,1903,37436353,-85.47917,35.7274823,-78.6962747,35.34353963872628,-0.001,1
1904,-70.92901,1904,37436361,-82.43507,35.7274823,-78.6962747,35.34353963872628,-0.001,1
1905,-70.92901,1905,37436369,-82.83023,35.7274823,-78.6962747,35.34353963872628,-0.001,1
1906,-70.92901,1906,37436625,-82.4469,35.7274823,-78.6962747,35.34353963872628,-0.001,1
1907,-70.92901,1907,37436633,-80.71716,35.7274823,-78.6962747,35.34353963872628,-0.001,1
1908,-70.92901,1908,37436641,-80.15314,35.7274823,-78.6962747,35.34353963872628,-0.001,1
1909,-70.92901,1909,37436649,-86.674034,35.7274823,-78.6962747,35.34353963872628,-0.001,1
1910,-70.92901,1910,37436657,-84.32216,35.7274823,-78.6962747,35.34353963872628,-0.001,1
1911,-70.92901,1911,37436665,-84.58118,35.7274823,-78.6962747,35.34353963872628,-0.001,1
1912,-70.92901,1912,37436673,-83.434204,35.7274823,-78.6962747,35.34353963872628,-0.001,1
1913,-70.92901,1913,37436681,-82.53202,35.7274823,-78.6962747,35.34353963872628,-0.001,1
1914,-70.92901,1914,37436936,-84.71091,35.7274823,-78.6962747,35.34353963872628,-0.001,1
1915,-70.92901,1915,37436945,-86.997986,35.7274823,-78.6962747,35.34353963872628,-0.001,1
1916,-70.92901,1916,37436952,-82.61983,35.7274823,-78.6962747,35.34353963872628,-0.001,1
1917,-70.92901,1917,37436961,-84.47789,35.7274823,-78.6962747,35.34353963872628,-0.001,1
1918,-70.92901,1918,37436968,-83.024376,35.7274823,-78.6962747,35.34353963872628,-0.001,1
1919,-70.92901,1919,37436977,-82.17465,35.7274823,-78.6962747,35.34353963872628,-0.001,1
1920,-70.92901,1920,37436984,-84.96008,35.7274823,-78.6962747,35.34353963872628,-0.001,1
1921,-70.92901,1921,37436993,-85.04437,35.7274823,-78.6962747,35.34353963872628,-0.001,1
1922,-70.92901,1922,37437000,-88.19249,35.7274823,-78.6962747,35.34353963872628,-0.001,1
1923,-70.92901,1923,37437256,-91.07477,35.7274823,-78.6962747,35.34353963872628,-0.001,1
1924,-70.92901,1924,37437265,-85.33295,35.7274823,-78.6962747,35.34353963872628,-0.001,1
1925,-70.92901,1925,37437272,-87.17354,35.7274823,-78.6962747,35.34353963872628,-0.001,1
1926,-70.92901,1926,37437281,-86.690865,35.7274823,-78.6962747,35.34353963872628,-0.001,1
1927,-70.92901,1927,37437288,-89.259995,35.7274823,-78.6962747,35.34353963872628,-0.001,1
1928,-70.92901,1928,37437296,-97.91443,35.7274823,-78.6962747,35.34353963872628,-0.001,1
1929,-70.92901,1929,37437304,-94.73892,35.7274823,-78.6962747,35.34353963872628,-0.001,1
1930,-70.92901,1930,37437312,-85.51436,35.7274823,-78.6962747,35.34353963872628,-0.001,1
1931,-70.92901,1931,37437569,-81.10672,35.7274823,-78.6962747,35.34353963872628,-0.001,1
1932,-70.92901,1932,37437576,-83.79468,35.7274823,-78.6962747,35.34353963872628,-0.001,1
1933,-70.92901,1933,37437585,-84.82187,35.7274823,-78.6962747,35.34353963872628,-0.001,1
1934,-70.92901,1934,37437592,-85.05057,35.7274823,-78.6962747,35.34353963872628,-0.001,1
1935,-70.92901,1935,37437600,-87.38234,35.7274823,-78.6962747,35.34353963872628,-0.001,1
1936,-70.92901,1936,37437608,-83.84656,35.7274823,-78.6962747,35.34353963872628,-0.001,1
1937,-70.92901,1937,37437616,-82.333664,35.7274823,-78.6962747,35.34353963872628,-0.001,1
1938,-70.92901,1938,37437624,-92.4957,35.7274823,-78.6962747,35.34353963872628,-0.001,1
1939,-70.92901,1939,37437880,-90.600296,35.7274823,-78.6962747,35.34353963872628,-0.001,1
1940,-70.92901,1940,37437888,-90.03381,35.7274823,-78.6962747,35.34353963872628,-0.001,1
1941,-70.92901,1941,37437896,-84.21738,35.7274823,-78.6962747,35.34353963872628,-0.001,1
1942,-70.92901,1942,37437904,-82.93058,35.7274823,-78.6962747,35.34353963872628,-0.001,1
1943,-70.92901,1943,37437912,-85.56106,35.7274823,-78.6962747,35.34353963872628,-0.001,1
1944,-70.92901,1944,37437920,-85.78082,35.7274823,-78.6962747,35.34353963872628,-0.001,1
1945,-70.92901,1945,37437928,-84.85469,35.7274823,-78.6962747,35.34353963872628,-0.001,1
1946,-70.92901,1946,37437936,-83.35216,35.7274823,-78.6962747,35.34353963872628,-0.001,1
1947,-70.92901,1947,37438192,-88.03354,35.7274823,-78.6962747,35.34353963872628,-0.001,1
1948,-70.92901,1948,37438200,-89.87015,35.7274823,-78.6962747,35.34353963872628,-0.001,1
1949,-70.92901,1949,37438208,-86.0717,35.7274823,-78.6962747,35.34353963872628,-0.001,1
1950,-70.92901,1950,37438216,-85.86605,35.7274823,-78.6962747,35.34353963872628,-0.001,1
1951,-70.92901,1951,37438224,-85.19188,35.7274823,-78.6962747,35.34353963872628,-0.001,1
1952,-70.92901,1952,37438232,-101.16382,35.7274823,-78.6962747,35.34353963872628,-0.001,1
1953,-70.92901,1953,37438240,-84.20412,35.7274823,-78.6962747,35.34353963872628,-0.001,1
1954,-70.92901,1954,37438248,-90.38632,35.7274823,-78.6962747,35.34353963872628,-0.001,1
1955,-70.92901,1955,37438504,-86.07623,35.7274823,-78.6962747,35.34353963872628,-0.001,1
1956,-70.92901,1956,37438512,-82.60928,35.7274823,-78.6962747,35.34353963872628,-0.001,1
1957,-70.92901,1957,37438520,-84.292725,35.7274823,-78.6962747,35.34353963872628,-0.001,1
1958,-70.92901,1958,37438528,-88.270615,35.7274823,-78.6962747,35.34353963872628,-0.001,1
1959,-70.92901,1959,37438535,-85.73042,35.7274823,-78.6962747,35.34353963872628,-0.001,1
1960,-70.92901,1960,37438544,-87.012215,35.7274823,-78.6962747,35.34353963872628,-0.001,1
1961,-70.92901,1961,37438551,-84.78918,35.7274823,-78.6962747,35.34353963872628,-0.001,1
1962,-70.92901,1962,37438560,-87.8176,35.7274823,-78.6962747,35.34353963872628,-0.001,1
1963,-70.92901,1963,37438815,-84.94143,35.7274823,-78.6962747,35.34353963872628,-0.001,1
1964,-70.92901,1964,37438823,-87.48401,35.7274823,-78.6962747,35.34353963872628,-0.001,1
1965,-70.92901,1965,37438831,-83.40132,35.7274823,-78.6962747,35.34353963872628,-0.001,1
1966,-70.92901,1966,37438839,-79.40186,35.7274823,-78.6962747,35.34353963872628,-0.001,1
1967,-70.92901,1967,37438847,-89.02332,35.7274823,-78.6962747,35.34353963872628,-0.001,1
1968,-70.92901,1968,37438855,-85.85576,35.7274823,-78.6962747,35.34353963872628,-0.001,1
1969,-70.92901,1969,37438863,-83.70935,35.7274823,-78.6962747,35.34353963872628,-0.001,1
1970,-70.92901,1970,37438871,-86.99826,35.7274823,-78.6962747,35.34353963872628,-0.001,1
1971,-70.92901,1971,37438879,-81.84865,35.7274823,-78.6962747,35.34353963872628,-0.001,1
1972,-70.92901,1972,37439135,-91.58522,35.7274823,-78.6962747,35.34353963872628,-0.001,1
1973,-70.92901,1973,37439143,-88.04056,35.7274823,-78.6962747,35.34353963872628,-0.001,1
1974,-70.92901,1974,37439151,-84.98602,35.7274823,-78.6962747,35.34353963872628,-0.001,1
1975,-70.92901,1975,37439159,-80.96059,35.7274823,-78.6962747,35.34353963872628,-0.001,1
1976,-70.92901,1976,37439167,-100.665276,35.7274823,-78.6962747,35.34353963872628,-0.001,1
1977,-70.92901,1977,37439175,-89.567986,35.7274823,-78.6962747,35.34353963872628,-0.001,1
1978,-70.92901,1978,37439183,-81.05527,35.7274823,-78.6962747,35.34353963872628,-0.001,1
1979,-70.92901,1979,37439191,-84.92059,35.7274823,-78.6962747,35.34353963872628,-0.001,1
1980,-70.92901,1980,37439446,-86.22237,35.7274823,-78.6962747,35.34353963872628,-0.001,1
1981,-70.92901,1981,37439454,-82.62799,35.7274823,-78.6962747,35.34353963872628,-0.001,1
1982,-70.92901,1982,37439462,-82.2793,35.7274823,-78.6962747,35.34353963872628,-0.001,1
1983,-70.92901,1983,37439470,-80.652084,35.7274823,-78.6962747,35.34353963872628,-0.001,1
1984,-70.92901,1984,37439477,-84.30977,35.7274823,-78.6962747,35.34353963872628,-0.001,1
1985,-70.92901,1985,37439486,-87.371956,35.7274823,-78.6962747,35.34353963872628,-0.001,1
1986,-70.92901,1986,37439494,-80.09998,35.7274823,-78.6962747,35.34353963872628,-0.001,1
1987,-70.92901,1987,37439502,-82.20738,35.7274823,-78.6962747,35.34353963872628,-0.001,1
1988,-70.92901,1988,37439757,-84.52059,35.7274823,-78.6962747,35.34353963872628,-0.001,1
1989,-70.92901,1989,37439765,-86.25647,35.7274823,-78.6962747,35.34353963872628,-0.001,1
1990,-70.92901,1990,37439773,-86.214294,35.7274823,-78.6962747,35.34353963872628,-0.001,1
1991,-70.92901,1991,37439781,-85.6156,35.7274823,-78.6962747,35.34353963872628,-0.001,1
1992,-70.92901,1992,37439790,-86.62101,35.7274823,-78.6962747,35.34353963872628,-0.001,1
1993,-70.92901,1993,37439797,-85.44173,35.7274823,-78.6962747,35.34353963872628,-0.001,1
1994,-70.92901,1994,37439806,-85.56084,35.7274823,-78.6962747,35.34353963872628,-0.001,1
1995,-70.92901,1995,37439813,-85.20177,35.7274823,-78.6962747,35.34353963872628,-0.001,1
1996,-70.92901,1996,37440069,-83.26817,35.7274823,-78.6962747,35.34353963872628,-0.001,1
1997,-70.92901,1997,37440077,-84.79317,35.7274823,-78.6962747,35.34353963872628,-0.001,1
1998,-70.92901,1998,37440085,-94.82913,35.7274823,-78.6962747,35.34353963872628,-0.001,1
1999,-70.92901,1999,37440093,-85.401,35.7274823,-78.6962747,35.34353963872628,-0.001,1
2000,-70.92901,2000,37440101,-83.505325,35.7274823,-78.6962747,35.34353963872628,-0.001,1
2001,-70.92901,2001,37440109,-83.84282,35.7274823,-78.6962747,35.34353963872628,-0.001,1
2002,-70.92901,2002,37440117,-88.0058,35.7274823,-78.6962747,35.34353963872628,-0.001,1
2003,-70.92901,2003,37440125,-80.660645,35.7274823,-78.6962747,35.34353963872628,-0.001,1
2004,-70.92901,2004,37440382,-83.78735,35.7274823,-78.6962747,35.34353963872628,-0.001,1
2005,-70.92901,2005,37440389,-94.91283,35.7274823,-78.6962747,35.34353963872628,-0.001,1
2006,-70.92901,2006,37440398,-81.856995,35.7274823,-78.6962747,35.34353963872628,-0.001,1
2007,-70.92901,2007,37440406,-86.47861,35.7274823,-78.6962747,35.34353963872628,-0.001,1
2008,-70.92901,2008,37440414,-83.12465,35.7274823,-78.6962747,35.34353963872628,-0.001,1
2009,-70.92901,2009,37440422,-98.82063,35.7274823,-78.6962747,35.34353963872628,-0.001,1
2010,-70.92901,2010,37440430,-88.07305,35.7274823,-78.6962747,35.34353963872628,-0.001,1
2011,-70.92901,2011,37440438,-87.43349,35.7274823,-78.6962747,35.34353963872628,-0.001,1
2012,-70.92901,2012,37440694,-95.31198,35.7274823,-78.6962747,35.34353963872628,-0.001,1
2013,-70.92901,2013,37440702,-87.203316,35.7274823,-78.6962747,35.34353963872628,-0.001,1
2014,-70.92901,2014,37440710,-79.964005,35.7274823,-78.6962747,35.34353963872628,-0.001,1
2015,-70.92901,2015,37440718,-89.651695,35.7274823,-78.6962747,35.34353963872628,-0.001,1
2016,-70.92901,2016,37440726,-83.33278,35.7274823,-78.6962747,35.34353963872628,-0.001,1
2017,-70.92901,2017,37440734,-79.92126,35.7274823,-78.6962747,35.34353963872628,-0.001,1
2018,-70.92901,2018,37440742,-90.16855,35.7274823,-78.6962747,35.34353963872628,-0.001,1
2019,-70.92901,2019,37440750,-85.86858,35.7274823,-78.6962747,35.34353963872628,-0.001,1
2020,-70.92901,2020,37440758,-83.53803,35.7274823,-78.6962747,35.34353963872628,-0.001,1
2021,-70.92901,2021,37441014,-84.824036,35.7274823,-78.6962747,35.34353963872628,-0.001,1
2022,-70.92901,2022,37441023,-85.43179,35.7274823,-78.6962747,35.34353963872628,-0.001,1
2023,-70.92901,2023,37441030,-83.58589,35.7274823,-78.6962747,35.34353963872628,-0.001,1
2024,-70.92901,2024,37441038,-94.342865,35.7274823,-78.6962747,35.34353963872628,-0.001,1
2025,-70.92901,2025,37441046,-89.32001,35.7274823,-78.6962747,35.34353963872628,-0.001,1
2026,-70.92901,2026,37441054,-89.737946,35.7274823,-78.6962747,35.34353963872628,-0.001,1
2027,-70.92901,2027,37441062,-95.0493,35.7274823,-78.6962747,35.34353963872628,-0.001,1
2028,-70.92901,2028,37441070,-85.76372,35.7274823,-78.6962747,35.34353963872628,-0.001,1
2029,-70.92901,2029,37441326,-85.88274,35.7274823,-78.6962747,35.34353963872628,-0.001,1
2030,-70.92901,2030,37441333,-83.91904,35.7274823,-78.6962747,35.34353963872628,-0.001,1
2031,-70.92901,2031,37441342,-80.22847,35.7274823,-78.6962747,35.34353963872628,-0.001,1
2032,-70.92901,2032,37441350,-91.64166,35.7274823,-78.6962747,35.34353963872628,-0.001,1
2033,-70.92901,2033,37441358,-91.05165,35.7274823,-78.6962747,35.34353963872628,-0.001,1
2034,-70.92901,2034,37441366,-81.9201,35.7274823,-78.6962747,35.34353963872628,-0.001,1
2035,-70.92901,2035,37441374,-81.011154,35.7274823,-78.6962747,35.34353963872628,-0.001,1
2036,-70.92901,2036,37441382,-82.57529,35.7274823,-78.6962747,35.34353963872628,-0.001,1
2037,-70.92901,2037,37441638,-88.00598,35.7274823,-78.6962747,35.34353963872628,-0.001,1
2038,-70.92901,2038,37441646,-87.83046,35.7274823,-78.6962747,35.34353963872628,-0.001,1
2039,-70.92901,2039,37441654,-88.19509,35.7274823,-78.6962747,35.34353963872628,-0.001,1
2040,-70.92901,2040,37441662,-90.68388,35.7274823,-78.6962747,35.34353963872628,-0.001,1
2041,-70.92901,2041,37441670,-93.46358,35.7274823,-78.6962747,35.34353963872628,-0.001,1
2042,-70.92901,2042,37441678,-85.39661,35.7274823,-78.6962747,35.34353963872628,-0.001,1
2043,-70.92901,2043,37441686,-87.73424,35.7274823,-78.6962747,35.34353963872628,-0.001,1
2044,-70.92901,2044,37441695,-83.549194,35.7274823,-78.6962747,35.34353963872628,-0.001,1
2045,-70.92901,2045,37441950,-88.28969,35.7274823,-78.6962747,35.34353963872628,-0.001,1
2046,-70.92901,2046,37441958,-91.19957,35.7274823,-78.6962747,35.34353963872628,-0.001,1
2047,-70.92901,2047,37441966,-86.11722,35.7274823,-78.6962747,35.34353963872628,-0.001,1
2048,-70.92901,2048,37441974,-87.25221,35.7274823,-78.6962747,35.34353963872628,-0.001,1
2049,-70.92901,2049,37441982,-83.799484,35.7274823,-78.6962747,35.34353963872628,-0.001,1
2050,-70.92901,2050,37441990,-83.49879,35.7274823,-78.6962747,35.34353963872628,-0.001,1
2051,-70.92901,2051,37441998,-85.18144,35.7274823,-78.6962747,35.34353963872628,-0.001,1
2052,-70.92901,2052,37442006,-84.207985,35.7274823,-78.6962747,35.34353963872628,-0.001,1
2053,-70.92901,2053,37442262,-83.32016,35.7274823,-78.6962747,35.34353963872628,-0.001,1
2054,-70.92901,2054,37442270,-85.450005,35.7274823,-78.6962747,35.34353963872628,-0.001,1
2055,-70.92901,2055,37442278,-97.04955,35.7274823,-78.6962747,35.34353963872628,-0.001,1
2056,-70.92901,2056,37442286,-86.615036,35.7274823,-78.6962747,35.34353963872628,-0.001,1
2057,-70.92901,2057,37442294,-87.14577,35.7274823,-78.6962747,35.34353963872628,-0.001,1
2058,-70.92901,2058,37442302,-85.8947,35.7274823,-78.6962747,35.34353963872628,-0.001,1
2059,-70.92901,2059,37442310,-87.66676,35.7274823,-78.6962747,35.34353963872628,-0.001,1
2060,-70.92901,2060,37442318,-88.88274,35.7274823,-78.6962747,35.34353963872628,-0.001,1
2061,-70.92901,2061,37442574,-87.12723,35.7274823,-78.6962747,35.34353963872628,-0.001,1
2062,-70.92901,2062,37442582,-89.51175,35.7274823,-78.6962747,35.34353963872628,-0.001,1
2063,-70.92901,2063,37442590,-85.15061,35.7274823,-78.6962747,35.34353963872628,-0.001,1
2064,-70.92901,2064,37442598,-90.0253,35.7274823,-78.6962747,35.34353963872628,-0.001,1
2065,-70.92901,2065,37442606,-97.636665,35.7274823,-78.6962747,35.34353963872628,-0.001,1
2066,-70.92901,2066,37442614,-82.22455,35.7274823,-78.6962747,35.34353963872628,-0.001,1
2067,-70.92901,2067,37442622,-83.74515,35.7274823,-78.6962747,35.34353963872628,-0.001,1
2068,-70.92901,2068,37442630,-82.95181,35.7274823,-78.6962747,35.34353963872628,-0.001,1
2069,-70.92901,2069,37442886,-83.9046,35.7274823,-78.6962747,35.34353963872628,-0.001,1
2070,-70.92901,2070,37442895,-85.52568,35.7274823,-78.6962747,35.34353963872628,-0.001,1
2071,-70.92901,2071,37442903,-87.470566,35.7274823,-78.6962747,35.34353963872628,-0.001,1
2072,-70.92901,2072,37442911,-81.832405,35.7274823,-78.6962747,35.34353963872628,-0.001,1
2073,-70.92901,2073,37442918,-81.98631,35.7274823,-78.6962747,35.34353963872628,-0.001,1
2074,-70.92901,2074,37442927,-90.64451,35.7274823,-78.6962747,35.34353963872628,-0.001,1
2075,-70.92901,2075,37442935,-82.02968,35.7274823,-78.6962747,35.34353963872628,-0.001,1
2076,-70.92901,2076,37442943,-80.483055,35.7274823,-78.6962747,35.34353963872628,-0.001,1
2077,-70.92901,2077,37442951,-85.40557,35.7274823,-78.6962747,35.34353963872628,-0.001,1
2078,-70.92901,2078,37443207,-86.431946,35.7274823,-78.6962747,35.34353963872628,-0.001,1
2079,-70.92901,2079,37443216,-83.944824,35.7274823,-78.6962747,35.34353963872628,-0.001,1
2080,-70.92901,2080,37443223,-83.43681,35.7274823,-78.6962747,35.34353963872628,-0.001,1
2081,-70.92901,2081,37443232,-85.75151,35.7274823,-78.6962747,35.34353963872628,-0.001,1
2082,-70.92901,2082,37443239,-79.337555,35.7274823,-78.6962747,35.34353963872628,-0.001,1
2083,-70.92901,2083,37443248,-81.71401,35.7274823,-78.6962747,35.34353963872628,-0.001,1
2084,-70.92901,2084,37443255,-89.45067,35.7274823,-78.6962747,35.34353963872628,-0.001,1
2085,-70.92901,2085,37443263,-81.63298,35.7274823,-78.6962747,35.34353963872628,-0.001,1
2086,-70.92901,2086,37443519,-83.78453,35.7274823,-78.6962747,35.34353963872628,-0.001,1
2087,-70.92901,2087,37443527,-83.14516,35.7274823,-78.6962747,35.34353963872628,-0.001,1
2088,-70.92901,2088,37443535,-85.38692,35.7274823,-78.6962747,35.34353963872628,-0.001,1
2089,-70.92901,2089,37443543,-82.96648,35.7274823,-78.6962747,35.34353963872628,-0.001,1
2090,-70.92901,2090,37443551,-87.08211,35.7274823,-78.6962747,35.34353963872628,-0.001,1
2091,-70.92901,2091,37443559,-82.11032,35.7274823,-78.6962747,35.34353963872628,-0.001,1
2092,-70.92901,2092,37443567,-83.53649,35.7274823,-78.6962747,35.34353963872628,-0.001,1
2093,-70.92901,2093,37443575,-84.99822,35.7274823,-78.6962747,35.34353963872628,-0.001,1
2094,-70.92901,2094,37443831,-86.7612,35.7274823,-78.6962747,35.34353963872628,-0.001,1
2095,-70.92901,2095,37443839,-82.56618,35.7274823,-78.6962747,35.34353963872628,-0.001,1
2096,-70.92901,2096,37443847,-84.01684,35.7274823,-78.6962747,35.34353963872628,-0.001,1
2097,-70.92901,2097,37443855,-86.17829,35.7274823,-78.6962747,35.34353963872628,-0.001,1
2098,-70.92901,2098,37443863,-85.59725,35.7274823,-78.6962747,35.34353963872628,-0.001,1
2099,-70.92901,2099,37443871,-91.51199,35.7274823,-78.6962747,35.34353963872628,-0.001,1
2100,-70.92901,2100,37443879,-82.44803,35.7274823,-78.6962747,35.34353963872628,-0.001,1
2101,-70.92901,2101,37443886,-84.98738,35.7274823,-78.6962747,35.34353963872628,-0.001,1
2102,-70.92901,2102,37444143,-86.94832,35.7274823,-78.6962747,35.34353963872628,-0.001,1
2103,-70.92901,2103,37444150,-85.97203,35.7274823,-78.6962747,35.34353963872628,-0.001,1
2104,-70.92901,2104,37444159,-88.16662,35.7274823,-78.6962747,35.34353963872628,-0.001,1
2105,-70.92901,2105,37444166,-87.03139,35.7274823,-78.6962747,35.34353963872628,-0.001,1
2106,-70.92901,2106,37444174,-97.651215,35.7274823,-78.6962747,35.34353963872628,-0.001,1
2107,-70.92901,2107,37444183,-85.66153,35.7274823,-78.6962747,35.34353963872628,-0.001,1
2108,-70.92901,2108,37444191,-85.58176,35.7274823,-78.6962747,35.34353963872628,-0.001,1
2109,-70.92901,2109,37444199,-80.71308,35.7274823,-78.6962747,35.34353963872628,-0.001,1
2110,-70.92901,2110,37444455,-83.26408,35.7274823,-78.6962747,35.34353963872628,-0.001,1
2111,-70.92901,2111,37444463,-84.098114,35.7274823,-78.6962747,35.34353963872628,-0.001,1
2112,-70.92901,2112,37444471,-83.2834,35.7274823,-78.6962747,35.34353963872628,-0.001,1
2113,-70.92901,2113,37444479,-90.171936,35.7274823,-78.6962747,35.34353963872628,-0.001,1
2114,-70.92901,2114,37444487,-82.28033,35.7274823,-78.6962747,35.34353963872628,-0.001,1
2115,-70.92901,2115,37444495,-84.33278,35.7274823,-78.6962747,35.34353963872628,-0.001,1
2116,-70.92901,2116,37444503,-83.75226,35.7274823,-78.6962747,35.34353963872628,-0.001,1
2117,-70.92901,2117,37444511,-84.05435,35.7274823,-78.6962747,35.34353963872628,-0.001,1
2118,-70.92901,2118,37444767,-86.56166,35.7274823,-78.6962747,35.34353963872628,-0.001,1
2119,-70.92901,2119,37444775,-84.86678,35.7274823,-78.6962747,35.34353963872628,-0.001,1
2120,-70.92901,2120,37444783,-88.92797,35.7274823,-78.6962747,35.34353963872628,-0.001,1
2121,-70.92901,2121,37444791,-85.812645,35.7274823,-78.6962747,35.34353963872628,-0.001,1
2122,-70.92901,2122,37444799,-87.37648,35.7274823,-78.6962747,35.34353963872628,-0.001,1
2123,-70.92901,2123,37444807,-83.30527,35.7274823,-78.6962747,35.34353963872628,-0.001,1
2124,-70.92901,2124,37444815,-82.23558,35.7274823,-78.6962747,35.34353963872628,-0.001,1
2125,-70.92901,2125,37444824,-84.48416,35.7274823,-78.6962747,35.34353963872628,-0.001,1
2126,-70.92901,2126,37444831,-82.53058,35.7274823,-78.6962747,35.34353963872628,-0.001,1
2127,-70.92901,2127,37445087,-89.08069,35.7274823,-78.6962747,35.34353963872628,-0.001,1
2128,-70.92901,2128,37445095,-85.36983,35.7274823,-78.6962747,35.34353963872628,-0.001,1
2129,-70.92901,2129,37445103,-86.42302,35.7274823,-78.6962747,35.34353963872628,-0.001,1
2130,-70.92901,2130,37445111,-86.21589,35.7274823,-78.6962747,35.34353963872628,-0.001,1
2131,-70.92901,2131,37445119,-80.04005,35.7274823,-78.6962747,35.34353963872628,-0.001,1
2132,-70.92901,2132,37445127,-90.673416,35.7274823,-78.6962747,35.34353963872628,-0.001,1
2133,-70.92901,2133,37445135,-80.91991,35.7274823,-78.6962747,35.34353963872628,-0.001,1
2134,-70.92901,2134,37445143,-80.469955,35.7274823,-78.6962747,35.34353963872628,-0.001,1
2135,-70.92901,2135,37445399,-85.77203,35.7274823,-78.6962747,35.34353963872628,-0.001,1
2136,-70.92901,2136,37445407,-84.36239,35.7274823,-78.6962747,35.34353963872628,-0.001,1
2137,-70.92901,2137,37445415,-98.137146,35.7274823,-78.6962747,35.34353963872628,-0.001,1
2138,-70.92901,2138,37445423,-88.32686,35.7274823,-78.6962747,35.34353963872628,-0.001,1
2139,-70.92901,2139,37445432,-84.494064,35.7274823,-78.6962747,35.34353963872628,-0.001,1
2140,-70.92901,2140,37445440,-89.76865,35.7274823,-78.6962747,35.34353963872628,-0.001,1
2141,-70.92901,2141,37445448,-91.3961,35.7274823,-78.6962747,35.34353963872628,-0.001,1
2142,-70.92901,2142,37445455,-84.61692,35.7274823,-78.6962747,35.34353963872628,-0.001,1
2143,-70.92901,2143,37445712,-83.44328,35.7274823,-78.6962747,35.34353963872628,-0.001,1
2144,-70.92901,2144,37445719,-85.78842,35.7274823,-78.6962747,35.34353963872628,-0.001,1
2145,-70.92901,2145,37445727,-80.35871,35.7274823,-78.6962747,35.34353963872628,-0.001,1
2146,-70.92901,2146,37445736,-86.01703,35.7274823,-78.6962747,35.34353963872628,-0.001,1
2147,-70.92901,2147,37445743,-83.03934,35.7274823,-78.6962747,35.34353963872628,-0.001,1
2148,-70.92901,2148,37445751,-82.18085,35.7274823,-78.6962747,35.34353963872628,-0.001,1
2149,-70.92901,2149,37445759,-81.7429,35.7274823,-78.6962747,35.34353963872628,-0.001,1
2150,-70.92901,2150,37445767,-89.39288,35.7274823,-78.6962747,35.34353963872628,-0.001,1
2151,-70.92901,2151,37446024,-84.44306,35.7274823,-78.6962747,35.34353963872628,-0.001,1
2152,-70.92901,2152,37446032,-84.135605,35.7274823,-78.6962747,35.34353963872628,-0.001,1
2153,-70.92901,2153,37446040,-85.8248,35.7274823,-78.6962747,35.34353963872628,-0.001,1
2154,-70.92901,2154,37446047,-84.3279,35.7274823,-78.6962747,35.34353963872628,-0.001,1
2155,-70.92901,2155,37446056,-85.6936,35.7274823,-78.6962747,35.34353963872628,-0.001,1
2156,-70.92901,2156,37446063,-87.83906,35.7274823,-78.6962747,35.34353963872628,-0.001,1
2157,-70.92901,2157,37446072,-80.394226,35.7274823,-78.6962747,35.34353963872628,-0.001,1
2158,-70.92901,2158,37446079,-87.136154,35.7274823,-78.6962747,35.34353963872628,-0.001,1
2159,-70.92901,2159,37446336,-84.79692,35.7274823,-78.6962747,35.34353963872628,-0.001,1
2160,-70.92901,2160,37446343,-81.62095,35.7274823,-78.6962747,35.34353963872628,-0.001,1
2161,-70.92901,2161,37446352,-83.849304,35.7274823,-78.6962747,35.34353963872628,-0.001,1
2162,-70.92901,2162,37446359,-84.53302,35.7274823,-78.6962747,35.34353963872628,-0.001,1
2163,-70.92901,2163,37446367,-88.28653,35.7274823,-78.6962747,35.34353963872628,-0.001,1
2164,-70.92901,2164,37446375,-81.41895,35.7274823,-78.6962747,35.34353963872628,-0.001,1
2165,-70.92901,2165,37446383,-85.95798,35.7274823,-78.6962747,35.34353963872628,-0.001,1
2166,-70.92901,2166,37446391,-93.45285,35.7274823,-78.6962747,35.34353963872628,-0.001,1
2167,-70.92901,2167,37446647,-84.51835,35.7274823,-78.6962747,35.34353963872628,-0.001,1
2168,-70.92901,2168,37446655,-89.13125,35.7274823,-78.6962747,35.34353963872628,-0.001,1
2169,-70.92901,2169,37446663,-84.90314,35.7274823,-78.6962747,35.34353963872628,-0.001,1
2170,-70.92901,2170,37446671,-91.13006,35.7274823,-78.6962747,35.34353963872628,-0.001,1
2171,-70.92901,2171,37446680,-84.4234,35.7274823,-78.6962747,35.34353963872628,-0.001,1
2172,-70.92901,2172,37446688,-84.78601,35.7274823,-78.6962747,35.34353963872628,-0.001,1
2173,-70.92901,2173,37446696,-86.22443,35.7274823,-78.6962747,35.34353963872628,-0.001,1
2174,-70.92901,2174,37446704,-87.98113,35.7274823,-78.6962747,35.34353963872628,-0.001,1
2175,-70.92901,2175,37446960,-80.433,35.7274823,-78.6962747,35.34353963872628,-0.001,1
2176,-70.92901,2176,37446968,-84.60075,35.7274823,-78.6962747,35.34353963872628,-0.001,1
2177,-70.92901,2177,37446975,-80.87037,35.7274823,-78.6962747,35.34353963872628,-0.001,1
2178,-70.92901,2178,37446983,-83.991486,35.7274823,-78.6962747,35.34353963872628,-0.001,1
2179,-70.92901,2179,37446991,-85.03059,35.7274823,-78.6962747,35.34353963872628,-0.001,1
2180,-70.92901,2180,37447000,-92.39584,35.7274823,-78.6962747,35.34353963872628,-0.001,1
2181,-70.92901,2181,37447007,-82.31302,35.7274823,-78.6962747,35.34353963872628,-0.001,1
2182,-70.92901,2182,37447016,-90.31015,35.7274823,-78.6962747,35.34353963872628,-0.001,1
2183,-70.92901,2183,37447023,-87.40623,35.7274823,-78.6962747,35.34353963872628,-0.001,1
2184,-70.92901,2184,37447279,-86.157166,35.7274823,-78.6962747,35.34353963872628,-0.001,1
2185,-70.92901,2185,37447287,-84.290184,35.7274823,-78.6962747,35.34353963872628,-0.001,1
2186,-70.92901,2186,37447295,-81.58707,35.7274823,-78.6962747,35.34353963872628,-0.001,1
2187,-70.92901,2187,37447303,-87.283936,35.7274823,-78.6962747,35.34353963872628,-0.001,1
2188,-70.92901,2188,37447311,-79.74925,35.7274823,-78.6962747,35.34353963872628,-0.001,1
2189,-70.92901,2189,37447320,-80.94644,35.7274823,-78.6962747,35.34353963872628,-0.001,1
2190,-70.92901,2190,37447327,-82.802185,35.7274823,-78.6962747,35.34353963872628,-0.001,1
2191,-70.92901,2191,37447335,-90.32507,35.7274823,-78.6962747,35.34353963872628,-0.001,1
2192,-70.92901,2192,37447592,-84.85275,35.7274823,-78.6962747,35.34353963872628,-0.001,1
2193,-70.92901,2193,37447599,-80.25812,35.7274823,-78.6962747,35.34353963872628,-0.001,1
2194,-70.92901,2194,37447608,-86.68944,35.7274823,-78.6962747,35.34353963872628,-0.001,1
2195,-70.92901,2195,37447615,-84.310394,35.7274823,-78.6962747,35.34353963872628,-0.001,1
2196,-70.92901,2196,37447624,-85.43898,35.7274823,-78.6962747,35.34353963872628,-0.001,1
2197,-70.92901,2197,37447631,-84.53168,35.7274823,-78.6962747,35.34353963872628,-0.001,1
2198,-70.92901,2198,37447640,-86.202225,35.7274823,-78.6962747,35.34353963872628,-0.001,1
2199,-70.92901,2199,37447648,-83.86058,35.7274823,-78.6962747,35.34353963872628,-0.001,1
2200,-70.92901,2200,37447903,-80.57104,35.7274823,-78.6962747,35.34353963872628,-0.001,1
2201,-70.92901,2201,37447911,-91.08509,35.7274823,-78.6962747,35.34353963872628,-0.001,1
2202,-70.92901,2202,37447919,-82.29352,35.7274823,-78.6962747,35.34353963872628,-0.001,1
2203,-70.92901,2203,37447927,-84.986145,35.7274823,-78.6962747,35.34353963872628,-0.001,1
2204,-70.92901,2204,37447935,-83.5925,35.7274823,-78.6962747,35.34353963872628,-0.001,1
2205,-70.92901,2205,37447943,-87.746765,35.7274823,-78.6962747,35.34353963872628,-0.001,1
2206,-70.92901,2206,37447951,-82.430916,35.7274823,-78.6962747,35.34353963872628,-0.001,1
2207,-70.92901,2207,37447959,-84.969124,35.7274823,-78.6962747,35.34353963872628,-0.001,1
2208,-70.92901,2208,37448215,-89.86675,35.7274823,-78.6962747,35.34353963872628,-0.001,1
2209,-70.92901,2209,37448223,-91.416534,35.7274823,-78.6962747,35.34353963872628,-0.001,1
2210,-70.92901,2210,37448231,-86.15552,35.7274823,-78.6962747,35.34353963872628,-0.001,1
2211,-70.92901,2211,37448239,-84.596016,35.7274823,-78.6962747,35.34353963872628,-0.001,1
2212,-70.92901,2212,37448247,-89.457085,35.7274823,-78.6962747,35.34353963872628,-0.001,1
2213,-70.92901,2213,37448255,-85.80063,35.7274823,-78.6962747,35.34353963872628,-0.001,1
2214,-70.92901,2214,37448263,-81.91305,35.7274823,-78.6962747,35.34353963872628,-0.001,1
2215,-70.92901,2215,37448271,-84.37935,35.7274823,-78.6962747,35.34353963872628,-0.001,1
2216,-70.92901,2216,37448527,-86.692505,35.7274823,-78.6962747,35.34353963872628,-0.001,1
2217,-70.92901,2217,37448535,-89.41833,35.7274823,-78.6962747,35.34353963872628,-0.001,1
2218,-70.92901,2218,37448542,-97.09912,35.7274823,-78.6962747,35.34353963872628,-0.001,1
2219,-70.92901,2219,37448551,-87.580505,35.7274823,-78.6962747,35.34353963872628,-0.001,1
2220,-70.92901,2220,37448558,-82.98207,35.7274823,-78.6962747,35.34353963872628,-0.001,1
2221,-70.92901,2221,37448567,-83.49095,35.7274823,-78.6962747,35.34353963872628,-0.001,1
2222,-70.92901,2222,37448574,-84.38127,35.7274823,-78.6962747,35.34353963872628,-0.001,1
2223,-70.92901,2223,37448583,-87.96724,35.7274823,-78.6962747,35.34353963872628,-0.001,1
2224,-70.92901,2224,37448590,-87.56151,35.7274823,-78.6962747,35.34353963872628,-0.001,1
2225,-70.92901,2225,37448846,-86.62683,35.7274823,-78.6962747,35.34353963872628,-0.001,1
2226,-70.92901,2226,37448854,-83.407364,35.7274823,-78.6962747,35.34353963872628,-0.001,1
2227,-70.92901,2227,37448862,-85.489174,35.7274823,-78.6962747,35.34353963872628,-0.001,1
2228,-70.92901,2228,37448870,-89.59189,35.7274823,-78.6962747,35.34353963872628,-0.001,1
2229,-70.92901,2229,37448878,-87.09828,35.7274823,-78.6962747,35.34353963872628,-0.001,1
2230,-70.92901,2230,37448886,-84.23372,35.7274823,-78.6962747,35.34353963872628,-0.001,1
2231,-70.92901,2231,37448894,-91.633804,35.7274823,-78.6962747,35.34353963872628,-0.001,1
2232,-70.92901,2232,37448902,-86.01393,35.7274823,-78.6962747,35.34353963872628,-0.001,1
2233,-70.92901,2233,37449158,-87.054474,35.7274823,-78.6962747,35.34353963872628,-0.001,1
2234,-70.92901,2234,37449166,-83.72897,35.7274823,-78.6962747,35.34353963872628,-0.001,1
2235,-70.92901,2235,37449174,-89.98799,35.7274823,-78.6962747,35.34353963872628,-0.001,1
2236,-70.92901,2236,37449182,-85.86123,35.7274823,-78.6962747,35.34353963872628,-0.001,1
2237,-70.92901,2237,37449190,-83.99875,35.7274823,-78.6962747,35.34353963872628,-0.001,1
2238,-70.92901,2238,37449198,-89.65491,35.7274823,-78.6962747,35.34353963872628,-0.001,1
2239,-70.92901,2239,37449206,-90.17027,35.7274823,-78.6962747,35.34353963872628,-0.001,1
2240,-70.92901,2240,37449214,-84.724144,35.7274823,-78.6962747,35.34353963872628,-0.001,1
2241,-70.92901,2241,37449470,-86.8872,35.7274823,-78.6962747,35.34353963872628,-0.001,1
2242,-70.92901,2242,37449478,-84.713455,35.7274823,-78.6962747,35.34353963872628,-0.001,1
2243,-70.92901,2243,37449485,-94.133194,35.7274823,-78.6962747,35.34353963872628,-0.001,1
2244,-70.92901,2244,37449494,-87.07315,35.7274823,-78.6962747,35.34353963872628,-0.001,1
2245,-70.92901,2245,37449501,-86.49291,35.7274823,-78.6962747,35.34353963872628,-0.001,1
2246,-70.92901,2246,37449510,-79.32202,35.7274823,-78.6962747,35.34353963872628,-0.001,1
2247,-70.92901,2247,37449518,-84.181885,35.7274823,-78.6962747,35.34353963872628,-0.001,1
2248,-70.92901,2248,37449526,-84.127975,35.7274823,-78.6962747,35.34353963872628,-0.001,1
2249,-70.92901,2249,37449782,-87.225464,35.7274823,-78.6962747,35.34353963872628,-0.001,1
2250,-70.92901,2250,37449789,-92.17447,35.7274823,-78.6962747,35.34353963872628,-0.001,1
2251,-70.92901,2251,37449797,-96.836,35.7274823,-78.6962747,35.34353963872628,-0.001,1
2252,-70.92901,2252,37449805,-83.81137,35.7274823,-78.6962747,35.34353963872628,-0.001,1
2253,-70.92901,2253,37449814,-91.81879,35.7274823,-78.6962747,35.34353963872628,-0.001,1
2254,-70.92901,2254,37449821,-87.16182,35.7274823,-78.6962747,35.34353963872628,-0.001,1
2255,-70.92901,2255,37449830,-85.922455,35.7274823,-78.6962747,35.34353963872628,-0.001,1
2256,-70.92901,2256,37449837,-85.541046,35.7274823,-78.6962747,35.34353963872628,-0.001,1
2257,-70.92901,2257,37450093,-85.25336,35.7274823,-78.6962747,35.34353963872628,-0.001,1
2258,-70.92901,2258,37450102,-83.38408,35.7274823,-78.6962747,35.34353963872628,-0.001,1
2259,-70.92901,2259,37450109,-92.27789,35.7274823,-78.6962747,35.34353963872628,-0.001,1
2260,-70.92901,2260,37450117,-86.69806,35.7274823,-78.6962747,35.34353963872628,-0.001,1
2261,-70.92901,2261,37450125,-82.94339,35.7274823,-78.6962747,35.34353963872628,-0.001,1
2262,-70.92901,2262,37450133,-86.85817,35.7274823,-78.6962747,35.34353963872628,-0.001,1
2263,-70.92901,2263,37450141,-82.87397,35.7274823,-78.6962747,35.34353963872628,-0.001,1
2264,-70.92901,2264,37450149,-80.47179,35.7274823,-78.6962747,35.34353963872628,-0.001,1
2265,-70.92901,2265,37450157,-85.778275,35.7274823,-78.6962747,35.34353963872628,-0.001,1
2266,-70.92901,2266,37450413,-83.95752,35.7274823,-78.6962747,35.34353963872628,-0.001,1
2267,-70.92901,2267,37450421,-88.630325,35.7274823,-78.6962747,35.34353963872628,-0.001,1
2268,-70.92901,2268,37450429,-90.08754,35.7274823,-78.6962747,35.34353963872628,-0.001,1
2269,-70.92901,2269,37450437,-84.25803,35.7274823,-78.6962747,35.34353963872628,-0.001,1
2270,-70.92901,2270,37450445,-89.3625,35.7274823,-78.6962747,35.34353963872628,-0.001,1
2271,-70.92901,2271,37450453,-90.92006,35.7274823,-78.6962747,35.34353963872628,-0.001,1
2272,-70.92901,2272,37450461,-87.459045,35.7274823,-78.6962747,35.34353963872628,-0.001,1
2273,-70.92901,2273,37450468,-83.11813,35.7274823,-78.6962747,35.34353963872628,-0.001,1
2274,-70.92901,2274,37450725,-82.13675,35.7274823,-78.6962747,35.34353963872628,-0.001,1
2275,-70.92901,2275,37450732,-92.33754,35.7274823,-78.6962747,35.34353963872628,-0.001,1
2276,-70.92901,2276,37450741,-88.155334,35.7274823,-78.6962747,35.34353963872628,-0.001,1
2277,-70.92901,2277,37450748,-83.823105,35.7274823,-78.6962747,35.34353963872628,-0.001,1
2278,-70.92901,2278,37450757,-85.03509,35.7274823,-78.6962747,35.34353963872628,-0.001,1
2279,-70.92901,2279,37450764,-87.800766,35.7274823,-78.6962747,35.34353963872628,-0.001,1
2280,-70.92901,2280,37450772,-82.0006,35.7274823,-78.6962747,35.34353963872628,-0.001,1
2281,-70.92901,2281,37450780,-81.02174,35.7274823,-78.6962747,35.34353963872628,-0.001,1
2282,-70.92901,2282,37451037,-84.65689,35.7274823,-78.6962747,35.34353963872628,-0.001,1
2283,-70.92901,2283,37451045,-87.63617,35.7274823,-78.6962747,35.34353963872628,-0.001,1
2284,-70.92901,2284,37451053,-86.21936,35.7274823,-78.6962747,35.34353963872628,-0.001,1
2285,-70.92901,2285,37451061,-81.30838,35.7274823,-78.6962747,35.34353963872628,-0.001,1
2286,-70.92901,2286,37451069,-83.596405,35.7274823,-78.6962747,35.34353963872628,-0.001,1
2287,-70.92901,2287,37451077,-84.2133,35.7274823,-78.6962747,35.34353963872628,-0.001,1
2288,-70.92901,2288,37451085,-87.318985,35.7274823,-78.6962747,35.34353963872628,-0.001,1
2289,-70.92901,2289,37451093,-82.617065,35.7274823,-78.6962747,35.34353963872628,-0.001,1
2290,-70.92901,2290,37451349,-86.76755,35.7274823,-78.6962747,35.34353963872628,-0.001,1
2291,-70.92901,2291,37451356,-93.12198,35.7274823,-78.6962747,35.34353963872628,-0.001,1
2292,-70.92901,2292,37451365,-89.82409,35.7274823,-78.6962747,35.34353963872628,-0.001,1
2293,-70.92901,2293,37451372,-84.2651,35.7274823,-78.6962747,35.34353963872628,-0.001,1
2294,-70.92901,2294,37451380,-84.16144,35.7274823,-78.6962747,35.34353963872628,-0.001,1
2295,-70.92901,2295,37451389,-86.205025,35.7274823,-78.6962747,35.34353963872628,-0.001,1
2296,-70.92901,2296,37451396,-81.96512,35.7274823,-78.6962747,35.34353963872628,-0.001,1
2297,-70.92901,2297,37451405,-84.573296,35.7274823,-78.6962747,35.34353963872628,-0.001,1
2298,-70.92901,2298,37451660,-80.58705,35.7274823,-78.6962747,35.34353963872628,-0.001,1
2299,-70.92901,2299,37451668,-94.92414,35.7274823,-78.6962747,35.34353963872628,-0.001,1
2300,-70.92901,2300,37451676,-84.43653,35.7274823,-78.6962747,35.34353963872628,-0.001,1
2301,-70.92901,2301,37451684,-85.66316,35.7274823,-78.6962747,35.34353963872628,-0.001,1
2302,-70.92901,2302,37451692,-86.80873,35.7274823,-78.6962747,35.34353963872628,-0.001,1
2303,-70.92901,2303,37451700,-85.2386,35.7274823,-78.6962747,35.34353963872628,-0.001,1
2304,-70.92901,2304,37451708,-96.87302,35.7274823,-78.6962747,35.34353963872628,-0.001,1
2305,-70.92901,2305,37451716,-88.40848,35.7274823,-78.6962747,35.34353963872628,-0.001,1
2306,-70.92901,2306,37451973,-90.50163,35.7274823,-78.6962747,35.34353963872628,-0.001,1
2307,-70.92901,2307,37451981,-91.56069,35.7274823,-78.6962747,35.34353963872628,-0.001,1
2308,-70.92901,2308,37451989,-98.43956,35.7274823,-78.6962747,35.34353963872628,-0.001,1
2309,-70.92901,2309,37451997,-80.000465,35.7274823,-78.6962747,35.34353963872628,-0.001,1
2310,-70.92901,2310,37452004,-81.14561,35.7274823,-78.6962747,35.34353963872628,-0.001,1
2311,-70.92901,2311,37452013,-88.77215,35.7274823,-78.6962747,35.34353963872628,-0.001,1
2312,-70.92901,2312,37452020,-82.14534,35.7274823,-78.6962747,35.34353963872628,-0.001,1
2313,-70.92901,2313,37452029,-84.420235,35.7274823,-78.6962747,35.34353963872628,-0.001,1
2314,-70.92901,2314,37452036,-87.46124,35.7274823,-78.6962747,35.34353963872628,-0.001,1
2315,-70.92901,2315,37452293,-85.803825,35.7274823,-78.6962747,35.34353963872628,-0.001,1
2316,-70.92901,2316,37452301,-88.315865,35.7274823,-78.6962747,35.34353963872628,-0.001,1
2317,-70.92901,2317,37452309,-90.91916,35.7274823,-78.6962747,35.34353963872628,-0.001,1
2318,-70.92901,2318,37452317,-83.52571,35.7274823,-78.6962747,35.34353963872628,-0.001,1
2319,-70.92901,2319,37452325,-86.358185,35.7274823,-78.6962747,35.34353963872628,-0.001,1
2320,-70.92901,2320,37452333,-86.520355,35.7274823,-78.6962747,35.34353963872628,-0.001,1
2321,-70.92901,2321,37452341,-84.897125,35.7274823,-78.6962747,35.34353963872628,-0.001,1
2322,-70.92901,2322,37452349,-82.219086,35.7274823,-78.6962747,35.34353963872628,-0.001,1
2323,-70.92901,2323,37452605,-87.208694,35.7274823,-78.6962747,35.34353963872628,-0.001,1
2324,-70.92901,2324,37452613,-85.284035,35.7274823,-78.6962747,35.34353963872628,-0.001,1
2325,-70.92901,2325,37452621,-85.22318,35.7274823,-78.6962747,35.34353963872628,-0.001,1
2326,-70.92901,2326,37452629,-82.901505,35.7274823,-78.6962747,35.34353963872628,-0.001,1
2327,-70.92901,2327,37452637,-87.559616,35.7274823,-78.6962747,35.34353963872628,-0.001,1
2328,-70.92901,2328,37452645,-95.0293,35.7274823,-78.6962747,35.34353963872628,-0.001,1
2329,-70.92901,2329,37452653,-85.24112,35.7274823,-78.6962747,35.34353963872628,-0.001,1
2330,-70.92901,2330,37452661,-84.27614,35.7274823,-78.6962747,35.34353963872628,-0.001,1
2331,-70.92901,2331,37452917,-88.04962,35.7274823,-78.6962747,35.34353963872628,-0.001,1
2332,-70.92901,2332,37452925,-85.924286,35.7274823,-78.6962747,35.34353963872628,-0.001,1
2333,-70.92901,2333,37452933,-82.54768,35.7274823,-78.6962747,35.34353963872628,-0.001,1
2334,-70.92901,2334,37452941,-82.21795,35.7274823,-78.6962747,35.34353963872628,-0.001,1
2335,-70.92901,2335,37452949,-84.630066,35.7274823,-78.6962747,35.34353963872628,-0.001,1
2336,-70.92901,2336,37452957,-84.13577,35.7274823,-78.6962747,35.34353963872628,-0.001,1
2337,-70.92901,2337,37452965,-83.20759,35.7274823,-78.6962747,35.34353963872628,-0.001,1
2338,-70.92901,2338,37452973,-86.8636,35.7274823,-78.6962747,35.34353963872628,-0.001,1
2339,-70.92901,2339,37453229,-83.04198,35.7274823,-78.6962747,35.34353963872628,-0.001,1
2340,-70.92901,2340,37453237,-81.26511,35.7274823,-78.6962747,35.34353963872628,-0.001,1
2341,-70.92901,2341,37453245,-83.285065,35.7274823,-78.6962747,35.34353963872628,-0.001,1
2342,-70.92901,2342,37453253,-82.92238,35.7274823,-78.6962747,35.34353963872628,-0.001,1
2343,-70.92901,2343,37453261,-81.31315,35.7274823,-78.6962747,35.34353963872628,-0.001,1
2344,-70.92901,2344,37453269,-82.12224,35.7274823,-78.6962747,35.34353963872628,-0.001,1
2345,-70.92901,2345,37453277,-80.74701,35.7274823,-78.6962747,35.34353963872628,-0.001,1
2346,-70.92901,2346,37453285,-82.282745,35.7274823,-78.6962747,35.34353963872628,-0.001,1
2347,-70.92901,2347,37453541,-82.67424,35.7274823,-78.6962747,35.34353963872628,-0.001,1
2348,-70.92901,2348,37453549,-81.37297,35.7274823,-78.6962747,35.34353963872628,-0.001,1
2349,-70.92901,2349,37453557,-85.305405,35.7274823,-78.6962747,35.34353963872628,-0.001,1
2350,-70.92901,2350,37453565,-84.281494,35.7274823,-78.6962747,35.34353963872628,-0.001,1
2351,-70.92901,2351,37453573,-80.22009,35.7274823,-78.6962747,35.34353963872628,-0.001,1
2352,-70.92901,2352,37453581,-84.12863,35.7274823,-78.6962747,35.34353963872628,-0.001,1
2353,-70.92901,2353,37453589,-84.5027,35.7274823,-78.6962747,35.34353963872628,-0.001,1
2354,-70.92901,2354,37453597,-87.211914,35.7274823,-78.6962747,35.34353963872628,-0.001,1
2355,-70.92901,2355,37453605,-93.6008,35.7274823,-78.6962747,35.34353963872628,-0.001,1
2356,-70.92901,2356,37453861,-88.06007,35.7274823,-78.6962747,35.34353963872628,-0.001,1
2357,-70.92901,2357,37453869,-83.75519,35.7274823,-78.6962747,35.34353963872628,-0.001,1
2358,-70.92901,2358,37453876,-83.945366,35.7274823,-78.6962747,35.34353963872628,-0.001,1
2359,-70.92901,2359,37453885,-88.22251,35.7274823,-78.6962747,35.34353963872628,-0.001,1
2360,-70.92901,2360,37453892,-82.615425,35.7274823,-78.6962747,35.34353963872628,-0.001,1
2361,-70.92901,2361,37453901,-87.20571,35.7274823,-78.6962747,35.34353963872628,-0.001,1
2362,-70.92901,2362,37453909,-83.88562,35.7274823,-78.6962747,35.34353963872628,-0.001,1
2363,-70.92901,2363,37453917,-88.39344,35.7274823,-78.6962747,35.34353963872628,-0.001,1
2364,-70.92901,2364,37454173,-86.04159,35.7274823,-78.6962747,35.34353963872628,-0.001,1
2365,-70.92901,2365,37454180,-85.7605,35.7274823,-78.6962747,35.34353963872628,-0.001,1
2366,-70.92901,2366,37454188,-89.91843,35.7274823,-78.6962747,35.34353963872628,-0.001,1
2367,-70.92901,2367,37454196,-83.995155,35.7274823,-78.6962747,35.34353963872628,-0.001,1
2368,-70.92901,2368,37454204,-79.486374,35.7274823,-78.6962747,35.34353963872628,-0.001,1
2369,-70.92901,2369,37454212,-92.4427,35.7274823,-78.6962747,35.34353963872628,-0.001,1
2370,-70.92901,2370,37454221,-89.16065,35.7274823,-78.6962747,35.34353963872628,-0.001,1
2371,-70.92901,2371,37454229,-83.06788,35.7274823,-78.6962747,35.34353963872628,-0.001,1
2372,-70.92901,2372,37454484,-85.778305,35.7274823,-78.6962747,35.34353963872628,-0.001,1
2373,-70.92901,2373,37454492,-88.46762,35.7274823,-78.6962747,35.34353963872628,-0.001,1
2374,-70.92901,2374,37454500,-86.36782,35.7274823,-78.6962747,35.34353963872628,-0.001,1
2375,-70.92901,2375,37454508,-82.18582,35.7274823,-78.6962747,35.34353963872628,-0.001,1
2376,-70.92901,2376,37454516,-86.033905,35.7274823,-78.6962747,35.34353963872628,-0.001,1
2377,-70.92901,2377,37454524,-82.33626,35.7274823,-78.6962747,35.34353963872628,-0.001,1
2378,-70.92901,2378,37454532,-84.51643,35.7274823,-78.6962747,35.34353963872628,-0.001,1
2379,-70.92901,2379,37454540,-92.33043,35.7274823,-78.6962747,35.34353963872628,-0.001,1
2380,-70.92901,2380,37454796,-90.20189,35.7274823,-78.6962747,35.34353963872628,-0.001,1
2381,-70.92901,2381,37454804,-83.454445,35.7274823,-78.6962747,35.34353963872628,-0.001,1
2382,-70.92901,2382,37454812,-83.25874,35.7274823,-78.6962747,35.34353963872628,-0.001,1
2383,-70.92901,2383,37454820,-84.05946,35.7274823,-78.6962747,35.34353963872628,-0.001,1
2384,-70.92901,2384,37454828,-88.16497,35.7274823,-78.6962747,35.34353963872628,-0.001,1
2385,-70.92901,2385,37454836,-85.596634,35.7274823,-78.6962747,35.34353963872628,-0.001,1
2386,-70.92901,2386,37454844,-84.34924,35.7274823,-78.6962747,35.34353963872628,-0.001,1
2387,-70.92901,2387,37454852,-83.87335,35.7274823,-78.6962747,35.34353963872628,-0.001,1
2388,-70.92901,2388,37455108,-84.37329,35.7274823,-78.6962747,35.34353963872628,-0.001,1
2389,-70.92901,2389,37455116,-85.60838,35.7274823,-78.6962747,35.34353963872628,-0.001,1
2390,-70.92901,2390,37455124,-84.30476,35.7274823,-78.6962747,35.34353963872628,-0.001,1
2391,-70.92901,2391,37455132,-84.76842,35.7274823,-78.6962747,35.34353963872628,-0.001,1
2392,-70.92901,2392,37455140,-84.91055,35.7274823,-78.6962747,35.34353963872628,-0.001,1
2393,-70.92901,2393,37455148,-80.19502,35.7274823,-78.6962747,35.34353963872628,-0.001,1
2394,-70.92901,2394,37455156,-86.09566,35.7274823,-78.6962747,35.34353963872628,-0.001,1
2395,-70.92901,2395,37455164,-85.73726,35.7274823,-78.6962747,35.34353963872628,-0.001,1
2396,-70.92901,2396,37455172,-87.7049,35.7274823,-78.6962747,35.34353963872628,-0.001,1
2397,-70.92901,2397,37455427,-81.61042,35.7274823,-78.6962747,35.34353963872628,-0.001,1
2398,-70.92901,2398,37455435,-86.079956,35.7274823,-78.6962747,35.34353963872628,-0.001,1
2399,-70.92901,2399,37455444,-87.04538,35.7274823,-78.6962747,35.34353963872628,-0.001,1
2400,-70.92901,2400,37455452,-82.92861,35.7274823,-78.6962747,35.34353963872628,-0.001,1
2401,-70.92901,2401,37455460,-82.12291,35.7274823,-78.6962747,35.34353963872628,-0.001,1
2402,-70.92901,2402,37455468,-81.27815,35.7274823,-78.6962747,35.34353963872628,-0.001,1
2403,-70.92901,2403,37455476,-82.7569,35.7274823,-78.6962747,35.34353963872628,-0.001,1
2404,-70.92901,2404,37455484,-83.287186,35.7274823,-78.6962747,35.34353963872628,-0.001,1
2405,-70.92901,2405,37455740,-82.046104,35.7274823,-78.6962747,35.34353963872628,-0.001,1
2406,-70.92901,2406,37455748,-80.993164,35.7274823,-78.6962747,35.34353963872628,-0.001,1
2407,-70.92901,2407,37455756,-85.597626,35.7274823,-78.6962747,35.34353963872628,-0.001,1
2408,-70.92901,2408,37455764,-83.760216,35.7274823,-78.6962747,35.34353963872628,-0.001,1
2409,-70.92901,2409,37455772,-85.84919,35.7274823,-78.6962747,35.34353963872628,-0.001,1
2410,-70.92901,2410,37455780,-85.14143,35.7274823,-78.6962747,35.34353963872628,-0.001,1
2411,-70.92901,2411,37455788,-84.33817,35.7274823,-78.6962747,35.34353963872628,-0.001,1
2412,-70.92901,2412,37455796,-95.93819,35.7274823,-78.6962747,35.34353963872628,-0.001,1
2413,-70.92901,2413,37456051,-82.31354,35.7274823,-78.6962747,35.34353963872628,-0.001,1
2414,-70.92901,2414,37456060,-83.7672,35.7274823,-78.6962747,35.34353963872628,-0.001,1
2415,-70.92901,2415,37456067,-83.196304,35.7274823,-78.6962747,35.34353963872628,-0.001,1
2416,-70.92901,2416,37456076,-85.47917,35.7274823,-78.6962747,35.34353963872628,-0.001,1
2417,-70.92901,2417,37456084,-86.08927,35.7274823,-78.6962747,35.34353963872628,-0.001,1
2418,-70.92901,2418,37456092,-88.21462,35.7274823,-78.6962747,35.34353963872628,-0.001,1
2419,-70.92901,2419,37456100,-95.7096,35.7274823,-78.6962747,35.34353963872628,-0.001,1
2420,-70.92901,2420,37456108,-86.11911,35.7274823,-78.6962747,35.34353963872628,-0.001,1
2421,-70.92901,2421,37456364,-89.40204,35.7274823,-78.6962747,35.34353963872628,-0.001,1
2422,-70.92901,2422,37456372,-89.14757,35.7274823,-78.6962747,35.34353963872628,-0.001,1
2423,-70.92901,2423,37456380,-83.47821,35.7274823,-78.6962747,35.34353963872628,-0.001,1
2424,-70.92901,2424,37456388,-81.19094,35.7274823,-78.6962747,35.34353963872628,-0.001,1
2425,-70.92901,2425,37456396,-83.23561,35.7274823,-78.6962747,35.34353963872628,-0.001,1
2426,-70.92901,2426,37456404,-88.65538,35.7274823,-78.6962747,35.34353963872628,-0.001,1
2427,-70.92901,2427,37456412,-92.7045,35.7274823,-78.6962747,35.34353963872628,-0.001,1
2428,-70.92901,2428,37456420,-84.02445,35.7274823,-78.6962747,35.34353963872628,-0.001,1
2429,-70.92901,2429,37456675,-87.29006,35.7274823,-78.6962747,35.34353963872628,-0.001,1
2430,-70.92901,2430,37456683,-88.67096,35.7274823,-78.6962747,35.34353963872628,-0.001,1
2431,-70.92901,2431,37456691,-83.89094,35.7274823,-78.6962747,35.34353963872628,-0.001,1
2432,-70.92901,2432,37456699,-83.29018,35.7274823,-78.6962747,35.34353963872628,-0.001,1
2433,-70.92901,2433,37456707,-83.03317,35.7274823,-78.6962747,35.34353963872628,-0.001,1
2434,-70.92901,2434,37456715,-84.93648,35.7274823,-78.6962747,35.34353963872628,-0.001,1
2435,-70.92901,2435,37456723,-82.260155,35.7274823,-78.6962747,35.34353963872628,-0.001,1
2436,-70.92901,2436,37456731,-83.72145,35.7274823,-78.6962747,35.34353963872628,-0.001,1
2437,-70.92901,2437,37456987,-85.894806,35.7274823,-78.6962747,35.34353963872628,-0.001,1
2438,-70.92901,2438,37456995,-83.06457,35.7274823,-78.6962747,35.34353963872628,-0.001,1
2439,-70.92901,2439,37457003,-82.07147,35.7274823,-78.6962747,35.34353963872628,-0.001,1
2440,-70.92901,2440,37457011,-89.561005,35.7274823,-78.6962747,35.34353963872628,-0.001,1
2441,-70.92901,2441,37457019,-86.6857,35.7274823,-78.6962747,35.34353963872628,-0.001,1
2442,-70.92901,2442,37457027,-84.65608,35.7274823,-78.6962747,35.34353963872628,-0.001,1
2443,-70.92901,2443,37457035,-82.34334,35.7274823,-78.6962747,35.34353963872628,-0.001,1
2444,-70.92901,2444,37457043,-85.81112,35.7274823,-78.6962747,35.34353963872628,-0.001,1
2445,-70.92901,2445,37457298,-85.16312,35.7274823,-78.6962747,35.34353963872628,-0.001,1
2446,-70.92901,2446,37457307,-85.479294,35.7274823,-78.6962747,35.34353963872628,-0.001,1
2447,-70.92901,2447,37457314,-82.717026,35.7274823,-78.6962747,35.34353963872628,-0.001,1
2448,-70.92901,2448,37457323,-96.58148,35.7274823,-78.6962747,35.34353963872628,-0.001,1
2449,-70.92901,2449,37457330,-85.42757,35.7274823,-78.6962747,35.34353963872628,-0.001,1
2450,-70.92901,2450,37457339,-85.70137,35.7274823,-78.6962747,35.34353963872628,-0.001,1
2451,-70.92901,2451,37457346,-81.94907,35.7274823,-78.6962747,35.34353963872628,-0.001,1
2452,-70.92901,2452,37457355,-91.94078,35.7274823,-78.6962747,35.34353963872628,-0.001,1
2453,-70.92901,2453,37457362,-87.35802,35.7274823,-78.6962747,35.34353963872628,-0.001,1
2454,-70.92901,2454,37457618,-87.64815,35.7274823,-78.6962747,35.34353963872628,-0.001,1
2455,-70.92901,2455,37457626,-83.61134,35.7274823,-78.6962747,35.34353963872628,-0.001,1
2456,-70.92901,2456,37457634,-86.535614,35.7274823,-78.6962747,35.34353963872628,-0.001,1
2457,-70.92901,2457,37457642,-90.48486,35.7274823,-78.6962747,35.34353963872628,-0.001,1
2458,-70.92901,2458,37457650,-89.45433,35.7274823,-78.6962747,35.34353963872628,-0.001,1
2459,-70.92901,2459,37457658,-81.05739,35.7274823,-78.6962747,35.34353963872628,-0.001,1
2460,-70.92901,2460,37457666,-79.91577,35.7274823,-78.6962747,35.34353963872628,-0.001,1
2461,-70.92901,2461,37457674,-85.53931,35.7274823,-78.6962747,35.34353963872628,-0.001,1
2462,-70.92901,2462,37457930,-87.92428,35.7274823,-78.6962747,35.34353963872628,-0.001,1
2463,-70.92901,2463,37457938,-84.06494,35.7274823,-78.6962747,35.34353963872628,-0.001,1
2464,-70.92901,2464,37457946,-86.87619,35.7274823,-78.6962747,35.34353963872628,-0.001,1
2465,-70.92901,2465,37457954,-88.09672,35.7274823,-78.6962747,35.34353963872628,-0.001,1
2466,-70.92901,2466,37457962,-88.11481,35.7274823,-78.6962747,35.34353963872628,-0.001,1
2467,-70.92901,2467,37457970,-89.56505,35.7274823,-78.6962747,35.34353963872628,-0.001,1
2468,-70.92901,2468,37457978,-85.076385,35.7274823,-78.6962747,35.34353963872628,-0.001,1
2469,-70.92901,2469,37457986,-90.34239,35.7274823,-78.6962747,35.34353963872628,-0.001,1
2470,-70.92901,2470,37458241,-85.31897,35.7274823,-78.6962747,35.34353963872628,-0.001,1
2471,-70.92901,2471,37458250,-86.28703,35.7274823,-78.6962747,35.34353963872628,-0.001,1
2472,-70.92901,2472,37458257,-85.118256,35.7274823,-78.6962747,35.34353963872628,-0.001,1
2473,-70.92901,2473,37458266,-85.320755,35.7274823,-78.6962747,35.34353963872628,-0.001,1
2474,-70.92901,2474,37458274,-85.3091,35.7274823,-78.6962747,35.34353963872628,-0.001,1
2475,-70.92901,2475,37458282,-86.337585,35.7274823,-78.6962747,35.34353963872628,-0.001,1
2476,-70.92901,2476,37458290,-85.50876,35.7274823,-78.6962747,35.34353963872628,-0.001,1
2477,-70.92901,2477,37458298,-85.90306,35.7274823,-78.6962747,35.34353963872628,-0.001,1
2478,-70.92901,2478,37458554,-91.61708,35.7274823,-78.6962747,35.34353963872628,-0.001,1
2479,-70.92901,2479,37458562,-82.261566,35.7274823,-78.6962747,35.34353963872628,-0.001,1
2480,-70.92901,2480,37458570,-81.72508,35.7274823,-78.6962747,35.34353963872628,-0.001,1
2481,-70.92901,2481,37458578,-82.12569,35.7274823,-78.6962747,35.34353963872628,-0.001,1
2482,-70.92901,2482,37458586,-83.57574,35.7274823,-78.6962747,35.34353963872628,-0.001,1
2483,-70.92901,2483,37458594,-85.9807,35.7274823,-78.6962747,35.34353963872628,-0.001,1
2484,-70.92901,2484,37458602,-87.55274,35.7274823,-78.6962747,35.34353963872628,-0.001,1
2485,-70.92901,2485,37458610,-90.75246,35.7274823,-78.6962747,35.34353963872628,-0.001,1
2486,-70.92901,2486,37458865,-86.15398,35.7274823,-78.6962747,35.34353963872628,-0.001,1
2487,-70.92901,2487,37458874,-81.30319,35.7274823,-78.6962747,35.34353963872628,-0.001,1
2488,-70.92901,2488,37458881,-82.82817,35.7274823,-78.6962747,35.34353963872628,-0.001,1
2489,-70.92901,2489,37458890,-83.55884,35.7274823,-78.6962747,35.34353963872628,-0.001,1
2490,-70.92901,2490,37458898,-86.89586,35.7274823,-78.6962747,35.34353963872628,-0.001,1
2491,-70.92901,2491,37458906,-81.143555,35.7274823,-78.6962747,35.34353963872628,-0.001,1
2492,-70.92901,2492,37458913,-81.76208,35.7274823,-78.6962747,35.34353963872628,-0.001,1
2493,-70.92901,2493,37458921,-82.20854,35.7274823,-78.6962747,35.34353963872628,-0.001,1
2494,-70.92901,2494,37458929,-82.06752,35.7274823,-78.6962747,35.34353963872628,-0.001,1
2495,-70.92901,2495,37459185,-83.23557,35.7274823,-78.6962747,35.34353963872628,-0.001,1
2496,-70.92901,2496,37459194,-84.52812,35.7274823,-78.6962747,35.34353963872628,-0.001,1
2497,-70.92901,2497,37459201,-84.447876,35.7274823,-78.6962747,35.34353963872628,-0.001,1
2498,-70.92901,2498,37459210,-81.803856,35.7274823,-78.6962747,35.34353963872628,-0.001,1
2499,-70.92901,2499,37459217,-84.54785,35.7274823,-78.6962747,35.34353963872628,-0.001,1
2500,-70.92901,2500,37459226,-83.52698,35.7274823,-78.6962747,35.34353963872628,-0.001,1
2501,-70.92901,2501,37459233,-86.45484,35.7274823,-78.6962747,35.34353963872628,-0.001,1
2502,-70.92901,2502,37459241,-86.496414,35.7274823,-78.6962747,35.34353963872628,-0.001,1
2503,-70.92901,2503,37459497,-88.08849,35.7274823,-78.6962747,35.34353963872628,-0.001,1
2504,-70.92901,2504,37459505,-91.50726,35.7274823,-78.6962747,35.34353963872628,-0.001,1
2505,-70.92901,2505,37459513,-83.53859,35.7274823,-78.6962747,35.34353963872628,-0.001,1
2506,-70.92901,2506,37459521,-82.09929,35.7274823,-78.6962747,35.34353963872628,-0.001,1
2507,-70.92901,2507,37459529,-84.61316,35.7274823,-78.6962747,35.34353963872628,-0.001,1
2508,-70.92901,2508,37459537,-84.235855,35.7274823,-78.6962747,35.34353963872628,-0.001,1
2509,-70.92901,2509,37459545,-82.282455,35.7274823,-78.6962747,35.34353963872628,-0.001,1
2510,-70.92901,2510,37459553,-81.94693,35.7274823,-78.6962747,35.34353963872628,-0.001,1
2511,-70.92901,2511,37459809,-85.07352,35.7274823,-78.6962747,35.34353963872628,-0.001,1
2512,-70.92901,2512,37459817,-84.013916,35.7274823,-78.6962747,35.34353963872628,-0.001,1
2513,-70.92901,2513,37459825,-86.059685,35.7274823,-78.6962747,35.34353963872628,-0.001,1
2514,-70.92901,2514,37459833,-86.52307,35.7274823,-78.6962747,35.34353963872628,-0.001,1
2515,-70.92901,2515,37459841,-81.82646,35.7274823,-78.6962747,35.34353963872628,-0.001,1
2516,-70.92901,2516,37459849,-86.53519,35.7274823,-78.6962747,35.34353963872628,-0.001,1
2517,-70.92901,2517,37459857,-85.567184,35.7274823,-78.6962747,35.34353963872628,-0.001,1
2518,-70.92901,2518,37459865,-83.57119,35.7274823,-78.6962747,35.34353963872628,-0.001,1
2519,-70.92901,2519,37460121,-81.746765,35.7274823,-78.6962747,35.34353963872628,-0.001,1
2520,-70.92901,2520,37460129,-86.83571,35.7274823,-78.6962747,35.34353963872628,-0.001,1
2521,-70.92901,2521,37460137,-83.809296,35.7274823,-78.6962747,35.34353963872628,-0.001,1
2522,-70.92901,2522,37460145,-90.17886,35.7274823,-78.6962747,35.34353963872628,-0.001,1
2523,-70.92901,2523,37460153,-88.86467,35.7274823,-78.6962747,35.34353963872628,-0.001,1
2524,-70.92901,2524,37460161,-87.00785,35.7274823,-78.6962747,35.34353963872628,-0.001,1
2525,-70.92901,2525,37460169,-87.1591,35.7274823,-78.6962747,35.34353963872628,-0.001,1
2526,-70.92901,2526,37460177,-80.63472,35.7274823,-78.6962747,35.34353963872628,-0.001,1
2527,-70.92901,2527,37460433,-88.47945,35.7274823,-78.6962747,35.34353963872628,-0.001,1
2528,-70.92901,2528,37460441,-87.86403,35.7274823,-78.6962747,35.34353963872628,-0.001,1
2529,-70.92901,2529,37460449,-82.80882,35.7274823,-78.6962747,35.34353963872628,-0.001,1
2530,-70.92901,2530,37460457,-82.852875,35.7274823,-78.6962747,35.34353963872628,-0.001,1
2531,-70.92901,2531,37460465,-92.52202,35.7274823,-78.6962747,35.34353963872628,-0.001,1
2532,-70.92901,2532,37460473,-84.62761,35.7274823,-78.6962747,35.34353963872628,-0.001,1
2533,-70.92901,2533,37460481,-87.84432,35.7274823,-78.6962747,35.34353963872628,-0.001,1
2534,-70.92901,2534,37460489,-83.298195,35.7274823,-78.6962747,35.34353963872628,-0.001,1
2535,-70.92901,2535,37460745,-89.04776,35.7274823,-78.6962747,35.34353963872628,-0.001,1
2536,-70.92901,2536,37460752,-84.77027,35.7274823,-78.6962747,35.34353963872628,-0.001,1
2537,-70.92901,2537,37460761,-87.15987,35.7274823,-78.6962747,35.34353963872628,-0.001,1
2538,-70.92901,2538,37460768,-79.941666,35.7274823,-78.6962747,35.34353963872628,-0.001,1
2539,-70.92901,2539,37460777,-84.75902,35.7274823,-78.6962747,35.34353963872628,-0.001,1
2540,-70.92901,2540,37460784,-80.853226,35.7274823,-78.6962747,35.34353963872628,-0.001,1
2541,-70.92901,2541,37460792,-86.750496,35.7274823,-78.6962747,35.34353963872628,-0.001,1
2542,-70.92901,2542,37460801,-83.457954,35.7274823,-78.6962747,35.34353963872628,-0.001,1
2543,-70.92901,2543,37460808,-87.61008,35.7274823,-78.6962747,35.34353963872628,-0.001,1
2544,-70.92901,2544,37461065,-89.53208,35.7274823,-78.6962747,35.34353963872628,-0.001,1
2545,-70.92901,2545,37461072,-83.044685,35.7274823,-78.6962747,35.34353963872628,-0.001,1
2546,-70.92901,2546,37461081,-85.67627,35.7274823,-78.6962747,35.34353963872628,-0.001,1
2547,-70.92901,2547,37461088,-80.256485,35.7274823,-78.6962747,35.34353963872628,-0.001,1
2548,-70.92901,2548,37461096,-84.35325,35.7274823,-78.6962747,35.34353963872628,-0.001,1
2549,-70.92901,2549,37461104,-88.74609,35.7274823,-78.6962747,35.34353963872628,-0.001,1
2550,-70.92901,2550,37461112,-84.88434,35.7274823,-78.6962747,35.34353963872628,-0.001,1
2551,-70.92901,2551,37461120,-86.566956,35.7274823,-78.6962747,35.34353963872628,-0.001,1
2552,-70.92901,2552,37461377,-86.72948,35.7274823,-78.6962747,35.34353963872628,-0.001,1
2553,-70.92901,2553,37461385,-85.3797,35.7274823,-78.6962747,35.34353963872628,-0.001,1
2554,-70.92901,2554,37461393,-83.55939,35.7274823,-78.6962747,35.34353963872628,-0.001,1
2555,-70.92901,2555,37461401,-82.68363,35.7274823,-78.6962747,35.34353963872628,-0.001,1
2556,-70.92901,2556,37461409,-85.30711,35.7274823,-78.6962747,35.34353963872628,-0.001,1
2557,-70.92901,2557,37461417,-84.05084,35.7274823,-78.6962747,35.34353963872628,-0.001,1
2558,-70.92901,2558,37461425,-88.91003,35.7274823,-78.6962747,35.34353963872628,-0.001,1
2559,-70.92901,2559,37461433,-86.605286,35.7274823,-78.6962747,35.34353963872628,-0.001,1
2560,-70.92901,2560,37461689,-92.31305,35.7274823,-78.6962747,35.34353963872628,-0.001,1
2561,-70.92901,2561,37461696,-85.003296,35.7274823,-78.6962747,35.34353963872628,-0.001,1
2562,-70.92901,2562,37461705,-87.81989,35.7274823,-78.6962747,35.34353963872628,-0.001,1
2563,-70.92901,2563,37461712,-82.64827,35.7274823,-78.6962747,35.34353963872628,-0.001,1
2564,-70.92901,2564,37461720,-86.0998,35.7274823,-78.6962747,35.34353963872628,-0.001,1
2565,-70.92901,2565,37461728,-83.81036,35.7274823,-78.6962747,35.34353963872628,-0.001,1
2566,-70.92901,2566,37461736,-84.2124,35.7274823,-78.6962747,35.34353963872628,-0.001,1
2567,-70.92901,2567,37461744,-85.31506,35.7274823,-78.6962747,35.34353963872628,-0.001,1
2568,-70.92901,2568,37462000,-79.90192,35.7274823,-78.6962747,35.34353963872628,-0.001,1
2569,-70.92901,2569,37462008,-84.0628,35.7274823,-78.6962747,35.34353963872628,-0.001,1
2570,-70.92901,2570,37462016,-86.28343,35.7274823,-78.6962747,35.34353963872628,-0.001,1
2571,-70.92901,2571,37462024,-86.49837,35.7274823,-78.6962747,35.34353963872628,-0.001,1
2572,-70.92901,2572,37462032,-84.42224,35.7274823,-78.6962747,35.34353963872628,-0.001,1
2573,-70.92901,2573,37462040,-88.524185,35.7274823,-78.6962747,35.34353963872628,-0.001,1
2574,-70.92901,2574,37462048,-84.353516,35.7274823,-78.6962747,35.34353963872628,-0.001,1
2575,-70.92901,2575,37462056,-87.86993,35.7274823,-78.6962747,35.34353963872628,-0.001,1
2576,-70.92901,2576,37462312,-84.122086,35.7274823,-78.6962747,35.34353963872628,-0.001,1
2577,-70.92901,2577,37462320,-83.22034,35.7274823,-78.6962747,35.34353963872628,-0.001,1
2578,-70.92901,2578,37462328,-87.21385,35.7274823,-78.6962747,35.34353963872628,-0.001,1
2579,-70.92901,2579,37462336,-83.66619,35.7274823,-78.6962747,35.34353963872628,-0.001,1
2580,-70.92901,2580,37462344,-83.01738,35.7274823,-78.6962747,35.34353963872628,-0.001,1
2581,-70.92901,2581,37462352,-82.56085,35.7274823,-78.6962747,35.34353963872628,-0.001,1
2582,-70.92901,2582,37462360,-86.047516,35.7274823,-78.6962747,35.34353963872628,-0.001,1
2583,-70.92901,2583,37462368,-85.9465,35.7274823,-78.6962747,35.34353963872628,-0.001,1
2584,-70.92901,2584,37462376,-92.22127,35.7274823,-78.6962747,35.34353963872628,-0.001,1
2585,-70.92901,2585,37462632,-89.587845,35.7274823,-78.6962747,35.34353963872628,-0.001,1
2586,-70.92901,2586,37462640,-89.69484,35.7274823,-78.6962747,35.34353963872628,-0.001,1
2587,-70.92901,2587,37462647,-90.102,35.7274823,-78.6962747,35.34353963872628,-0.001,1
2588,-70.92901,2588,37462656,-83.35858,35.7274823,-78.6962747,35.34353963872628,-0.001,1
2589,-70.92901,2589,37462663,-84.14455,35.7274823,-78.6962747,35.34353963872628,-0.001,1
2590,-70.92901,2590,37462672,-87.1306,35.7274823,-78.6962747,35.34353963872628,-0.001,1
2591,-70.92901,2591,37462680,-82.78125,35.7274823,-78.6962747,35.34353963872628,-0.001,1
2592,-70.92901,2592,37462688,-83.87346,35.7274823,-78.6962747,35.34353963872628,-0.001,1
2593,-70.92901,2593,37462944,-82.60434,35.7274823,-78.6962747,35.34353963872628,-0.001,1
2594,-70.92901,2594,37462952,-86.67247,35.7274823,-78.6962747,35.34353963872628,-0.001,1
2595,-70.92901,2595,37462960,-88.37984,35.7274823,-78.6962747,35.34353963872628,-0.001,1
2596,-70.92901,2596,37462968,-83.8544,35.7274823,-78.6962747,35.34353963872628,-0.001,1
2597,-70.92901,2597,37462976,-89.745605,35.7274823,-78.6962747,35.34353963872628,-0.001,1
2598,-70.92901,2598,37462984,-84.8367,35.7274823,-78.6962747,35.34353963872628,-0.001,1
2599,-70.92901,2599,37462992,-81.734665,35.7274823,-78.6962747,35.34353963872628,-0.001,1
2600,-70.92901,2600,37463000,-82.58615,35.7274823,-78.6962747,35.34353963872628,-0.001,1
2601,-70.92901,2601,37463256,-80.807335,35.7274823,-78.6962747,35.34353963872628,-0.001,1
2602,-70.92901,2602,37463263,-84.681366,35.7274823,-78.6962747,35.34353963872628,-0.001,1
2603,-70.92901,2603,37463271,-84.65074,35.7274823,-78.6962747,35.34353963872628,-0.001,1
2604,-70.92901,2604,37463279,-84.02025,35.7274823,-78.6962747,35.34353963872628,-0.001,1
2605,-70.92901,2605,37463287,-83.10472,35.7274823,-78.6962747,35.34353963872628,-0.001,1
2606,-70.92901,2606,37463295,-81.35693,35.7274823,-78.6962747,35.34353963872628,-0.001,1
2607,-70.92901,2607,37463303,-83.15016,35.7274823,-78.6962747,35.34353963872628,-0.001,1
2608,-70.92901,2608,37463312,-88.66789,35.7274823,-78.6962747,35.34353963872628,-0.001,1
2609,-70.92901,2609,37463567,-93.76944,35.7274823,-78.6962747,35.34353963872628,-0.001,1
2610,-70.92901,2610,37463575,-82.06595,35.7274823,-78.6962747,35.34353963872628,-0.001,1
2611,-70.92901,2611,37463583,-83.66004,35.7274823,-78.6962747,35.34353963872628,-0.001,1
2612,-70.92901,2612,37463591,-87.1609,35.7274823,-78.6962747,35.34353963872628,-0.001,1
2613,-70.92901,2613,37463599,-88.299866,35.7274823,-78.6962747,35.34353963872628,-0.001,1
2614,-70.92901,2614,37463607,-86.13972,35.7274823,-78.6962747,35.34353963872628,-0.001,1
2615,-70.92901,2615,37463615,-85.52341,35.7274823,-78.6962747,35.34353963872628,-0.001,1
2616,-70.92901,2616,37463623,-89.865814,35.7274823,-78.6962747,35.34353963872628,-0.001,1
2617,-70.92901,2617,37463879,-86.99434,35.7274823,-78.6962747,35.34353963872628,-0.001,1
2618,-70.92901,2618,37463887,-85.98775,35.7274823,-78.6962747,35.34353963872628,-0.001,1
2619,-70.92901,2619,37463895,-86.56152,35.7274823,-78.6962747,35.34353963872628,-0.001,1
2620,-70.92901,2620,37463903,-89.7455,35.7274823,-78.6962747,35.34353963872628,-0.001,1
2621,-70.92901,2621,37463911,-85.43777,35.7274823,-78.6962747,35.34353963872628,-0.001,1
2622,-70.92901,2622,37463919,-90.831795,35.7274823,-78.6962747,35.34353963872628,-0.001,1
2623,-70.92901,2623,37463927,-81.408745,35.7274823,-78.6962747,35.34353963872628,-0.001,1
2624,-70.92901,2624,37463935,-86.03282,35.7274823,-78.6962747,35.34353963872628,-0.001,1
2625,-70.92901,2625,37463943,-83.40265,35.7274823,-78.6962747,35.34353963872628,-0.001,1
2626,-70.92901,2626,37464199,-82.688225,35.7274823,-78.6962747,35.34353963872628,-0.001,1
2627,-70.92901,2627,37464207,-80.54659,35.7274823,-78.6962747,35.34353963872628,-0.001,1
2628,-70.92901,2628,37464215,-85.960335,35.7274823,-78.6962747,35.34353963872628,-0.001,1
2629,-70.92901,2629,37464225,-82.1071,35.7274823,-78.6962747,35.34353963872628,-0.001,1
2630,-70.92901,2630,37464232,-82.97249,35.7274823,-78.6962747,35.34353963872628,-0.001,1
2631,-70.92901,2631,37464240,-84.1404,35.7274823,-78.6962747,35.34353963872628,-0.001,1
2632,-70.92901,2632,37464248,-84.815445,35.7274823,-78.6962747,35.34353963872628,-0.001,1
2633,-70.92901,2633,37464256,-83.78084,35.7274823,-78.6962747,35.34353963872628,-0.001,1
2634,-70.92901,2634,37464512,-86.601776,35.7274823,-78.6962747,35.34353963872628,-0.001,1
2635,-70.92901,2635,37464520,-85.50261,35.7274823,-78.6962747,35.34353963872628,-0.001,1
2636,-70.92901,2636,37464528,-83.8349,35.7274823,-78.6962747,35.34353963872628,-0.001,1
2637,-70.92901,2637,37464536,-83.96734,35.7274823,-78.6962747,35.34353963872628,-0.001,1
2638,-70.92901,2638,37464544,-82.09352,35.7274823,-78.6962747,35.34353963872628,-0.001,1
2639,-70.92901,2639,37464552,-82.40857,35.7274823,-78.6962747,35.34353963872628,-0.001,1
2640,-70.92901,2640,37464560,-83.39049,35.7274823,-78.6962747,35.34353963872628,-0.001,1
2641,-70.92901,2641,37464568,-97.21601,35.7274823,-78.6962747,35.34353963872628,-0.001,1
2642,-70.92901,2642,37464823,-86.80525,35.7274823,-78.6962747,35.34353963872628,-0.001,1
2643,-70.92901,2643,37464831,-87.30733,35.7274823,-78.6962747,35.34353963872628,-0.001,1
2644,-70.92901,2644,37464839,-85.49863,35.7274823,-78.6962747,35.34353963872628,-0.001,1
2645,-70.92901,2645,37464847,-85.24398,35.7274823,-78.6962747,35.34353963872628,-0.001,1
2646,-70.92901,2646,37464855,-86.05369,35.7274823,-78.6962747,35.34353963872628,-0.001,1
2647,-70.92901,2647,37464863,-85.55104,35.7274823,-78.6962747,35.34353963872628,-0.001,1
2648,-70.92901,2648,37464871,-87.638596,35.7274823,-78.6962747,35.34353963872628,-0.001,1
2649,-70.92901,2649,37464879,-84.785446,35.7274823,-78.6962747,35.34353963872628,-0.001,1
2650,-70.92901,2650,37465136,-82.516335,35.7274823,-78.6962747,35.34353963872628,-0.001,1
2651,-70.92901,2651,37465143,-87.157745,35.7274823,-78.6962747,35.34353963872628,-0.001,1
2652,-70.92901,2652,37465151,-113.05942,35.7274823,-78.6962747,35.34353963872628,-0.001,1
2653,-70.92901,2653,37465159,-82.90219,35.7274823,-78.6962747,35.34353963872628,-0.001,1
2654,-70.92901,2654,37465167,-84.0513,35.7274823,-78.6962747,35.34353963872628,-0.001,1
2655,-70.92901,2655,37465175,-85.92569,35.7274823,-78.6962747,35.34353963872628,-0.001,1
2656,-70.92901,2656,37465183,-85.49609,35.7274823,-78.6962747,35.34353963872628,-0.001,1
2657,-70.92901,2657,37465191,-86.88396,35.7274823,-78.6962747,35.34353963872628,-0.001,1
2658,-70.92901,2658,37465447,-85.92474,35.7274823,-78.6962747,35.34353963872628,-0.001,1
2659,-70.92901,2659,37465455,-82.02155,35.7274823,-78.6962747,35.34353963872628,-0.001,1
2660,-70.92901,2660,37465463,-85.049614,35.7274823,-78.6962747,35.34353963872628,-0.001,1
2661,-70.92901,2661,37465471,-83.00458,35.7274823,-78.6962747,35.34353963872628,-0.001,1
2662,-70.92901,2662,37465479,-85.34378,35.7274823,-78.6962747,35.34353963872628,-0.001,1
2663,-70.92901,2663,37465487,-82.37916,35.7274823,-78.6962747,35.34353963872628,-0.001,1
2664,-70.92901,2664,37465495,-81.39698,35.7274823,-78.6962747,35.34353963872628,-0.001,1
2665,-70.92901,2665,37465503,-87.957306,35.7274823,-78.6962747,35.34353963872628,-0.001,1
2666,-70.92901,2666,37465510,-88.15657,35.7274823,-78.6962747,35.34353963872628,-0.001,1
2667,-70.92901,2667,37465767,-84.13863,35.7274823,-78.6962747,35.34353963872628,-0.001,1
2668,-70.92901,2668,37465775,-85.36862,35.7274823,-78.6962747,35.34353963872628,-0.001,1
2669,-70.92901,2669,37465782,-84.89985,35.7274823,-78.6962747,35.34353963872628,-0.001,1
2670,-70.92901,2670,37465791,-84.760544,35.7274823,-78.6962747,35.34353963872628,-0.001,1
2671,-70.92901,2671,37465798,-83.16069,35.7274823,-78.6962747,35.34353963872628,-0.001,1
2672,-70.92901,2672,37465807,-84.34754,35.7274823,-78.6962747,35.34353963872628,-0.001,1
2673,-70.92901,2673,37465814,-89.57604,35.7274823,-78.6962747,35.34353963872628,-0.001,1
2674,-70.92901,2674,37465822,-83.114265,35.7274823,-78.6962747,35.34353963872628,-0.001,1
2675,-70.92901,2675,37466079,-88.24336,35.7274823,-78.6962747,35.34353963872628,-0.001,1
2676,-70.92901,2676,37466086,-83.64488,35.7274823,-78.6962747,35.34353963872628,-0.001,1
2677,-70.92901,2677,37466094,-81.752655,35.7274823,-78.6962747,35.34353963872628,-0.001,1
2678,-70.92901,2678,37466102,-85.54154,35.7274823,-78.6962747,35.34353963872628,-0.001,1
2679,-70.92901,2679,37466110,-79.797485,35.7274823,-78.6962747,35.34353963872628,-0.001,1
2680,-70.92901,2680,37466118,-82.885216,35.7274823,-78.6962747,35.34353963872628,-0.001,1
2681,-70.92901,2681,37466126,-83.752594,35.7274823,-78.6962747,35.34353963872628,-0.001,1
2682,-70.92901,2682,37466134,-82.516304,35.7274823,-78.6962747,35.34353963872628,-0.001,1
2683,-70.92901,2683,37466390,-84.035614,35.7274823,-78.6962747,35.34353963872628,-0.001,1
2684,-70.92901,2684,37466398,-84.1588,35.7274823,-78.6962747,35.34353963872628,-0.001,1
2685,-70.92901,2685,37466406,-81.44155,35.7274823,-78.6962747,35.34353963872628,-0.001,1
2686,-70.92901,2686,37466414,-84.87982,35.7274823,-78.6962747,35.34353963872628,-0.001,1
2687,-70.92901,2687,37466422,-91.37027,35.7274823,-78.6962747,35.34353963872628,-0.001,1
2688,-70.92901,2688,37466430,-85.83098,35.7274823,-78.6962747,35.34353963872628,-0.001,1
2689,-70.92901,2689,37466437,-83.77324,35.7274823,-78.6962747,35.34353963872628,-0.001,1
2690,-70.92901,2690,37466446,-86.29585,35.7274823,-78.6962747,35.34353963872628,-0.001,1
2691,-70.92901,2691,37466701,-83.91586,35.7274823,-78.6962747,35.34353963872628,-0.001,1
2692,-70.92901,2692,37466709,-85.54503,35.7274823,-78.6962747,35.34353963872628,-0.001,1
2693,-70.92901,2693,37466717,-81.60425,35.7274823,-78.6962747,35.34353963872628,-0.001,1
2694,-70.92901,2694,37466725,-91.88777,35.7274823,-78.6962747,35.34353963872628,-0.001,1
2695,-70.92901,2695,37466733,-86.94479,35.7274823,-78.6962747,35.34353963872628,-0.001,1
2696,-70.92901,2696,37466741,-83.52536,35.7274823,-78.6962747,35.34353963872628,-0.001,1
2697,-70.92901,2697,37466749,-83.03257,35.7274823,-78.6962747,35.34353963872628,-0.001,1
2698,-70.92901,2698,37466757,-82.809845,35.7274823,-78.6962747,35.34353963872628,-0.001,1
2699,-70.92901,2699,37467013,-84.34146,35.7274823,-78.6962747,35.34353963872628,-0.001,1
2700,-70.92901,2700,37467021,-101.96976,35.7274823,-78.6962747,35.34353963872628,-0.001,1
2701,-70.92901,2701,37467028,-83.98944,35.7274823,-78.6962747,35.34353963872628,-0.001,1
2702,-70.92901,2702,37467037,-84.047195,35.7274823,-78.6962747,35.34353963872628,-0.001,1
2703,-70.92901,2703,37467044,-82.20497,35.7274823,-78.6962747,35.34353963872628,-0.001,1
2704,-70.92901,2704,37467053,-87.52801,35.7274823,-78.6962747,35.34353963872628,-0.001,1
2705,-70.92901,2705,37467060,-85.932724,35.7274823,-78.6962747,35.34353963872628,-0.001,1
2706,-70.92901,2706,37467068,-81.27098,35.7274823,-78.6962747,35.34353963872628,-0.001,1
2707,-70.92901,2707,37467076,-82.292175,35.7274823,-78.6962747,35.34353963872628,-0.001,1
2708,-70.92901,2708,37467332,-83.27469,35.7274823,-78.6962747,35.34353963872628,-0.001,1
2709,-70.92901,2709,37467340,-84.573654,35.7274823,-78.6962747,35.34353963872628,-0.001,1
2710,-70.92901,2710,37467348,-85.8275,35.7274823,-78.6962747,35.34353963872628,-0.001,1
2711,-70.92901,2711,37467356,-84.579865,35.7274823,-78.6962747,35.34353963872628,-0.001,1
2712,-70.92901,2712,37467364,-86.05946,35.7274823,-78.6962747,35.34353963872628,-0.001,1
2713,-70.92901,2713,37467372,-82.46237,35.7274823,-78.6962747,35.34353963872628,-0.001,1
2714,-70.92901,2714,37467380,-96.44863,35.7274823,-78.6962747,35.34353963872628,-0.001,1
2715,-70.92901,2715,37467388,-85.97969,35.7274823,-78.6962747,35.34353963872628,-0.001,1
2716,-70.92901,2716,37467644,-83.91442,35.7274823,-78.6962747,35.34353963872628,-0.001,1
2717,-70.92901,2717,37467652,-82.86803,35.7274823,-78.6962747,35.34353963872628,-0.001,1
2718,-70.92901,2718,37467660,-91.676414,35.7274823,-78.6962747,35.34353963872628,-0.001,1
2719,-70.92901,2719,37467668,-79.76675,35.7274823,-78.6962747,35.34353963872628,-0.001,1
2720,-70.92901,2720,37467676,-87.6008,35.7274823,-78.6962747,35.34353963872628,-0.001,1
2721,-70.92901,2721,37467684,-81.18498,35.7274823,-78.6962747,35.34353963872628,-0.001,1
2722,-70.92901,2722,37467691,-83.447876,35.7274823,-78.6962747,35.34353963872628,-0.001,1
2723,-70.92901,2723,37467700,-89.37305,35.7274823,-78.6962747,35.34353963872628,-0.001,1
2724,-70.92901,2724,37467956,-82.69405,35.7274823,-78.6962747,35.34353963872628,-0.001,1
2725,-70.92901,2725,37467964,-87.054085,35.7274823,-78.6962747,35.34353963872628,-0.001,1
2726,-70.92901,2726,37467972,-86.77718,35.7274823,-78.6962747,35.34353963872628,-0.001,1
2727,-70.92901,2727,37467980,-82.3933,35.7274823,-78.6962747,35.34353963872628,-0.001,1
2728,-70.92901,2728,37467988,-82.0229,35.7274823,-78.6962747,35.34353963872628,-0.001,1
2729,-70.92901,2729,37467996,-87.05093,35.7274823,-78.6962747,35.34353963872628,-0.001,1
2730,-70.92901,2730,37468004,-87.922714,35.7274823,-78.6962747,35.34353963872628,-0.001,1
2731,-70.92901,2731,37468011,-85.23697,35.7274823,-78.6962747,35.34353963872628,-0.001,1
2732,-70.92901,2732,37468267,-82.27397,35.7274823,-78.6962747,35.34353963872628,-0.001,1
2733,-70.92901,2733,37468275,-86.23706,35.7274823,-78.6962747,35.34353963872628,-0.001,1
2734,-70.92901,2734,37468283,-81.690674,35.7274823,-78.6962747,35.34353963872628,-0.001,1
2735,-70.92901,2735,37468291,-85.007034,35.7274823,-78.6962747,35.34353963872628,-0.001,1
2736,-70.92901,2736,37468299,-83.16469,35.7274823,-78.6962747,35.34353963872628,-0.001,1
2737,-70.92901,2737,37468307,-86.68611,35.7274823,-78.6962747,35.34353963872628,-0.001,1
2738,-70.92901,2738,37468315,-85.106064,35.7274823,-78.6962747,35.34353963872628,-0.001,1
2739,-70.92901,2739,37468323,-91.043015,35.7274823,-78.6962747,35.34353963872628,-0.001,1
2740,-70.92901,2740,37468579,-82.8465,35.7274823,-78.6962747,35.34353963872628,-0.001,1
2741,-70.92901,2741,37468587,-82.74471,35.7274823,-78.6962747,35.34353963872628,-0.001,1
2742,-70.92901,2742,37468595,-84.33922,35.7274823,-78.6962747,35.34353963872628,-0.001,1
2743,-70.92901,2743,37468603,-82.96627,35.7274823,-78.6962747,35.34353963872628,-0.001,1
2744,-70.92901,2744,37468611,-79.81142,35.7274823,-78.6962747,35.34353963872628,-0.001,1
2745,-70.92901,2745,37468619,-84.150345,35.7274823,-78.6962747,35.34353963872628,-0.001,1
2746,-70.92901,2746,37468627,-90.14401,35.7274823,-78.6962747,35.34353963872628,-0.001,1
2747,-70.92901,2747,37468634,-87.99805,35.7274823,-78.6962747,35.34353963872628,-0.001,1
2748,-70.92901,2748,37468891,-85.32919,35.7274823,-78.6962747,35.34353963872628,-0.001,1
2749,-70.92901,2749,37468898,-84.314285,35.7274823,-78.6962747,35.34353963872628,-0.001,1
2750,-70.92901,2750,37468907,-84.36449,35.7274823,-78.6962747,35.34353963872628,-0.001,1
2751,-70.92901,2751,37468914,-85.27931,35.7274823,-78.6962747,35.34353963872628,-0.001,1
2752,-70.92901,2752,37468922,-85.71015,35.7274823,-78.6962747,35.34353963872628,-0.001,1
2753,-70.92901,2753,37468930,-107.67405,35.7274823,-78.6962747,35.34353963872628,-0.001,1
2754,-70.92901,2754,37468938,-80.45116,35.7274823,-78.6962747,35.34353963872628,-0.001,1
2755,-70.92901,2755,37468946,-83.31769,35.7274823,-78.6962747,35.34353963872628,-0.001,1
2756,-70.92901,2756,37469202,-84.73357,35.7274823,-78.6962747,35.34353963872628,-0.001,1
2757,-70.92901,2757,37469210,-84.576935,35.7274823,-78.6962747,35.34353963872628,-0.001,1
2758,-70.92901,2758,37469218,-83.59379,35.7274823,-78.6962747,35.34353963872628,-0.001,1
2759,-70.92901,2759,37469226,-84.57492,35.7274823,-78.6962747,35.34353963872628,-0.001,1
2760,-70.92901,2760,37469234,-83.68235,35.7274823,-78.6962747,35.34353963872628,-0.001,1
2761,-70.92901,2761,37469242,-83.31104,35.7274823,-78.6962747,35.34353963872628,-0.001,1
2762,-70.92901,2762,37469249,-81.83397,35.7274823,-78.6962747,35.34353963872628,-0.001,1
2763,-70.92901,2763,37469258,-83.834076,35.7274823,-78.6962747,35.34353963872628,-0.001,1
2764,-70.92901,2764,37469513,-88.32045,35.7274823,-78.6962747,35.34353963872628,-0.001,1
2765,-70.92901,2765,37469521,-81.62435,35.7274823,-78.6962747,35.34353963872628,-0.001,1
2766,-70.92901,2766,37469529,-81.379,35.7274823,-78.6962747,35.34353963872628,-0.001,1
2767,-70.92901,2767,37469537,-91.505295,35.7274823,-78.6962747,35.34353963872628,-0.001,1
2768,-70.92901,2768,37469545,-86.61092,35.7274823,-78.6962747,35.34353963872628,-0.001,1
2769,-70.92901,2769,37469553,-92.43942,35.7274823,-78.6962747,35.34353963872628,-0.001,1
2770,-70.92901,2770,37469561,-82.41858,35.7274823,-78.6962747,35.34353963872628,-0.001,1
2771,-70.92901,2771,37469569,-85.67229,35.7274823,-78.6962747,35.34353963872628,-0.001,1
2772,-70.92901,2772,37469577,-82.19328,35.7274823,-78.6962747,35.34353963872628,-0.001,1
2773,-70.92901,2773,37469833,-86.60066,35.7274823,-78.6962747,35.34353963872628,-0.001,1
2774,-70.92901,2774,37469841,-83.8066,35.7274823,-78.6962747,35.34353963872628,-0.001,1
2775,-70.92901,2775,37469849,-83.010475,35.7274823,-78.6962747,35.34353963872628,-0.001,1
2776,-70.92901,2776,37469857,-90.235596,35.7274823,-78.6962747,35.34353963872628,-0.001,1
2777,-70.92901,2777,37469865,-85.10367,35.7274823,-78.6962747,35.34353963872628,-0.001,1
2778,-70.92901,2778,37469873,-84.58647,35.7274823,-78.6962747,35.34353963872628,-0.001,1
2779,-70.92901,2779,37469880,-87.39621,35.7274823,-78.6962747,35.34353963872628,-0.001,1
2780,-70.92901,2780,37469889,-82.6405,35.7274823,-78.6962747,35.34353963872628,-0.001,1
2781,-70.92901,2781,37470144,-87.19824,35.7274823,-78.6962747,35.34353963872628,-0.001,1
2782,-70.92901,2782,37470153,-89.25671,35.7274823,-78.6962747,35.34353963872628,-0.001,1
2783,-70.92901,2783,37470160,-83.21234,35.7274823,-78.6962747,35.34353963872628,-0.001,1
2784,-70.92901,2784,37470169,-81.59639,35.7274823,-78.6962747,35.34353963872628,-0.001,1
2785,-70.92901,2785,37470176,-82.48118,35.7274823,-78.6962747,35.34353963872628,-0.001,1
2786,-70.92901,2786,37470185,-84.054504,35.7274823,-78.6962747,35.34353963872628,-0.001,1
2787,-70.92901,2787,37470192,-91.09827,35.7274823,-78.6962747,35.34353963872628,-0.001,1
2788,-70.92901,2788,37470200,-92.63457,35.7274823,-78.6962747,35.34353963872628,-0.001,1
2789,-70.92901,2789,37470457,-81.28197,35.7274823,-78.6962747,35.34353963872628,-0.001,1
2790,-70.92901,2790,37470464,-84.6345,35.7274823,-78.6962747,35.34353963872628,-0.001,1
2791,-70.92901,2791,37470473,-88.60657,35.7274823,-78.6962747,35.34353963872628,-0.001,1
2792,-70.92901,2792,37470481,-90.16357,35.7274823,-78.6962747,35.34353963872628,-0.001,1
2793,-70.92901,2793,37470489,-84.72427,35.7274823,-78.6962747,35.34353963872628,-0.001,1
2794,-70.92901,2794,37470497,-84.8752,35.7274823,-78.6962747,35.34353963872628,-0.001,1
2795,-70.92901,2795,37470504,-83.93642,35.7274823,-78.6962747,35.34353963872628,-0.001,1
2796,-70.92901,2796,37470513,-80.602066,35.7274823,-78.6962747,35.34353963872628,-0.001,1
2797,-70.92901,2797,37470769,-87.193954,35.7274823,-78.6962747,35.34353963872628,-0.001,1
2798,-70.92901,2798,37470777,-83.43237,35.7274823,-78.6962747,35.34353963872628,-0.001,1
2799,-70.92901,2799,37470785,-85.71744,35.7274823,-78.6962747,35.34353963872628,-0.001,1
2800,-70.92901,2800,37470793,-83.52726,35.7274823,-78.6962747,35.34353963872628,-0.001,1
2801,-70.92901,2801,37470801,-83.61282,35.7274823,-78.6962747,35.34353963872628,-0.001,1
2802,-70.92901,2802,37470808,-86.824455,35.7274823,-78.6962747,35.34353963872628,-0.001,1
2803,-70.92901,2803,37470817,-83.904816,35.7274823,-78.6962747,35.34353963872628,-0.001,1
2804,-70.92901,2804,37470824,-79.41485,35.7274823,-78.6962747,35.34353963872628,-0.001,1
2805,-70.92901,2805,37471081,-85.35989,35.7274823,-78.6962747,35.34353963872628,-0.001,1
2806,-70.92901,2806,37471088,-86.065384,35.7274823,-78.6962747,35.34353963872628,-0.001,1
2807,-70.92901,2807,37471097,-99.12103,35.7274823,-78.6962747,35.34353963872628,-0.001,1
2808,-70.92901,2808,37471104,-83.05217,35.7274823,-78.6962747,35.34353963872628,-0.001,1
2809,-70.92901,2809,37471113,-83.99307,35.7274823,-78.6962747,35.34353963872628,-0.001,1
2810,-70.92901,2810,37471120,-87.04877,35.7274823,-78.6962747,35.34353963872628,-0.001,1
2811,-70.92901,2811,37471128,-88.14873,35.7274823,-78.6962747,35.34353963872628,-0.001,1
2812,-70.92901,2812,37471137,-87.46965,35.7274823,-78.6962747,35.34353963872628,-0.001,1
2813,-70.92901,2813,37471144,-87.45569,35.7274823,-78.6962747,35.34353963872628,-0.001,1
2814,-70.92901,2814,37471401,-87.53385,35.7274823,-78.6962747,35.34353963872628,-0.001,1
2815,-70.92901,2815,37471408,-84.293396,35.7274823,-78.6962747,35.34353963872628,-0.001,1
2816,-70.92901,2816,37471417,-82.5065,35.7274823,-78.6962747,35.34353963872628,-0.001,1
2817,-70.92901,2817,37471424,-84.15797,35.7274823,-78.6962747,35.34353963872628,-0.001,1
2818,-70.92901,2818,37471432,-81.98128,35.7274823,-78.6962747,35.34353963872628,-0.001,1
2819,-70.92901,2819,37471440,-81.18617,35.7274823,-78.6962747,35.34353963872628,-0.001,1
2820,-70.92901,2820,37471448,-85.656006,35.7274823,-78.6962747,35.34353963872628,-0.001,1
2821,-70.92901,2821,37471456,-97.00148,35.7274823,-78.6962747,35.34353963872628,-0.001,1
2822,-70.92901,2822,37471712,-82.98395,35.7274823,-78.6962747,35.34353963872628,-0.001,1
2823,-70.92901,2823,37471720,-87.015884,35.7274823,-78.6962747,35.34353963872628,-0.001,1
2824,-70.92901,2824,37471728,-87.2567,35.7274823,-78.6962747,35.34353963872628,-0.001,1
2825,-70.92901,2825,37471737,-88.02975,35.7274823,-78.6962747,35.34353963872628,-0.001,1
2826,-70.92901,2826,37471744,-84.77014,35.7274823,-78.6962747,35.34353963872628,-0.001,1
2827,-70.92901,2827,37471752,-81.22394,35.7274823,-78.6962747,35.34353963872628,-0.001,1
2828,-70.92901,2828,37471760,-86.654236,35.7274823,-78.6962747,35.34353963872628,-0.001,1
2829,-70.92901,2829,37471768,-88.35889,35.7274823,-78.6962747,35.34353963872628,-0.001,1
2830,-70.92901,2830,37472024,-88.384094,35.7274823,-78.6962747,35.34353963872628,-0.001,1
2831,-70.92901,2831,37472032,-85.043915,35.7274823,-78.6962747,35.34353963872628,-0.001,1
2832,-70.92901,2832,37472040,-92.23221,35.7274823,-78.6962747,35.34353963872628,-0.001,1
2833,-70.92901,2833,37472048,-85.77263,35.7274823,-78.6962747,35.34353963872628,-0.001,1
2834,-70.92901,2834,37472056,-81.33543,35.7274823,-78.6962747,35.34353963872628,-0.001,1
2835,-70.92901,2835,37472064,-89.8155,35.7274823,-78.6962747,35.34353963872628,-0.001,1
2836,-70.92901,2836,37472072,-85.24282,35.7274823,-78.6962747,35.34353963872628,-0.001,1
2837,-70.92901,2837,37472080,-89.12982,35.7274823,-78.6962747,35.34353963872628,-0.001,1
2838,-70.92901,2838,37472336,-83.75803,35.7274823,-78.6962747,35.34353963872628,-0.001,1
2839,-70.92901,2839,37472344,-84.984535,35.7274823,-78.6962747,35.34353963872628,-0.001,1
2840,-70.92901,2840,37472352,-86.159134,35.7274823,-78.6962747,35.34353963872628,-0.001,1
2841,-70.92901,2841,37472360,-84.83409,35.7274823,-78.6962747,35.34353963872628,-0.001,1
2842,-70.92901,2842,37472368,-81.812965,35.7274823,-78.6962747,35.34353963872628,-0.001,1
2843,-70.92901,2843,37472376,-82.818275,35.7274823,-78.6962747,35.34353963872628,-0.001,1
2844,-70.92901,2844,37472384,-84.67282,35.7274823,-78.6962747,35.34353963872628,-0.001,1
2845,-70.92901,2845,37472392,-84.71901,35.7274823,-78.6962747,35.34353963872628,-0.001,1
2846,-70.92901,2846,37472648,-80.424126,35.7274823,-78.6962747,35.34353963872628,-0.001,1
2847,-70.92901,2847,37472656,-97.50691,35.7274823,-78.6962747,35.34353963872628,-0.001,1
2848,-70.92901,2848,37472664,-86.85907,35.7274823,-78.6962747,35.34353963872628,-0.001,1
2849,-70.92901,2849,37472672,-85.362274,35.7274823,-78.6962747,35.34353963872628,-0.001,1
2850,-70.92901,2850,37472680,-80.7158,35.7274823,-78.6962747,35.34353963872628,-0.001,1
2851,-70.92901,2851,37472688,-88.40114,35.7274823,-78.6962747,35.34353963872628,-0.001,1
2852,-70.92901,2852,37472696,-87.95668,35.7274823,-78.6962747,35.34353963872628,-0.001,1
2853,-70.92901,2853,37472704,-88.23822,35.7274823,-78.6962747,35.34353963872628,-0.001,1
2854,-70.92901,2854,37472960,-85.56286,35.7274823,-78.6962747,35.34353963872628,-0.001,1
2855,-70.92901,2855,37472969,-86.180176,35.7274823,-78.6962747,35.34353963872628,-0.001,1
2856,-70.92901,2856,37472977,-90.28409,35.7274823,-78.6962747,35.34353963872628,-0.001,1
2857,-70.92901,2857,37472984,-85.21666,35.7274823,-78.6962747,35.34353963872628,-0.001,1
2858,-70.92901,2858,37472993,-86.00609,35.7274823,-78.6962747,35.34353963872628,-0.001,1
2859,-70.92901,2859,37473000,-81.15347,35.7274823,-78.6962747,35.34353963872628,-0.001,1
2860,-70.92901,2860,37473009,-90.8494,35.7274823,-78.6962747,35.34353963872628,-0.001,1
2861,-70.92901,2861,37473017,-84.87001,35.7274823,-78.6962747,35.34353963872628,-0.001,1
2862,-70.92901,2862,37473273,-87.94856,35.7274823,-78.6962747,35.34353963872628,-0.001,1
2863,-70.92901,2863,37473280,-87.05132,35.7274823,-78.6962747,35.34353963872628,-0.001,1
2864,-70.92901,2864,37473289,-79.82732,35.7274823,-78.6962747,35.34353963872628,-0.001,1
2865,-70.92901,2865,37473296,-83.53188,35.7274823,-78.6962747,35.34353963872628,-0.001,1
2866,-70.92901,2866,37473304,-88.26744,35.7274823,-78.6962747,35.34353963872628,-0.001,1
2867,-70.92901,2867,37473312,-81.574005,35.7274823,-78.6962747,35.34353963872628,-0.001,1
2868,-70.92901,2868,37473320,-84.94524,35.7274823,-78.6962747,35.34353963872628,-0.001,1
2869,-70.92901,2869,37473328,-82.28699,35.7274823,-78.6962747,35.34353963872628,-0.001,1
2870,-70.92901,2870,37473336,-80.87816,35.7274823,-78.6962747,35.34353963872628,-0.001,1
2871,-70.92901,2871,37473593,-88.186356,35.7274823,-78.6962747,35.34353963872628,-0.001,1
2872,-70.92901,2872,37473600,-84.49097,35.7274823,-78.6962747,35.34353963872628,-0.001,1
2873,-70.92901,2873,37473608,-83.32531,35.7274823,-78.6962747,35.34353963872628,-0.001,1
2874,-70.92901,2874,37473616,-84.99898,35.7274823,-78.6962747,35.34353963872628,-0.001,1
2875,-70.92901,2875,37473624,-80.59764,35.7274823,-78.6962747,35.34353963872628,-0.001,1
2876,-70.92901,2876,37473632,-85.94205,35.7274823,-78.6962747,35.34353963872628,-0.001,1
2877,-70.92901,2877,37473640,-91.24043,35.7274823,-78.6962747,35.34353963872628,-0.001,1
2878,-70.92901,2878,37473649,-82.385475,35.7274823,-78.6962747,35.34353963872628,-0.001,1
2879,-70.92901,2879,37473904,-86.46037,35.7274823,-78.6962747,35.34353963872628,-0.001,1
2880,-70.92901,2880,37473912,-85.28554,35.7274823,-78.6962747,35.34353963872628,-0.001,1
2881,-70.92901,2881,37473920,-86.09919,35.7274823,-78.6962747,35.34353963872628,-0.001,1
2882,-70.92901,2882,37473928,-84.24397,35.7274823,-78.6962747,35.34353963872628,-0.001,1
2883,-70.92901,2883,37473936,-87.22545,35.7274823,-78.6962747,35.34353963872628,-0.001,1
2884,-70.92901,2884,37473944,-83.206955,35.7274823,-78.6962747,35.34353963872628,-0.001,1
2885,-70.92901,2885,37473952,-81.96321,35.7274823,-78.6962747,35.34353963872628,-0.001,1
2886,-70.92901,2886,37473960,-85.33862,35.7274823,-78.6962747,35.34353963872628,-0.001,1
2887,-70.92901,2887,37474216,-85.33154,35.7274823,-78.6962747,35.34353963872628,-0.001,1
2888,-70.92901,2888,37474224,-88.87165,35.7274823,-78.6962747,35.34353963872628,-0.001,1
2889,-70.92901,2889,37474232,-84.21582,35.7274823,-78.6962747,35.34353963872628,-0.001,1
2890,-70.92901,2890,37474240,-86.41648,35.7274823,-78.6962747,35.34353963872628,-0.001,1
2891,-70.92901,2891,37474248,-83.006744,35.7274823,-78.6962747,35.34353963872628,-0.001,1
2892,-70.92901,2892,37474256,-84.463135,35.7274823,-78.6962747,35.34353963872628,-0.001,1
2893,-70.92901,2893,37474264,-87.837814,35.7274823,-78.6962747,35.34353963872628,-0.001,1
2894,-70.92901,2894,37474272,-82.101456,35.7274823,-78.6962747,35.34353963872628,-0.001,1
2895,-70.92901,2895,37474528,-81.53266,35.7274823,-78.6962747,35.34353963872628,-0.001,1
2896,-70.92901,2896,37474536,-84.7972,35.7274823,-78.6962747,35.34353963872628,-0.001,1
2897,-70.92901,2897,37474544,-84.973915,35.7274823,-78.6962747,35.34353963872628,-0.001,1
2898,-70.92901,2898,37474552,-82.13124,35.7274823,-78.6962747,35.34353963872628,-0.001,1
2899,-70.92901,2899,37474560,-91.68939,35.7274823,-78.6962747,35.34353963872628,-0.001,1
2900,-70.92901,2900,37474568,-82.20366,35.7274823,-78.6962747,35.34353963872628,-0.001,1
2901,-70.92901,2901,37474577,-87.98142,35.7274823,-78.6962747,35.34353963872628,-0.001,1
2902,-70.92901,2902,37474584,-85.88599,35.7274823,-78.6962747,35.34353963872628,-0.001,1
2903,-70.92901,2903,37474840,-80.59587,35.7274823,-78.6962747,35.34353963872628,-0.001,1
2904,-70.92901,2904,37474848,-83.11536,35.7274823,-78.6962747,35.34353963872628,-0.001,1
2905,-70.92901,2905,37474856,-86.79399,35.7274823,-78.6962747,35.34353963872628,-0.001,1
2906,-70.92901,2906,37474864,-83.0211,35.7274823,-78.6962747,35.34353963872628,-0.001,1
2907,-70.92901,2907,37474872,-85.06573,35.7274823,-78.6962747,35.34353963872628,-0.001,1
2908,-70.92901,2908,37474880,-85.4464,35.7274823,-78.6962747,35.34353963872628,-0.001,1
2909,-70.92901,2909,37474888,-83.49193,35.7274823,-78.6962747,35.34353963872628,-0.001,1
2910,-70.92901,2910,37474896,-89.364944,35.7274823,-78.6962747,35.34353963872628,-0.001,1
2911,-70.92901,2911,37474904,-83.87419,35.7274823,-78.6962747,35.34353963872628,-0.001,1
2912,-70.92901,2912,37475160,-88.0392,35.7274823,-78.6962747,35.34353963872628,-0.001,1
2913,-70.92901,2913,37475168,-78.69528,35.7274823,-78.6962747,35.34353963872628,-0.001,1
2914,-70.92901,2914,37475176,-83.27539,35.7274823,-78.6962747,35.34353963872628,-0.001,1
2915,-70.92901,2915,37475184,-88.58777,35.7274823,-78.6962747,35.34353963872628,-0.001,1
2916,-70.92901,2916,37475192,-86.82977,35.7274823,-78.6962747,35.34353963872628,-0.001,1
2917,-70.92901,2917,37475201,-84.07562,35.7274823,-78.6962747,35.34353963872628,-0.001,1
2918,-70.92901,2918,37475208,-82.87653,35.7274823,-78.6962747,35.34353963872628,-0.001,1
2919,-70.92901,2919,37475216,-82.24123,35.7274823,-78.6962747,35.34353963872628,-0.001,1
2920,-70.92901,2920,37475472,-88.129364,35.7274823,-78.6962747,35.34353963872628,-0.001,1
2921,-70.92901,2921,37475480,-83.52563,35.7274823,-78.6962747,35.34353963872628,-0.001,1
2922,-70.92901,2922,37475488,-87.01074,35.7274823,-78.6962747,35.34353963872628,-0.001,1
2923,-70.92901,2923,37475496,-84.26265,35.7274823,-78.6962747,35.34353963872628,-0.001,1
2924,-70.92901,2924,37475504,-90.57471,35.7274823,-78.6962747,35.34353963872628,-0.001,1
2925,-70.92901,2925,37475512,-83.535675,35.7274823,-78.6962747,35.34353963872628,-0.001,1
2926,-70.92901,2926,37475520,-80.9769,35.7274823,-78.6962747,35.34353963872628,-0.001,1
2927,-70.92901,2927,37475528,-85.357315,35.7274823,-78.6962747,35.34353963872628,-0.001,1
2928,-70.92901,2928,37475783,-79.59166,35.7274823,-78.6962747,35.34353963872628,-0.001,1
2929,-70.92901,2929,37475792,-84.859344,35.7274823,-78.6962747,35.34353963872628,-0.001,1
2930,-70.92901,2930,37475799,-83.50427,35.7274823,-78.6962747,35.34353963872628,-0.001,1
2931,-70.92901,2931,37475808,-85.768524,35.7274823,-78.6962747,35.34353963872628,-0.001,1
2932,-70.92901,2932,37475815,-86.13875,35.7274823,-78.6962747,35.34353963872628,-0.001,1
2933,-70.92901,2933,37475824,-83.244064,35.7274823,-78.6962747,35.34353963872628,-0.001,1
2934,-70.92901,2934,37475831,-90.163864,35.7274823,-78.6962747,35.34353963872628,-0.001,1
2935,-70.92901,2935,37475840,-83.478714,35.7274823,-78.6962747,35.34353963872628,-0.001,1
2936,-70.92901,2936,37476096,-86.84616,35.7274823,-78.6962747,35.34353963872628,-0.001,1
2937,-70.92901,2937,37476103,-89.52493,35.7274823,-78.6962747,35.34353963872628,-0.001,1
2938,-70.92901,2938,37476112,-83.931366,35.7274823,-78.6962747,35.34353963872628,-0.001,1
2939,-70.92901,2939,37476119,-82.63634,35.7274823,-78.6962747,35.34353963872628,-0.001,1
2940,-70.92901,2940,37476128,-81.531555,35.7274823,-78.6962747,35.34353963872628,-0.001,1
2941,-70.92901,2941,37476135,-86.311035,35.7274823,-78.6962747,35.34353963872628,-0.001,1
2942,-70.92901,2942,37476144,-83.80774,35.7274823,-78.6962747,35.34353963872628,-0.001,1
2943,-70.92901,2943,37476151,-91.26942,35.7274823,-78.6962747,35.34353963872628,-0.001,1
2944,-70.92901,2944,37476407,-89.702484,35.7274823,-78.6962747,35.34353963872628,-0.001,1
2945,-70.92901,2945,37476415,-88.21462,35.7274823,-78.6962747,35.34353963872628,-0.001,1
2946,-70.92901,2946,37476423,-84.010864,35.7274823,-78.6962747,35.34353963872628,-0.001,1
2947,-70.92901,2947,37476432,-84.10347,35.7274823,-78.6962747,35.34353963872628,-0.001,1
2948,-70.92901,2948,37476439,-84.9571,35.7274823,-78.6962747,35.34353963872628,-0.001,1
2949,-70.92901,2949,37476448,-87.34337,35.7274823,-78.6962747,35.34353963872628,-0.001,1
2950,-70.92901,2950,37476456,-88.844894,35.7274823,-78.6962747,35.34353963872628,-0.001,1
2951,-70.92901,2951,37476464,-87.746185,35.7274823,-78.6962747,35.34353963872628,-0.001,1
2952,-70.92901,2952,37476720,-84.22722,35.7274823,-78.6962747,35.34353963872628,-0.001,1
2953,-70.92901,2953,37476727,-92.96304,35.7274823,-78.6962747,35.34353963872628,-0.001,1
2954,-70.92901,2954,37476736,-82.138214,35.7274823,-78.6962747,35.34353963872628,-0.001,1
2955,-70.92901,2955,37476743,-84.03296,35.7274823,-78.6962747,35.34353963872628,-0.001,1
2956,-70.92901,2956,37476752,-83.831116,35.7274823,-78.6962747,35.34353963872628,-0.001,1
2957,-70.92901,2957,37476759,-83.94113,35.7274823,-78.6962747,35.34353963872628,-0.001,1
2958,-70.92901,2958,37476768,-80.91556,35.7274823,-78.6962747,35.34353963872628,-0.001,1
2959,-70.92901,2959,37476775,-84.34581,35.7274823,-78.6962747,35.34353963872628,-0.001,1
2960,-70.92901,2960,37476784,-80.53436,35.7274823,-78.6962747,35.34353963872628,-0.001,1
2961,-70.92901,2961,37477039,-83.070175,35.7274823,-78.6962747,35.34353963872628,-0.001,1
2962,-70.92901,2962,37477047,-84.76496,35.7274823,-78.6962747,35.34353963872628,-0.001,1
2963,-70.92901,2963,37477055,-80.772575,35.7274823,-78.6962747,35.34353963872628,-0.001,1
2964,-70.92901,2964,37477063,-83.30617,35.7274823,-78.6962747,35.34353963872628,-0.001,1
2965,-70.92901,2965,37477071,-82.89792,35.7274823,-78.6962747,35.34353963872628,-0.001,1
2966,-70.92901,2966,37477079,-87.0529,35.7274823,-78.6962747,35.34353963872628,-0.001,1
2967,-70.92901,2967,37477087,-81.73958,35.7274823,-78.6962747,35.34353963872628,-0.001,1
2968,-70.92901,2968,37477095,-80.832535,35.7274823,-78.6962747,35.34353963872628,-0.001,1
2969,-70.92901,2969,37477351,-86.70144,35.7274823,-78.6962747,35.34353963872628,-0.001,1
2970,-70.92901,2970,37477359,-91.611115,35.7274823,-78.6962747,35.34353963872628,-0.001,1
2971,-70.92901,2971,37477367,-82.56596,35.7274823,-78.6962747,35.34353963872628,-0.001,1
2972,-70.92901,2972,37477375,-87.399895,35.7274823,-78.6962747,35.34353963872628,-0.001,1
2973,-70.92901,2973,37477383,-85.90849,35.7274823,-78.6962747,35.34353963872628,-0.001,1
2974,-70.92901,2974,37477391,-84.33764,35.7274823,-78.6962747,35.34353963872628,-0.001,1
2975,-70.92901,2975,37477399,-86.898285,35.7274823,-78.6962747,35.34353963872628,-0.001,1
2976,-70.92901,2976,37477407,-90.87076,35.7274823,-78.6962747,35.34353963872628,-0.001,1
2977,-70.92901,2977,37477435,-27.810555,35.7274823,-78.6962747,35.34353963872628,-0.001,1
2978,-70.92901,2978,37477472,-29.992714,35.7274823,-78.6962747,35.34353963872628,-0.001,1
2979,-70.92901,2979,37477507,-33.18901,35.7274823,-78.6962747,35.34353963872628,-0.001,1
2980,-70.92901,2980,37477539,-33.394543,35.7274823,-78.6962747,35.34353963872628,-0.001,1
2981,-70.92901,2981,37477572,-34.2048,35.7274823,-78.6962747,35.34353963872628,-0.001,1
2982,-70.92901,2982,37477605,-45.426193,35.7274823,-78.6962747,35.34353963872628,-0.001,1
2983,-70.92901,2983,37477638,-37.25471,35.7274823,-78.6962747,35.34353963872628,-0.001,1
2984,-70.92901,2984,37477670,-43.041668,35.7274823,-78.6962747,35.34353963872628,-0.001,1
2985,-70.92901,2985,37477703,-14.273575,35.7274823,-78.6962747,35.34353963872628,-0.001,1
2986,-70.92901,2986,37477736,-10.803799,35.7274823,-78.6962747,35.34353963872628,-0.001,1
2987,-70.92901,2987,37477769,-9.906731,35.7274823,-78.6962747,35.34353963872628,-0.001,1
2988,-70.92901,2988,37477801,-11.226898,35.7274823,-78.6962747,35.34353963872628,-0.001,1
2989,-70.92901,2989,37477834,-6.4616547,35.7274823,-78.6962747,35.34353963872628,-0.001,1
2990,-70.92901,2990,37477867,-4.1225243,35.7274823,-78.6962747,35.34353963872628,-0.001,1
2991,-70.92901,2991,37477900,-1.4971695,35.7274823,-78.6962747,35.34353963872628,-0.001,1
2992,-70.92901,2992,37477934,0.793663,35.7274823,-78.6962747,35.34353963872628,-0.001,1
2993,-70.92901,2993,37477967,2.130333,35.7274823,-78.6962747,35.34353963872628,-0.001,1
2994,-70.92901,2994,37478000,3.2911339,35.7274823,-78.6962747,35.34353963872628,-0.001,1
2995,-70.92901,2995,37478033,5.6268654,35.7274823,-78.6962747,35.34353963872628,-0.001,1
2996,-70.92901,2996,37478065,7.152981,35.7274823,-78.6962747,35.34353963872628,-0.001,1
2997,-70.92901,2997,37478098,8.17886,35.7274823,-78.6962747,35.34353963872628,-0.001,1
2998,-70.92901,2998,37478131,8.996067,35.7274823,-78.6962747,35.34353963872628,-0.001,1
2999,-70.92901,2999,37478164,8.968475,35.7274823,-78.6962747,35.34353963872628,-0.001,1
3000,-70.92901,3000,37478196,9.399948,35.7274823,-78.6962747,35.34353963872628,-0.001,1
3001,-70.92901,3001,37478230,9.483784,35.7274823,-78.6962747,35.34353963872628,-0.001,1
3002,-70.92901,3002,37478262,10.297012,35.7274823,-78.6962747,35.34353963872628,-0.001,1
3003,-70.92901,3003,37478295,10.433067,35.7274823,-78.6962747,35.34353963872628,-0.001,1
3004,-70.92901,3004,37478327,10.187603,35.7274823,-78.6962747,35.34353963872628,-0.001,1
3005,-70.92901,3005,37478360,10.691139,35.7274823,-78.6962747,35.34353963872628,-0.001,1
3006,-70.92901,3006,37478393,10.033585,35.7274823,-78.6962747,35.34353963872628,-0.001,1
3007,-70.92901,3007,37478426,10.026318,35.7274823,-78.6962747,35.34353963872628,-0.001,1
3008,-70.92901,3008,37478458,10.637989,35.7274823,-78.6962747,35.34353963872628,-0.001,1
3009,-70.92901,3009,37478491,9.359768,35.7274823,-78.6962747,35.34353963872628,-0.001,1
3010,-70.92901,3010,37478524,10.493702,35.7274823,-78.6962747,35.34353963872628,-0.001,1
3011,-70.92901,3011,37478557,10.574768,35.7274823,-78.6962747,35.34353963872628,-0.001,1
3012,-70.92901,3012,37478589,10.581387,35.7274823,-78.6962747,35.34353963872628,-0.001,1
3013,-70.92901,3013,37478622,10.17762,35.7274823,-78.6962747,35.34353963872628,-0.001,1
3014,-70.92901,3014,37478655,10.701637,35.7274823,-78.6962747,35.34353963872628,-0.001,1
3015,-70.92901,3015,37478688,10.425838,35.7274823,-78.6962747,35.34353963872628,-0.001,1
3016,-70.92901,3016,37478720,10.227711,35.7274823,-78.6962747,35.34353963872628,-0.001,1
3017,-70.92901,3017,37478753,9.849319,35.7274823,-78.6962747,35.34353963872628,-0.001,1
3018,-70.92901,3018,37478786,9.77142,35.7274823,-78.6962747,35.34353963872628,-0.001,1
3019,-70.92901,3019,37478819,10.285793,35.7274823,-78.6962747,35.34353963872628,-0.001,1
3020,-70.92901,3020,37478852,9.762272,35.7274823,-78.6962747,35.34353963872628,-0.001,1
3021,-70.92901,3021,37478884,10.47068,35.7274823,-78.6962747,35.34353963872628,-0.001,1
3022,-70.92901,3022,37478917,10.455757,35.7274823,-78.6962747,35.34353963872628,-0.001,1
3023,-70.92901,3023,37478950,10.320343,35.7274823,-78.6962747,35.34353963872628,-0.001,1
3024,-70.92901,3024,37478983,9.970589,35.7274823,-78.6962747,35.34353963872628,-0.001,1
3025,-70.92901,3025,37479015,9.216431,35.7274823,-78.6962747,35.34353963872628,-0.001,1
3026,-70.92901,3026,37479048,9.948627,35.7274823,-78.6962747,35.34353963872628,-0.001,1
3027,-70.92901,3027,37479081,10.4534,35.7274823,-78.6962747,35.34353963872628,-0.001,1
3028,-70.92901,3028,37479114,9.985168,35.7274823,-78.6962747,35.34353963872628,-0.001,1
3029,-70.92901,3029,37479146,10.181572,35.7274823,-78.6962747,35.34353963872628,-0.001,1
3030,-70.92901,3030,37479179,10.562027,35.7274823,-78.6962747,35.34353963872628,-0.001,1
3031,-70.92901,3031,37479212,9.520969,35.7274823,-78.6962747,35.34353963872628,-0.001,1
3032,-70.92901,3032,37479244,9.788239,35.7274823,-78.6962747,35.34353963872628,-0.001,1
3033,-70.92901,3033,37479277,9.923088,35.7274823,-78.6962747,35.34353963872628,-0.001,1
3034,-70.92901,3034,37479310,10.289841,35.7274823,-78.6962747,35.34353963872628,-0.001,1
3035,-70.92901,3035,37479343,9.753006,35.7274823,-78.6962747,35.34353963872628,-0.001,1
3036,-70.92901,3036,37479378,10.1346245,35.7274823,-78.6962747,35.34353963872628,-0.001,1
3037,-70.92901,3037,37479408,9.561466,35.7274823,-78.6962747,35.34353963872628,-0.001,1
3038,-70.92901,3038,37479441,9.547443,35.7274823,-78.6962747,35.34353963872628,-0.001,1
3039,-70.92901,3039,37479474,9.485867,35.7274823,-78.6962747,35.34353963872628,-0.001,1
3040,-70.92901,3040,37479507,9.6916275,35.7274823,-78.6962747,35.34353963872628,-0.001,1
3041,-70.92901,3041,37479539,10.159851,35.7274823,-78.6962747,35.34353963872628,-0.001,1
3042,-70.92901,3042,37479572,9.579048,35.7274823,-78.6962747,35.34353963872628,-0.001,1
3043,-70.92901,3043,37479605,8.497963,35.7274823,-78.6962747,35.34353963872628,-0.001,1
3044,-70.92901,3044,37479638,10.323647,35.7274823,-78.6962747,35.34353963872628,-0.001,1
3045,-70.92901,3045,37479670,10.164913,35.7274823,-78.6962747,35.34353963872628,-0.001,1
3046,-70.92901,3046,37479703,9.357899,35.7274823,-78.6962747,35.34353963872628,-0.001,1
3047,-70.92901,3047,37479736,9.572197,35.7274823,-78.6962747,35.34353963872628,-0.001,1
3048,-70.92901,3048,37479769,9.672375,35.7274823,-78.6962747,35.34353963872628,-0.001,1
3049,-70.92901,3049,37479801,10.047974,35.7274823,-78.6962747,35.34353963872628,-0.001,1
3050,-70.92901,3050,37479834,8.820728,35.7274823,-78.6962747,35.34353963872628,-0.001,1
3051,-70.92901,3051,37479867,9.129417,35.7274823,-78.6962747,35.34353963872628,-0.001,1
3052,-70.92901,3052,37479900,10.171848,35.7274823,-78.6962747,35.34353963872628,-0.001,1
3053,-70.92901,3053,37479932,9.589344,35.7274823,-78.6962747,35.34353963872628,-0.001,1
3054,-70.92901,3054,37479965,8.960754,35.7274823,-78.6962747,35.34353963872628,-0.001,1
3055,-70.92901,3055,37479998,10.087307,35.7274823,-78.6962747,35.34353963872628,-0.001,1
3056,-70.92901,3056,37480033,9.846767,35.7274823,-78.6962747,35.34353963872628,-0.001,1
3057,-70.92901,3057,37480065,8.773094,35.7274823,-78.6962747,35.34353963872628,-0.001,1
3058,-70.92901,3058,37480098,9.814938,35.7274823,-78.6962747,35.34353963872628,-0.001,1
3059,-70.92901,3059,37480131,9.791237,35.7274823,-78.6962747,35.34353963872628,-0.001,1
3060,-70.92901,3060,37480164,9.239441,35.7274823,-78.6962747,35.34353963872628,-0.001,1
3061,-70.92901,3061,37480196,9.265179,35.7274823,-78.6962747,35.34353963872628,-0.001,1
3062,-70.92901,3062,37480229,9.40247,35.7274823,-78.6962747,35.34353963872628,-0.001,1
3063,-70.92901,3063,37480262,9.914806,35.7274823,-78.6962747,35.34353963872628,-0.001,1
3064,-70.92901,3064,37480295,9.739399,35.7274823,-78.6962747,35.34353963872628,-0.001,1
3065,-70.92901,3065,37480327,9.400967,35.7274823,-78.6962747,35.34353963872628,-0.001,1
3066,-70.92901,3066,37480360,8.933205,35.7274823,-78.6962747,35.34353963872628,-0.001,1
3067,-70.92901,3067,37480393,10.123131,35.7274823,-78.6962747,35.34353963872628,-0.001,1
3068,-70.92901,3068,37480426,9.920242,35.7274823,-78.6962747,35.34353963872628,-0.001,1
3069,-70.92901,3069,37480458,8.362854,35.7274823,-78.6962747,35.34353963872628,-0.001,1
3070,-70.92901,3070,37480491,9.754845,35.7274823,-78.6962747,35.34353963872628,-0.001,1
3071,-70.92901,3071,37480524,9.646378,35.7274823,-78.6962747,35.34353963872628,-0.001,1
3072,-70.92901,3072,37480557,10.134125,35.7274823,-78.6962747,35.34353963872628,-0.001,1
3073,-70.92901,3073,37480589,9.407913,35.7274823,-78.6962747,35.34353963872628,-0.001,1
3074,-70.92901,3074,37480622,9.891975,35.7274823,-78.6962747,35.34353963872628,-0.001,1
3075,-70.92901,3075,37480655,9.663223,35.7274823,-78.6962747,35.34353963872628,-0.001,1
3076,-70.92901,3076,37480688,9.502071,35.7274823,-78.6962747,35.34353963872628,-0.001,1
3077,-70.92901,3077,37480720,9.440037,35.7274823,-78.6962747,35.34353963872628,-0.001,1
3078,-70.92901,3078,37480753,9.488037,35.7274823,-78.6962747,35.34353963872628,-0.001,1
3079,-70.92901,3079,37480786,6.884323,35.7274823,-78.6962747,35.34353963872628,-0.001,1
3080,-70.92901,3080,37480819,10.309708,35.7274823,-78.6962747,35.34353963872628,-0.001,1
3081,-70.92901,3081,37480851,10.181999,35.7274823,-78.6962747,35.34353963872628,-0.001,1
3082,-70.92901,3082,37480884,9.558914,35.7274823,-78.6962747,35.34353963872628,-0.001,1
3083,-70.92901,3083,37480917,10.173008,35.7274823,-78.6962747,35.34353963872628,-0.001,1
3084,-70.92901,3084,37480950,9.548298,35.7274823,-78.6962747,35.34353963872628,-0.001,1
3085,-70.92901,3085,37480982,9.930241,35.7274823,-78.6962747,35.34353963872628,-0.001,1
3086,-70.92901,3086,37481015,8.261906,35.7274823,-78.6962747,35.34353963872628,-0.001,1
3087,-70.92901,3087,37481048,7.8427925,35.7274823,-78.6962747,35.34353963872628,-0.001,1
3088,-70.92901,3088,37481081,9.414318,35.7274823,-78.6962747,35.34353963872628,-0.001,1
3089,-70.92901,3089,37481113,9.405369,35.7274823,-78.6962747,35.34353963872628,-0.001,1
3090,-70.92901,3090,37481146,9.5216255,35.7274823,-78.6962747,35.34353963872628,-0.001,1
3091,-70.92901,3091,37481179,9.477249,35.7274823,-78.6962747,35.34353963872628,-0.001,1
3092,-70.92901,3092,37481212,9.101875,35.7274823,-78.6962747,35.34353963872628,-0.001,1
3093,-70.92901,3093,37481244,9.300987,35.7274823,-78.6962747,35.34353963872628,-0.001,1
3094,-70.92901,3094,37481278,7.8582687,35.7274823,-78.6962747,35.34353963872628,-0.001,1
3095,-70.92901,3095,37481310,8.03273,35.7274823,-78.6962747,35.34353963872628,-0.001,1
3096,-70.92901,3096,37481343,9.196255,35.7274823,-78.6962747,35.34353963872628,-0.001,1
3097,-70.92901,3097,37481375,8.563702,35.7274823,-78.6962747,35.34353963872628,-0.001,1
3098,-70.92901,3098,37481408,9.0878525,35.7274823,-78.6962747,35.34353963872628,-0.001,1
3099,-70.92901,3099,37481441,8.365822,35.7274823,-78.6962747,35.34353963872628,-0.001,1
3100,-70.92901,3100,37481474,8.317818,35.7274823,-78.6962747,35.34353963872628,-0.001,1
3101,-70.92901,3101,37481506,8.1984215,35.7274823,-78.6962747,35.34353963872628,-0.001,1
3102,-70.92901,3102,37481539,8.20591,35.7274823,-78.6962747,35.34353963872628,-0.001,1
3103,-70.92901,3103,37481572,8.679283,35.7274823,-78.6962747,35.34353963872628,-0.001,1
3104,-70.92901,3104,37481605,7.965496,35.7274823,-78.6962747,35.34353963872628,-0.001,1
3105,-70.92901,3105,37481637,8.20229,35.7274823,-78.6962747,35.34353963872628,-0.001,1
3106,-70.92901,3106,37481670,8.592323,35.7274823,-78.6962747,35.34353963872628,-0.001,1
3107,-70.92901,3107,37481703,7.8794975,35.7274823,-78.6962747,35.34353963872628,-0.001,1
3108,-70.92901,3108,37481736,8.462349,35.7274823,-78.6962747,35.34353963872628,-0.001,1
3109,-70.92901,3109,37481768,7.950531,35.7274823,-78.6962747,35.34353963872628,-0.001,1
3110,-70.92901,3110,37481801,8.170773,35.7274823,-78.6962747,35.34353963872628,-0.001,1
3111,-70.92901,3111,37481834,8.256081,35.7274823,-78.6962747,35.34353963872628,-0.001,1
3112,-70.92901,3112,37481867,8.608955,35.7274823,-78.6962747,35.34353963872628,-0.001,1
3113,-70.92901,3113,37481900,8.598103,35.7274823,-78.6962747,35.34353963872628,-0.001,1
3114,-70.92901,3114,37481932,8.460209,35.7274823,-78.6962747,35.34353963872628,-0.001,1
3115,-70.92901,3115,37481965,8.411934,35.7274823,-78.6962747,35.34353963872628,-0.001,1
3116,-70.92901,3116,37481998,7.821682,35.7274823,-78.6962747,35.34353963872628,-0.001,1
3117,-70.92901,3117,37482030,8.235683,35.7274823,-78.6962747,35.34353963872628,-0.001,1
3118,-70.92901,3118,37482063,8.257938,35.7274823,-78.6962747,35.34353963872628,-0.001,1
3119,-70.92901,3119,37482096,7.8889427,35.7274823,-78.6962747,35.34353963872628,-0.001,1
3120,-70.92901,3120,37482131,8.037045,35.7274823,-78.6962747,35.34353963872628,-0.001,1
3121,-70.92901,3121,37482163,8.684345,35.7274823,-78.6962747,35.34353963872628,-0.001,1
3122,-70.92901,3122,37482196,8.23732,35.7274823,-78.6962747,35.34353963872628,-0.001,1
3123,-70.92901,3123,37482229,8.205654,35.7274823,-78.6962747,35.34353963872628,-0.001,1
3124,-70.92901,3124,37482262,8.08255,35.7274823,-78.6962747,35.34353963872628,-0.001,1
3125,-70.92901,3125,37482295,8.698879,35.7274823,-78.6962747,35.34353963872628,-0.001,1
3126,-70.92901,3126,37482327,8.004498,35.7274823,-78.6962747,35.34353963872628,-0.001,1
3127,-70.92901,3127,37482360,7.8168373,35.7274823,-78.6962747,35.34353963872628,-0.001,1
3128,-70.92901,3128,37482393,8.441788,35.7274823,-78.6962747,35.34353963872628,-0.001,1
3129,-70.92901,3129,37482425,8.285748,35.7274823,-78.6962747,35.34353963872628,-0.001,1
3130,-70.92901,3130,37482458,8.274925,35.7274823,-78.6962747,35.34353963872628,-0.001,1
3131,-70.92901,3131,37482491,8.185459,35.7274823,-78.6962747,35.34353963872628,-0.001,1
3132,-70.92901,3132,37482524,7.840557,35.7274823,-78.6962747,35.34353963872628,-0.001,1
3133,-70.92901,3133,37482556,8.0636215,35.7274823,-78.6962747,35.34353963872628,-0.001,1
3134,-70.92901,3134,37482589,7.540966,35.7274823,-78.6962747,35.34353963872628,-0.001,1
3135,-70.92901,3135,37482622,8.026882,35.7274823,-78.6962747,35.34353963872628,-0.001,1
3136,-70.92901,3136,37482655,7.49094,35.7274823,-78.6962747,35.34353963872628,-0.001,1
3137,-70.92901,3137,37482688,7.644169,35.7274823,-78.6962747,35.34353963872628,-0.001,1
3138,-70.92901,3138,37482720,7.813698,35.7274823,-78.6962747,35.34353963872628,-0.001,1
3139,-70.92901,3139,37482753,7.290901,35.7274823,-78.6962747,35.34353963872628,-0.001,1
3140,-70.92901,3140,37482786,8.548965,35.7274823,-78.6962747,35.34353963872628,-0.001,1
3141,-70.92901,3141,37482818,7.951988,35.7274823,-78.6962747,35.34353963872628,-0.001,1
3142,-70.92901,3142,37482851,7.311264,35.7274823,-78.6962747,35.34353963872628,-0.001,1
3143,-70.92901,3143,37482884,8.157101,35.7274823,-78.6962747,35.34353963872628,-0.001,1
3144,-70.92901,3144,37482917,7.5306244,35.7274823,-78.6962747,35.34353963872628,-0.001,1
3145,-70.92901,3145,37482950,7.620735,35.7274823,-78.6962747,35.34353963872628,-0.001,1
3146,-70.92901,3146,37482982,7.4179344,35.7274823,-78.6962747,35.34353963872628,-0.001,1
3147,-70.92901,3147,37483015,7.5098915,35.7274823,-78.6962747,35.34353963872628,-0.001,1
3148,-70.92901,3148,37483048,7.457569,35.7274823,-78.6962747,35.34353963872628,-0.001,1
3149,-70.92901,3149,37483080,6.894142,35.7274823,-78.6962747,35.34353963872628,-0.001,1
3150,-70.92901,3150,37483113,8.002262,35.7274823,-78.6962747,35.34353963872628,-0.001,1
3151,-70.92901,3151,37483146,7.392845,35.7274823,-78.6962747,35.34353963872628,-0.001,1
3152,-70.92901,3152,37483179,7.2849655,35.7274823,-78.6962747,35.34353963872628,-0.001,1
3153,-70.92901,3153,37483212,7.842022,35.7274823,-78.6962747,35.34353963872628,-0.001,1
3154,-70.92901,3154,37483244,7.7029533,35.7274823,-78.6962747,35.34353963872628,-0.001,1
3155,-70.92901,3155,37483277,7.5227127,35.7274823,-78.6962747,35.34353963872628,-0.001,1
3156,-70.92901,3156,37483310,7.461647,35.7274823,-78.6962747,35.34353963872628,-0.001,1
3157,-70.92901,3157,37483343,7.0725975,35.7274823,-78.6962747,35.34353963872628,-0.001,1
3158,-70.92901,3158,37483375,6.957184,35.7274823,-78.6962747,35.34353963872628,-0.001,1
3159,-70.92901,3159,37483408,7.181259,35.7274823,-78.6962747,35.34353963872628,-0.001,1
3160,-70.92901,3160,37483441,7.791237,35.7274823,-78.6962747,35.34353963872628,-0.001,1
3161,-70.92901,3161,37483474,7.7996483,35.7274823,-78.6962747,35.34353963872628,-0.001,1
3162,-70.92901,3162,37483506,7.4603195,35.7274823,-78.6962747,35.34353963872628,-0.001,1
3163,-70.92901,3163,37483539,7.357731,35.7274823,-78.6962747,35.34353963872628,-0.001,1
3164,-70.92901,3164,37483572,7.8253326,35.7274823,-78.6962747,35.34353963872628,-0.001,1
3165,-70.92901,3165,37483605,7.5809135,35.7274823,-78.6962747,35.34353963872628,-0.001,1
3166,-70.92901,3166,37483637,7.204525,35.7274823,-78.6962747,35.34353963872628,-0.001,1
3167,-70.92901,3167,37483670,6.9774857,35.7274823,-78.6962747,35.34353963872628,-0.001,1
3168,-70.92901,3168,37483703,7.309742,35.7274823,-78.6962747,35.34353963872628,-0.001,1
3169,-70.92901,3169,37483736,7.478573,35.7274823,-78.6962747,35.34353963872628,-0.001,1
3170,-70.92901,3170,37483768,7.068836,35.7274823,-78.6962747,35.34353963872628,-0.001,1
3171,-70.92901,3171,37483801,7.629833,35.7274823,-78.6962747,35.34353963872628,-0.001,1
3172,-70.92901,3172,37483834,7.5774574,35.7274823,-78.6962747,35.34353963872628,-0.001,1
3173,-70.92901,3173,37483867,7.497452,35.7274823,-78.6962747,35.34353963872628,-0.001,1
3174,-70.92901,3174,37483899,6.0906563,35.7274823,-78.6962747,35.34353963872628,-0.001,1
3175,-70.92901,3175,37483932,7.103016,35.7274823,-78.6962747,35.34353963872628,-0.001,1
3176,-70.92901,3176,37483965,7.634968,35.7274823,-78.6962747,35.34353963872628,-0.001,1
3177,-70.92901,3177,37483998,7.424038,35.7274823,-78.6962747,35.34353963872628,-0.001,1
3178,-70.92901,3178,37484030,7.302555,35.7274823,-78.6962747,35.34353963872628,-0.001,1
3179,-70.92901,3179,37484063,7.2881546,35.7274823,-78.6962747,35.34353963872628,-0.001,1
3180,-70.92901,3180,37484096,7.1382637,35.7274823,-78.6962747,35.34353963872628,-0.001,1
3181,-70.92901,3181,37484129,6.8904953,35.7274823,-78.6962747,35.34353963872628,-0.001,1
3182,-70.92901,3182,37484161,6.376343,35.7274823,-78.6962747,35.34353963872628,-0.001,1
3183,-70.92901,3183,37484194,7.083542,35.7274823,-78.6962747,35.34353963872628,-0.001,1
3184,-70.92901,3184,37484229,7.1142235,35.7274823,-78.6962747,35.34353963872628,-0.001,1
3185,-70.92901,3185,37484262,7.1270523,35.7274823,-78.6962747,35.34353963872628,-0.001,1
3186,-70.92901,3186,37484295,6.2626953,35.7274823,-78.6962747,35.34353963872628,-0.001,1
3187,-70.92901,3187,37484327,6.0543327,35.7274823,-78.6962747,35.34353963872628,-0.001,1
3188,-70.92901,3188,37484360,7.125416,35.7274823,-78.6962747,35.34353963872628,-0.001,1
3189,-70.92901,3189,37484393,7.057747,35.7274823,-78.6962747,35.34353963872628,-0.001,1
3190,-70.92901,3190,37484426,6.234291,35.7274823,-78.6962747,35.34353963872628,-0.001,1
3191,-70.92901,3191,37484458,6.488041,35.7274823,-78.6962747,35.34353963872628,-0.001,1
3192,-70.92901,3192,37484491,7.306175,35.7274823,-78.6962747,35.34353963872628,-0.001,1
3193,-70.92901,3193,37484524,6.53817,35.7274823,-78.6962747,35.34353963872628,-0.001,1
3194,-70.92901,3194,37484557,6.8909454,35.7274823,-78.6962747,35.34353963872628,-0.001,1
3195,-70.92901,3195,37484589,6.4498215,35.7274823,-78.6962747,35.34353963872628,-0.001,1
3196,-70.92901,3196,37484622,6.409191,35.7274823,-78.6962747,35.34353963872628,-0.001,1
3197,-70.92901,3197,37484655,6.2424965,35.7274823,-78.6962747,35.34353963872628,-0.001,1
3198,-70.92901,3198,37484688,6.626652,35.7274823,-78.6962747,35.34353963872628,-0.001,1
3199,-70.92901,3199,37484720,6.1520996,35.7274823,-78.6962747,35.34353963872628,-0.001,1
3200,-70.92901,3200,37484753,5.9706535,35.7274823,-78.6962747,35.34353963872628,-0.001,1
3201,-70.92901,3201,37484786,6.68153,35.7274823,-78.6962747,35.34353963872628,-0.001,1
3202,-70.92901,3202,37484819,6.513069,35.7274823,-78.6962747,35.34353963872628,-0.001,1
3203,-70.92901,3203,37484851,5.9570503,35.7274823,-78.6962747,35.34353963872628,-0.001,1
3204,-70.92901,3204,37484884,6.0418663,35.7274823,-78.6962747,35.34353963872628,-0.001,1
3205,-70.92901,3205,37484917,6.256962,35.7274823,-78.6962747,35.34353963872628,-0.001,1
3206,-70.92901,3206,37484950,6.367813,35.7274823,-78.6962747,35.34353963872628,-0.001,1
3207,-70.92901,3207,37484982,6.1685944,35.7274823,-78.6962747,35.34353963872628,-0.001,1
3208,-70.92901,3208,37485015,6.122753,35.7274823,-78.6962747,35.34353963872628,-0.001,1
3209,-70.92901,3209,37485048,6.20557,35.7274823,-78.6962747,35.34353963872628,-0.001,1
3210,-70.92901,3210,37485081,6.171032,35.7274823,-78.6962747,35.34353963872628,-0.001,1
3211,-70.92901,3211,37485113,5.7590256,35.7274823,-78.6962747,35.34353963872628,-0.001,1
3212,-70.92901,3212,37485146,6.7212067,35.7274823,-78.6962747,35.34353963872628,-0.001,1
3213,-70.92901,3213,37485179,6.6633415,35.7274823,-78.6962747,35.34353963872628,-0.001,1
3214,-70.92901,3214,37485212,6.5036087,35.7274823,-78.6962747,35.34353963872628,-0.001,1
3215,-70.92901,3215,37485244,6.403553,35.7274823,-78.6962747,35.34353963872628,-0.001,1
3216,-70.92901,3216,37485277,5.829117,35.7274823,-78.6962747,35.34353963872628,-0.001,1
3217,-70.92901,3217,37485310,5.284363,35.7274823,-78.6962747,35.34353963872628,-0.001,1
3218,-70.92901,3218,37485343,6.0581665,35.7274823,-78.6962747,35.34353963872628,-0.001,1
3219,-70.92901,3219,37485375,6.150936,35.7274823,-78.6962747,35.34353963872628,-0.001,1
3220,-70.92901,3220,37485408,5.911968,35.7274823,-78.6962747,35.34353963872628,-0.001,1
3221,-70.92901,3221,37485441,6.1178856,35.7274823,-78.6962747,35.34353963872628,-0.001,1
3222,-70.92901,3222,37485474,5.925743,35.7274823,-78.6962747,35.34353963872628,-0.001,1
3223,-70.92901,3223,37485506,5.718563,35.7274823,-78.6962747,35.34353963872628,-0.001,1
3224,-70.92901,3224,37485539,5.8121185,35.7274823,-78.6962747,35.34353963872628,-0.001,1
3225,-70.92901,3225,37485572,5.968132,35.7274823,-78.6962747,35.34353963872628,-0.001,1
3226,-70.92901,3226,37485605,5.179558,35.7274823,-78.6962747,35.34353963872628,-0.001,1
3227,-70.92901,3227,37485637,5.9970436,35.7274823,-78.6962747,35.34353963872628,-0.001,1
3228,-70.92901,3228,37485670,4.917618,35.7274823,-78.6962747,35.34353963872628,-0.001,1
3229,-70.92901,3229,37485703,6.129841,35.7274823,-78.6962747,35.34353963872628,-0.001,1
3230,-70.92901,3230,37485736,6.4207344,35.7274823,-78.6962747,35.34353963872628,-0.001,1
3231,-70.92901,3231,37485768,5.6784477,35.7274823,-78.6962747,35.34353963872628,-0.001,1
3232,-70.92901,3232,37485801,5.7499924,35.7274823,-78.6962747,35.34353963872628,-0.001,1
3233,-70.92901,3233,37485834,5.9682693,35.7274823,-78.6962747,35.34353963872628,-0.001,1
3234,-70.92901,3234,37485867,5.3091736,35.7274823,-78.6962747,35.34353963872628,-0.001,1
3235,-70.92901,3235,37485899,5.2252884,35.7274823,-78.6962747,35.34353963872628,-0.001,1
3236,-70.92901,3236,37485932,5.831894,35.7274823,-78.6962747,35.34353963872628,-0.001,1
3237,-70.92901,3237,37485965,5.3771515,35.7274823,-78.6962747,35.34353963872628,-0.001,1
3238,-70.92901,3238,37485998,5.3656883,35.7274823,-78.6962747,35.34353963872628,-0.001,1
3239,-70.92901,3239,37486030,4.9744606,35.7274823,-78.6962747,35.34353963872628,-0.001,1
3240,-70.92901,3240,37486063,5.677902,35.7274823,-78.6962747,35.34353963872628,-0.001,1
3241,-70.92901,3241,37486096,6.0491295,35.7274823,-78.6962747,35.34353963872628,-0.001,1
3242,-70.92901,3242,37486129,5.9622345,35.7274823,-78.6962747,35.34353963872628,-0.001,1
3243,-70.92901,3243,37486161,5.969551,35.7274823,-78.6962747,35.34353963872628,-0.001,1
3244,-70.92901,3244,37486194,5.5206337,35.7274823,-78.6962747,35.34353963872628,-0.001,1
3245,-70.92901,3245,37486227,5.5405884,35.7274823,-78.6962747,35.34353963872628,-0.001,1
3246,-70.92901,3246,37486260,4.7315216,35.7274823,-78.6962747,35.34353963872628,-0.001,1
3247,-70.92901,3247,37486292,5.4797783,35.7274823,-78.6962747,35.34353963872628,-0.001,1
3248,-70.92901,3248,37486327,5.570942,35.7274823,-78.6962747,35.34353963872628,-0.001,1
3249,-70.92901,3249,37486360,6.0587273,35.7274823,-78.6962747,35.34353963872628,-0.001,1
3250,-70.92901,3250,37486393,5.0204697,35.7274823,-78.6962747,35.34353963872628,-0.001,1
3251,-70.92901,3251,37486425,6.1415215,35.7274823,-78.6962747,35.34353963872628,-0.001,1
3252,-70.92901,3252,37486458,5.7416,35.7274823,-78.6962747,35.34353963872628,-0.001,1
3253,-70.92901,3253,37486491,5.568981,35.7274823,-78.6962747,35.34353963872628,-0.001,1
3254,-70.92901,3254,37486524,5.8085594,35.7274823,-78.6962747,35.34353963872628,-0.001,1
3255,-70.92901,3255,37486556,5.8053093,35.7274823,-78.6962747,35.34353963872628,-0.001,1
3256,-70.92901,3256,37486589,4.858471,35.7274823,-78.6962747,35.34353963872628,-0.001,1
3257,-70.92901,3257,37486622,5.717144,35.7274823,-78.6962747,35.34353963872628,-0.001,1
3258,-70.92901,3258,37486655,5.699833,35.7274823,-78.6962747,35.34353963872628,-0.001,1
3259,-70.92901,3259,37486687,5.665962,35.7274823,-78.6962747,35.34353963872628,-0.001,1
3260,-70.92901,3260,37486720,5.273693,35.7274823,-78.6962747,35.34353963872628,-0.001,1
3261,-70.92901,3261,37486753,5.8475647,35.7274823,-78.6962747,35.34353963872628,-0.001,1
3262,-70.92901,3262,37486786,5.314991,35.7274823,-78.6962747,35.34353963872628,-0.001,1
3263,-70.92901,3263,37486818,5.7605896,35.7274823,-78.6962747,35.34353963872628,-0.001,1
3264,-70.92901,3264,37486851,5.7547417,35.7274823,-78.6962747,35.34353963872628,-0.001,1
3265,-70.92901,3265,37486884,5.7471275,35.7274823,-78.6962747,35.34353963872628,-0.001,1
3266,-70.92901,3266,37486917,5.2854652,35.7274823,-78.6962747,35.34353963872628,-0.001,1
3267,-70.92901,3267,37486949,4.805271,35.7274823,-78.6962747,35.34353963872628,-0.001,1
3268,-70.92901,3268,37486982,5.850464,35.7274823,-78.6962747,35.34353963872628,-0.001,1
3269,-70.92901,3269,37487015,5.3357086,35.7274823,-78.6962747,35.34353963872628,-0.001,1
3270,-70.92901,3270,37487048,5.40292,35.7274823,-78.6962747,35.34353963872628,-0.001,1
3271,-70.92901,3271,37487080,5.9247475,35.7274823,-78.6962747,35.34353963872628,-0.001,1
3272,-70.92901,3272,37487113,5.28096,35.7274823,-78.6962747,35.34353963872628,-0.001,1
3273,-70.92901,3273,37487146,5.7221146,35.7274823,-78.6962747,35.34353963872628,-0.001,1
3274,-70.92901,3274,37487179,5.054508,35.7274823,-78.6962747,35.34353963872628,-0.001,1
3275,-70.92901,3275,37487212,5.209591,35.7274823,-78.6962747,35.34353963872628,-0.001,1
3276,-70.92901,3276,37487244,5.7404594,35.7274823,-78.6962747,35.34353963872628,-0.001,1
3277,-70.92901,3277,37487277,5.6438637,35.7274823,-78.6962747,35.34353963872628,-0.001,1
3278,-70.92901,3278,37487310,5.6133614,35.7274823,-78.6962747,35.34353963872628,-0.001,1
3279,-70.92901,3279,37487343,4.431324,35.7274823,-78.6962747,35.34353963872628,-0.001,1
3280,-70.92901,3280,37487375,5.5169945,35.7274823,-78.6962747,35.34353963872628,-0.001,1
3281,-70.92901,3281,37487408,4.6534805,35.7274823,-78.6962747,35.34353963872628,-0.001,1
3282,-70.92901,3282,37487441,5.8530083,35.7274823,-78.6962747,35.34353963872628,-0.001,1
3283,-70.92901,3283,37487473,5.8230324,35.7274823,-78.6962747,35.34353963872628,-0.001,1
3284,-70.92901,3284,37487506,5.439636,35.7274823,-78.6962747,35.34353963872628,-0.001,1
3285,-70.92901,3285,37487539,5.761963,35.7274823,-78.6962747,35.34353963872628,-0.001,1
3286,-70.92901,3286,37487572,5.5354767,35.7274823,-78.6962747,35.34353963872628,-0.001,1
3287,-70.92901,3287,37487604,5.486042,35.7274823,-78.6962747,35.34353963872628,-0.001,1
3288,-70.92901,3288,37487637,4.7955437,35.7274823,-78.6962747,35.34353963872628,-0.001,1
3289,-70.92901,3289,37487670,4.493477,35.7274823,-78.6962747,35.34353963872628,-0.001,1
3290,-70.92901,3290,37487703,5.5541763,35.7274823,-78.6962747,35.34353963872628,-0.001,1
3291,-70.92901,3291,37487735,5.560871,35.7274823,-78.6962747,35.34353963872628,-0.001,1
3292,-70.92901,3292,37487768,5.5961647,35.7274823,-78.6962747,35.34353963872628,-0.001,1
3293,-70.92901,3293,37487801,4.0156097,35.7274823,-78.6962747,35.34353963872628,-0.001,1
3294,-70.92901,3294,37487834,5.3749695,35.7274823,-78.6962747,35.34353963872628,-0.001,1
3295,-70.92901,3295,37487866,4.787258,35.7274823,-78.6962747,35.34353963872628,-0.001,1
3296,-70.92901,3296,37487899,5.732628,35.7274823,-78.6962747,35.34353963872628,-0.001,1
3297,-70.92901,3297,37487932,4.6620865,35.7274823,-78.6962747,35.34353963872628,-0.001,1
3298,-70.92901,3298,37487965,5.8241234,35.7274823,-78.6962747,35.34353963872628,-0.001,1
3299,-70.92901,3299,37487997,5.1356087,35.7274823,-78.6962747,35.34353963872628,-0.001,1
3300,-70.92901,3300,37488030,5.5043716,35.7274823,-78.6962747,35.34353963872628,-0.001,1
3301,-70.92901,3301,37488063,4.8170204,35.7274823,-78.6962747,35.34353963872628,-0.001,1
3302,-70.92901,3302,37488096,5.3437843,35.7274823,-78.6962747,35.34353963872628,-0.001,1
3303,-70.92901,3303,37488128,5.29475,35.7274823,-78.6962747,35.34353963872628,-0.001,1
3304,-70.92901,3304,37488161,4.711857,35.7274823,-78.6962747,35.34353963872628,-0.001,1
3305,-70.92901,3305,37488194,4.709648,35.7274823,-78.6962747,35.34353963872628,-0.001,1
3306,-70.92901,3306,37488227,4.9263573,35.7274823,-78.6962747,35.34353963872628,-0.001,1
3307,-70.92901,3307,37488260,5.4669952,35.7274823,-78.6962747,35.34353963872628,-0.001,1
3308,-70.92901,3308,37488292,4.397312,35.7274823,-78.6962747,35.34353963872628,-0.001,1
3309,-70.92901,3309,37488325,5.172905,35.7274823,-78.6962747,35.34353963872628,-0.001,1
3310,-70.92901,3310,37488358,5.7135925,35.7274823,-78.6962747,35.34353963872628,-0.001,1
3311,-70.92901,3311,37488391,5.519108,35.7274823,-78.6962747,35.34353963872628,-0.001,1
3312,-70.92901,3312,37488425,4.993614,35.7274823,-78.6962747,35.34353963872628,-0.001,1
3313,-70.92901,3313,37488458,4.417137,35.7274823,-78.6962747,35.34353963872628,-0.001,1
3314,-70.92901,3314,37488491,5.6187286,35.7274823,-78.6962747,35.34353963872628,-0.001,1
3315,-70.92901,3315,37488524,5.441742,35.7274823,-78.6962747,35.34353963872628,-0.001,1
3316,-70.92901,3316,37488556,5.1603622,35.7274823,-78.6962747,35.34353963872628,-0.001,1
3317,-70.92901,3317,37488589,4.610264,35.7274823,-78.6962747,35.34353963872628,-0.001,1
3318,-70.92901,3318,37488622,5.6150055,35.7274823,-78.6962747,35.34353963872628,-0.001,1
3319,-70.92901,3319,37488655,5.0171814,35.7274823,-78.6962747,35.34353963872628,-0.001,1
3320,-70.92901,3320,37488687,5.049103,35.7274823,-78.6962747,35.34353963872628,-0.001,1
3321,-70.92901,3321,37488720,4.614296,35.7274823,-78.6962747,35.34353963872628,-0.001,1
3322,-70.92901,3322,37488753,5.734581,35.7274823,-78.6962747,35.34353963872628,-0.001,1
3323,-70.92901,3323,37488786,5.546238,35.7274823,-78.6962747,35.34353963872628,-0.001,1
3324,-70.92901,3324,37488819,5.091812,35.7274823,-78.6962747,35.34353963872628,-0.001,1
3325,-70.92901,3325,37488851,4.956871,35.7274823,-78.6962747,35.34353963872628,-0.001,1
3326,-70.92901,3326,37488884,4.484436,35.7274823,-78.6962747,35.34353963872628,-0.001,1
3327,-70.92901,3327,37488917,4.323086,35.7274823,-78.6962747,35.34353963872628,-0.001,1
3328,-70.92901,3328,37488949,5.361553,35.7274823,-78.6962747,35.34353963872628,-0.001,1
3329,-70.92901,3329,37488982,5.3572845,35.7274823,-78.6962747,35.34353963872628,-0.001,1
3330,-70.92901,3330,37489015,5.234001,35.7274823,-78.6962747,35.34353963872628,-0.001,1
3331,-70.92901,3331,37489048,4.167248,35.7274823,-78.6962747,35.34353963872628,-0.001,1
3332,-70.92901,3332,37489080,5.495369,35.7274823,-78.6962747,35.34353963872628,-0.001,1
3333,-70.92901,3333,37489113,5.2996635,35.7274823,-78.6962747,35.34353963872628,-0.001,1
3334,-70.92901,3334,37489146,3.5630264,35.7274823,-78.6962747,35.34353963872628,-0.001,1
3335,-70.92901,3335,37489179,5.4034767,35.7274823,-78.6962747,35.34353963872628,-0.001,1
3336,-70.92901,3336,37489212,4.3077354,35.7274823,-78.6962747,35.34353963872628,-0.001,1
3337,-70.92901,3337,37489244,5.4370346,35.7274823,-78.6962747,35.34353963872628,-0.001,1
3338,-70.92901,3338,37489277,5.2237244,35.7274823,-78.6962747,35.34353963872628,-0.001,1
3339,-70.92901,3339,37489310,4.66024,35.7274823,-78.6962747,35.34353963872628,-0.001,1
3340,-70.92901,3340,37489342,5.2510605,35.7274823,-78.6962747,35.34353963872628,-0.001,1
3341,-70.92901,3341,37489375,4.631214,35.7274823,-78.6962747,35.34353963872628,-0.001,1
3342,-70.92901,3342,37489408,4.1935997,35.7274823,-78.6962747,35.34353963872628,-0.001,1
3343,-70.92901,3343,37489441,4.6466637,35.7274823,-78.6962747,35.34353963872628,-0.001,1
3344,-70.92901,3344,37489473,4.741066,35.7274823,-78.6962747,35.34353963872628,-0.001,1
3345,-70.92901,3345,37489506,5.245308,35.7274823,-78.6962747,35.34353963872628,-0.001,1
3346,-70.92901,3346,37489539,5.169075,35.7274823,-78.6962747,35.34353963872628,-0.001,1
3347,-70.92901,3347,37489572,5.0925484,35.7274823,-78.6962747,35.34353963872628,-0.001,1
3348,-70.92901,3348,37489604,5.017277,35.7274823,-78.6962747,35.34353963872628,-0.001,1
3349,-70.92901,3349,37489637,4.329403,35.7274823,-78.6962747,35.34353963872628,-0.001,1
3350,-70.92901,3350,37489670,3.8225822,35.7274823,-78.6962747,35.34353963872628,-0.001,1
3351,-70.92901,3351,37489703,4.611511,35.7274823,-78.6962747,35.34353963872628,-0.001,1
3352,-70.92901,3352,37489735,4.1605034,35.7274823,-78.6962747,35.34353963872628,-0.001,1
3353,-70.92901,3353,37489768,4.907158,35.7274823,-78.6962747,35.34353963872628,-0.001,1
3354,-70.92901,3354,37489801,3.968361,35.7274823,-78.6962747,35.34353963872628,-0.001,1
3355,-70.92901,3355,37489834,4.9904785,35.7274823,-78.6962747,35.34353963872628,-0.001,1
3356,-70.92901,3356,37489866,4.2607,35.7274823,-78.6962747,35.34353963872628,-0.001,1
3357,-70.92901,3357,37489899,5.0362854,35.7274823,-78.6962747,35.34353963872628,-0.001,1
3358,-70.92901,3358,37489932,4.535244,35.7274823,-78.6962747,35.34353963872628,-0.001,1
3359,-70.92901,3359,37489965,4.8940773,35.7274823,-78.6962747,35.34353963872628,-0.001,1
3360,-70.92901,3360,37489997,4.286415,35.7274823,-78.6962747,35.34353963872628,-0.001,1
3361,-70.92901,3361,37490030,4.742508,35.7274823,-78.6962747,35.34353963872628,-0.001,1
3362,-70.92901,3362,37490063,4.5767975,35.7274823,-78.6962747,35.34353963872628,-0.001,1
3363,-70.92901,3363,37490096,4.5481606,35.7274823,-78.6962747,35.34353963872628,-0.001,1
3364,-70.92901,3364,37490128,4.504486,35.7274823,-78.6962747,35.34353963872628,-0.001,1
3365,-70.92901,3365,37490161,3.935299,35.7274823,-78.6962747,35.34353963872628,-0.001,1
3366,-70.92901,3366,37490194,4.058079,35.7274823,-78.6962747,35.34353963872628,-0.001,1
3367,-70.92901,3367,37490227,3.6707382,35.7274823,-78.6962747,35.34353963872628,-0.001,1
3368,-70.92901,3368,37490259,4.79998,35.7274823,-78.6962747,35.34353963872628,-0.001,1
3369,-70.92901,3369,37490292,4.4024773,35.7274823,-78.6962747,35.34353963872628,-0.001,1
3370,-70.92901,3370,37490325,4.3131294,35.7274823,-78.6962747,35.34353963872628,-0.001,1
3371,-70.92901,3371,37490358,4.3913193,35.7274823,-78.6962747,35.34353963872628,-0.001,1
3372,-70.92901,3372,37490390,4.861294,35.7274823,-78.6962747,35.34353963872628,-0.001,1
3373,-70.92901,3373,37490423,4.724457,35.7274823,-78.6962747,35.34353963872628,-0.001,1
3374,-70.92901,3374,37490456,4.552952,35.7274823,-78.6962747,35.34353963872628,-0.001,1
3375,-70.92901,3375,37490489,4.3697968,35.7274823,-78.6962747,35.34353963872628,-0.001,1
3376,-70.92901,3376,37490524,4.0667152,35.7274823,-78.6962747,35.34353963872628,-0.001,1
3377,-70.92901,3377,37490556,4.027069,35.7274823,-78.6962747,35.34353963872628,-0.001,1
3378,-70.92901,3378,37490589,4.2249336,35.7274823,-78.6962747,35.34353963872628,-0.001,1
3379,-70.92901,3379,37490622,3.698391,35.7274823,-78.6962747,35.34353963872628,-0.001,1
3380,-70.92901,3380,37490654,3.6899033,35.7274823,-78.6962747,35.34353963872628,-0.001,1
3381,-70.92901,3381,37490687,4.1921806,35.7274823,-78.6962747,35.34353963872628,-0.001,1
3382,-70.92901,3382,37490720,4.2525864,35.7274823,-78.6962747,35.34353963872628,-0.001,1
3383,-70.92901,3383,37490753,4.758751,35.7274823,-78.6962747,35.34353963872628,-0.001,1
3384,-70.92901,3384,37490786,3.5466423,35.7274823,-78.6962747,35.34353963872628,-0.001,1
3385,-70.92901,3385,37490818,4.27277,35.7274823,-78.6962747,35.34353963872628,-0.001,1
3386,-70.92901,3386,37490851,4.460369,35.7274823,-78.6962747,35.34353963872628,-0.001,1
3387,-70.92901,3387,37490884,4.037365,35.7274823,-78.6962747,35.34353963872628,-0.001,1
3388,-70.92901,3388,37490917,4.3612022,35.7274823,-78.6962747,35.34353963872628,-0.001,1
3389,-70.92901,3389,37490949,3.8147545,35.7274823,-78.6962747,35.34353963872628,-0.001,1
3390,-70.92901,3390,37490982,4.299576,35.7274823,-78.6962747,35.34353963872628,-0.001,1
3391,-70.92901,3391,37491015,3.66045,35.7274823,-78.6962747,35.34353963872628,-0.001,1
3392,-70.92901,3392,37491048,3.7372475,35.7274823,-78.6962747,35.34353963872628,-0.001,1
3393,-70.92901,3393,37491080,4.230274,35.7274823,-78.6962747,35.34353963872628,-0.001,1
3394,-70.92901,3394,37491113,4.2175827,35.7274823,-78.6962747,35.34353963872628,-0.001,1
3395,-70.92901,3395,37491146,4.2169876,35.7274823,-78.6962747,35.34353963872628,-0.001,1
3396,-70.92901,3396,37491179,4.1566772,35.7274823,-78.6962747,35.34353963872628,-0.001,1
3397,-70.92901,3397,37491211,3.6468506,35.7274823,-78.6962747,35.34353963872628,-0.001,1
3398,-70.92901,3398,37491244,4.1782913,35.7274823,-78.6962747,35.34353963872628,-0.001,1
3399,-70.92901,3399,37491277,3.6355553,35.7274823,-78.6962747,35.34353963872628,-0.001,1
3400,-70.92901,3400,37491309,2.7396889,35.7274823,-78.6962747,35.34353963872628,-0.001,1
3401,-70.92901,3401,37491342,3.9329948,35.7274823,-78.6962747,35.34353963872628,-0.001,1
3402,-70.92901,3402,37491375,4.5303802,35.7274823,-78.6962747,35.34353963872628,-0.001,1
3403,-70.92901,3403,37491408,3.4444466,35.7274823,-78.6962747,35.34353963872628,-0.001,1
3404,-70.92901,3404,37491440,2.6470947,35.7274823,-78.6962747,35.34353963872628,-0.001,1
3405,-70.92901,3405,37491473,4.7868233,35.7274823,-78.6962747,35.34353963872628,-0.001,1
3406,-70.92901,3406,37491506,2.8783836,35.7274823,-78.6962747,35.34353963872628,-0.001,1
3407,-70.92901,3407,37491539,3.0887794,35.7274823,-78.6962747,35.34353963872628,-0.001,1
3408,-70.92901,3408,37491571,4.2759094,35.7274823,-78.6962747,35.34353963872628,-0.001,1
3409,-70.92901,3409,37491604,4.7227745,35.7274823,-78.6962747,35.34353963872628,-0.001,1
3410,-70.92901,3410,37491637,3.6970406,35.7274823,-78.6962747,35.34353963872628,-0.001,1
3411,-70.92901,3411,37491670,4.2410736,35.7274823,-78.6962747,35.34353963872628,-0.001,1
3412,-70.92901,3412,37491702,3.2756424,35.7274823,-78.6962747,35.34353963872628,-0.001,1
3413,-70.92901,3413,37491735,3.5586777,35.7274823,-78.6962747,35.34353963872628,-0.001,1
3414,-70.92901,3414,37491768,3.5132256,35.7274823,-78.6962747,35.34353963872628,-0.001,1
3415,-70.92901,3415,37491801,3.530983,35.7274823,-78.6962747,35.34353963872628,-0.001,1
3416,-70.92901,3416,37491834,4.130638,35.7274823,-78.6962747,35.34353963872628,-0.001,1
3417,-70.92901,3417,37491866,4.1057205,35.7274823,-78.6962747,35.34353963872628,-0.001,1
3418,-70.92901,3418,37491899,3.6178474,35.7274823,-78.6962747,35.34353963872628,-0.001,1
3419,-70.92901,3419,37491932,3.10577,35.7274823,-78.6962747,35.34353963872628,-0.001,1
3420,-70.92901,3420,37491965,3.064228,35.7274823,-78.6962747,35.34353963872628,-0.001,1
3421,-70.92901,3421,37491997,4.312874,35.7274823,-78.6962747,35.34353963872628,-0.001,1
3422,-70.92901,3422,37492030,3.7081223,35.7274823,-78.6962747,35.34353963872628,-0.001,1
3423,-70.92901,3423,37492063,3.2868347,35.7274823,-78.6962747,35.34353963872628,-0.001,1
3424,-70.92901,3424,37492096,4.485325,35.7274823,-78.6962747,35.34353963872628,-0.001,1
3425,-70.92901,3425,37492128,4.2850266,35.7274823,-78.6962747,35.34353963872628,-0.001,1
3426,-70.92901,3426,37492161,3.646801,35.7274823,-78.6962747,35.34353963872628,-0.001,1
3427,-70.92901,3427,37492194,4.1333694,35.7274823,-78.6962747,35.34353963872628,-0.001,1
3428,-70.92901,3428,37492227,4.1521797,35.7274823,-78.6962747,35.34353963872628,-0.001,1
3429,-70.92901,3429,37492260,4.0475044,35.7274823,-78.6962747,35.34353963872628,-0.001,1
3430,-70.92901,3430,37492292,3.966877,35.7274823,-78.6962747,35.34353963872628,-0.001,1
3431,-70.92901,3431,37492325,3.9869156,35.7274823,-78.6962747,35.34353963872628,-0.001,1
3432,-70.92901,3432,37492358,3.5514946,35.7274823,-78.6962747,35.34353963872628,-0.001,1
3433,-70.92901,3433,37492390,4.0602493,35.7274823,-78.6962747,35.34353963872628,-0.001,1
3434,-70.92901,3434,37492423,3.6583023,35.7274823,-78.6962747,35.34353963872628,-0.001,1
3435,-70.92901,3435,37492456,3.1966438,35.7274823,-78.6962747,35.34353963872628,-0.001,1
3436,-70.92901,3436,37492489,3.9100456,35.7274823,-78.6962747,35.34353963872628,-0.001,1
3437,-70.92901,3437,37492521,3.9747581,35.7274823,-78.6962747,35.34353963872628,-0.001,1
3438,-70.92901,3438,37492554,4.4533844,35.7274823,-78.6962747,35.34353963872628,-0.001,1
3439,-70.92901,3439,37492587,4.383503,35.7274823,-78.6962747,35.34353963872628,-0.001,1
3440,-70.92901,3440,37492622,3.9078674,35.7274823,-78.6962747,35.34353963872628,-0.001,1
3441,-70.92901,3441,37492654,4.0376663,35.7274823,-78.6962747,35.34353963872628,-0.001,1
3442,-70.92901,3442,37492687,3.8744087,35.7274823,-78.6962747,35.34353963872628,-0.001,1
3443,-70.92901,3443,37492720,4.3955154,35.7274823,-78.6962747,35.34353963872628,-0.001,1
3444,-70.92901,3444,37492753,3.8569374,35.7274823,-78.6962747,35.34353963872628,-0.001,1
3445,-70.92901,3445,37492785,4.1325417,35.7274823,-78.6962747,35.34353963872628,-0.001,1
3446,-70.92901,3446,37492818,2.798771,35.7274823,-78.6962747,35.34353963872628,-0.001,1
3447,-70.92901,3447,37492851,2.8542519,35.7274823,-78.6962747,35.34353963872628,-0.001,1
3448,-70.92901,3448,37492884,3.2880821,35.7274823,-78.6962747,35.34353963872628,-0.001,1
3449,-70.92901,3449,37492916,4.113571,35.7274823,-78.6962747,35.34353963872628,-0.001,1
3450,-70.92901,3450,37492949,4.897938,35.7274823,-78.6962747,35.34353963872628,-0.001,1
3451,-70.92901,3451,37492982,4.3008423,35.7274823,-78.6962747,35.34353963872628,-0.001,1
3452,-70.92901,3452,37493015,4.607292,35.7274823,-78.6962747,35.34353963872628,-0.001,1
3453,-70.92901,3453,37493047,3.9966087,35.7274823,-78.6962747,35.34353963872628,-0.001,1
3454,-70.92901,3454,37493080,4.0752487,35.7274823,-78.6962747,35.34353963872628,-0.001,1
3455,-70.92901,3455,37493113,1.8226509,35.7274823,-78.6962747,35.34353963872628,-0.001,1
3456,-70.92901,3456,37493146,4.354721,35.7274823,-78.6962747,35.34353963872628,-0.001,1
3457,-70.92901,3457,37493178,3.7621117,35.7274823,-78.6962747,35.34353963872628,-0.001,1
3458,-70.92901,3458,37493211,4.391411,35.7274823,-78.6962747,35.34353963872628,-0.001,1
3459,-70.92901,3459,37493244,4.402401,35.7274823,-78.6962747,35.34353963872628,-0.001,1
3460,-70.92901,3460,37493277,3.8873634,35.7274823,-78.6962747,35.34353963872628,-0.001,1
3461,-70.92901,3461,37493309,3.858696,35.7274823,-78.6962747,35.34353963872628,-0.001,1
3462,-70.92901,3462,37493342,4.1008873,35.7274823,-78.6962747,35.34353963872628,-0.001,1
3463,-70.92901,3463,37493375,3.60421,35.7274823,-78.6962747,35.34353963872628,-0.001,1
3464,-70.92901,3464,37493408,3.690216,35.7274823,-78.6962747,35.34353963872628,-0.001,1
3465,-70.92901,3465,37493440,2.7936134,35.7274823,-78.6962747,35.34353963872628,-0.001,1
3466,-70.92901,3466,37493473,4.615917,35.7274823,-78.6962747,35.34353963872628,-0.001,1
3467,-70.92901,3467,37493506,4.0337334,35.7274823,-78.6962747,35.34353963872628,-0.001,1
3468,-70.92901,3468,37493539,3.9242325,35.7274823,-78.6962747,35.34353963872628,-0.001,1
3469,-70.92901,3469,37493571,3.4704971,35.7274823,-78.6962747,35.34353963872628,-0.001,1
3470,-70.92901,3470,37493604,3.4990692,35.7274823,-78.6962747,35.34353963872628,-0.001,1
3471,-70.92901,3471,37493637,4.052742,35.7274823,-78.6962747,35.34353963872628,-0.001,1
3472,-70.92901,3472,37493670,3.4593887,35.7274823,-78.6962747,35.34353963872628,-0.001,1
3473,-70.92901,3473,37493702,4.5023575,35.7274823,-78.6962747,35.34353963872628,-0.001,1
3474,-70.92901,3474,37493735,4.4140396,35.7274823,-78.6962747,35.34353963872628,-0.001,1
3475,-70.92901,3475,37493768,4.29533,35.7274823,-78.6962747,35.34353963872628,-0.001,1
3476,-70.92901,3476,37493801,3.699356,35.7274823,-78.6962747,35.34353963872628,-0.001,1
3477,-70.92901,3477,37493833,3.6467743,35.7274823,-78.6962747,35.34353963872628,-0.001,1
3478,-70.92901,3478,37493866,4.0566673,35.7274823,-78.6962747,35.34353963872628,-0.001,1
3479,-70.92901,3479,37493899,4.016117,35.7274823,-78.6962747,35.34353963872628,-0.001,1
3480,-70.92901,3480,37493932,4.071022,35.7274823,-78.6962747,35.34353963872628,-0.001,1
3481,-70.92901,3481,37493964,3.7276077,35.7274823,-78.6962747,35.34353963872628,-0.001,1
3482,-70.92901,3482,37493997,3.7348442,35.7274823,-78.6962747,35.34353963872628,-0.001,1
3483,-70.92901,3483,37494030,3.7879944,35.7274823,-78.6962747,35.34353963872628,-0.001,1
3484,-70.92901,3484,37494063,4.185196,35.7274823,-78.6962747,35.34353963872628,-0.001,1
3485,-70.92901,3485,37494095,3.7046623,35.7274823,-78.6962747,35.34353963872628,-0.001,1
3486,-70.92901,3486,37494128,3.3420029,35.7274823,-78.6962747,35.34353963872628,-0.001,1
3487,-70.92901,3487,37494161,0.8229904,35.7274823,-78.6962747,35.34353963872628,-0.001,1
3488,-70.92901,3488,37494194,4.345909,35.7274823,-78.6962747,35.34353963872628,-0.001,1
3489,-70.92901,3489,37494226,4.239666,35.7274823,-78.6962747,35.34353963872628,-0.001,1
3490,-70.92901,3490,37494259,4.210491,35.7274823,-78.6962747,35.34353963872628,-0.001,1
3491,-70.92901,3491,37494292,4.682434,35.7274823,-78.6962747,35.34353963872628,-0.001,1
3492,-70.92901,3492,37494325,4.0078926,35.7274823,-78.6962747,35.34353963872628,-0.001,1
3493,-70.92901,3493,37494357,3.6259308,35.7274823,-78.6962747,35.34353963872628,-0.001,1
3494,-70.92901,3494,37494390,3.8323364,35.7274823,-78.6962747,35.34353963872628,-0.001,1
3495,-70.92901,3495,37494423,3.8388443,35.7274823,-78.6962747,35.34353963872628,-0.001,1
3496,-70.92901,3496,37494456,3.4124374,35.7274823,-78.6962747,35.34353963872628,-0.001,1
3497,-70.92901,3497,37494488,3.4061356,35.7274823,-78.6962747,35.34353963872628,-0.001,1
3498,-70.92901,3498,37494521,3.5924988,35.7274823,-78.6962747,35.34353963872628,-0.001,1
3499,-70.92901,3499,37494554,3.9891472,35.7274823,-78.6962747,35.34353963872628,-0.001,1
3500,-70.92901,3500,37494587,3.9651566,35.7274823,-78.6962747,35.34353963872628,-0.001,1
3501,-70.92901,3501,37494620,3.8289757,35.7274823,-78.6962747,35.34353963872628,-0.001,1
3502,-70.92901,3502,37494652,2.816719,35.7274823,-78.6962747,35.34353963872628,-0.001,1
3503,-70.92901,3503,37494685,2.4158936,35.7274823,-78.6962747,35.34353963872628,-0.001,1
3504,-70.92901,3504,37494720,3.0142708,35.7274823,-78.6962747,35.34353963872628,-0.001,1
3505,-70.92901,3505,37494753,2.7041206,35.7274823,-78.6962747,35.34353963872628,-0.001,1
3506,-70.92901,3506,37494785,3.3936806,35.7274823,-78.6962747,35.34353963872628,-0.001,1
3507,-70.92901,3507,37494818,4.0989914,35.7274823,-78.6962747,35.34353963872628,-0.001,1
3508,-70.92901,3508,37494851,3.957611,35.7274823,-78.6962747,35.34353963872628,-0.001,1
3509,-70.92901,3509,37494884,3.7494545,35.7274823,-78.6962747,35.34353963872628,-0.001,1
3510,-70.92901,3510,37494916,3.6034737,35.7274823,-78.6962747,35.34353963872628,-0.001,1
3511,-70.92901,3511,37494949,1.947876,35.7274823,-78.6962747,35.34353963872628,-0.001,1
3512,-70.92901,3512,37494982,3.5658226,35.7274823,-78.6962747,35.34353963872628,-0.001,1
3513,-70.92901,3513,37495015,3.041832,35.7274823,-78.6962747,35.34353963872628,-0.001,1
3514,-70.92901,3514,37495048,3.4728775,35.7274823,-78.6962747,35.34353963872628,-0.001,1
3515,-70.92901,3515,37495080,2.9601746,35.7274823,-78.6962747,35.34353963872628,-0.001,1
3516,-70.92901,3516,37495113,2.4101906,35.7274823,-78.6962747,35.34353963872628,-0.001,1
3517,-70.92901,3517,37495146,3.0335617,35.7274823,-78.6962747,35.34353963872628,-0.001,1
3518,-70.92901,3518,37495178,2.9557648,35.7274823,-78.6962747,35.34353963872628,-0.001,1
3519,-70.92901,3519,37495211,3.5206718,35.7274823,-78.6962747,35.34353963872628,-0.001,1
3520,-70.92901,3520,37495244,3.4287338,35.7274823,-78.6962747,35.34353963872628,-0.001,1
3521,-70.92901,3521,37495277,2.976616,35.7274823,-78.6962747,35.34353963872628,-0.001,1
3522,-70.92901,3522,37495309,2.8988266,35.7274823,-78.6962747,35.34353963872628,-0.001,1
3523,-70.92901,3523,37495342,2.162346,35.7274823,-78.6962747,35.34353963872628,-0.001,1
3524,-70.92901,3524,37495375,1.5793037,35.7274823,-78.6962747,35.34353963872628,-0.001,1
3525,-70.92901,3525,37495408,2.0032387,35.7274823,-78.6962747,35.34353963872628,-0.001,1
3526,-70.92901,3526,37495441,3.1831284,35.7274823,-78.6962747,35.34353963872628,-0.001,1
3527,-70.92901,3527,37495473,3.246788,35.7274823,-78.6962747,35.34353963872628,-0.001,1
3528,-70.92901,3528,37495506,3.6071892,35.7274823,-78.6962747,35.34353963872628,-0.001,1
3529,-70.92901,3529,37495539,3.5012436,35.7274823,-78.6962747,35.34353963872628,-0.001,1
3530,-70.92901,3530,37495571,2.6351128,35.7274823,-78.6962747,35.34353963872628,-0.001,1
3531,-70.92901,3531,37495604,2.4757462,35.7274823,-78.6962747,35.34353963872628,-0.001,1
3532,-70.92901,3532,37495637,1.8217545,35.7274823,-78.6962747,35.34353963872628,-0.001,1
3533,-70.92901,3533,37495670,1.730648,35.7274823,-78.6962747,35.34353963872628,-0.001,1
3534,-70.92901,3534,37495702,1.9637527,35.7274823,-78.6962747,35.34353963872628,-0.001,1
3535,-70.92901,3535,37495735,2.561348,35.7274823,-78.6962747,35.34353963872628,-0.001,1
3536,-70.92901,3536,37495768,1.5479431,35.7274823,-78.6962747,35.34353963872628,-0.001,1
3537,-70.92901,3537,37495801,2.2196884,35.7274823,-78.6962747,35.34353963872628,-0.001,1
3538,-70.92901,3538,37495833,2.8308487,35.7274823,-78.6962747,35.34353963872628,-0.001,1
3539,-70.92901,3539,37495866,2.2078438,35.7274823,-78.6962747,35.34353963872628,-0.001,1
3540,-70.92901,3540,37495899,1.942234,35.7274823,-78.6962747,35.34353963872628,-0.001,1
3541,-70.92901,3541,37495932,2.5842628,35.7274823,-78.6962747,35.34353963872628,-0.001,1
3542,-70.92901,3542,37495964,1.9584732,35.7274823,-78.6962747,35.34353963872628,-0.001,1
3543,-70.92901,3543,37495997,1.4148369,35.7274823,-78.6962747,35.34353963872628,-0.001,1
3544,-70.92901,3544,37496030,1.8579636,35.7274823,-78.6962747,35.34353963872628,-0.001,1
3545,-70.92901,3545,37496063,1.8866119,35.7274823,-78.6962747,35.34353963872628,-0.001,1
3546,-70.92901,3546,37496095,1.411396,35.7274823,-78.6962747,35.34353963872628,-0.001,1
3547,-70.92901,3547,37496128,1.536232,35.7274823,-78.6962747,35.34353963872628,-0.001,1
3548,-70.92901,3548,37496161,2.018509,35.7274823,-78.6962747,35.34353963872628,-0.001,1
3549,-70.92901,3549,37496194,1.9756813,35.7274823,-78.6962747,35.34353963872628,-0.001,1
3550,-70.92901,3550,37496226,1.8881073,35.7274823,-78.6962747,35.34353963872628,-0.001,1
3551,-70.92901,3551,37496259,2.3445358,35.7274823,-78.6962747,35.34353963872628,-0.001,1
3552,-70.92901,3552,37496292,2.2282333,35.7274823,-78.6962747,35.34353963872628,-0.001,1
3553,-70.92901,3553,37496325,1.5972519,35.7274823,-78.6962747,35.34353963872628,-0.001,1
3554,-70.92901,3554,37496358,1.4922218,35.7274823,-78.6962747,35.34353963872628,-0.001,1
3555,-70.92901,3555,37496390,2.0568008,35.7274823,-78.6962747,35.34353963872628,-0.001,1
3556,-70.92901,3556,37496423,1.4364929,35.7274823,-78.6962747,35.34353963872628,-0.001,1
3557,-70.92901,3557,37496456,1.6323395,35.7274823,-78.6962747,35.34353963872628,-0.001,1
3558,-70.92901,3558,37496489,2.128872,35.7274823,-78.6962747,35.34353963872628,-0.001,1
3559,-70.92901,3559,37496521,1.6397667,35.7274823,-78.6962747,35.34353963872628,-0.001,1
3560,-70.92901,3560,37496554,1.4842186,35.7274823,-78.6962747,35.34353963872628,-0.001,1
3561,-70.92901,3561,37496587,1.0215302,35.7274823,-78.6962747,35.34353963872628,-0.001,1
3562,-70.92901,3562,37496620,2.2176132,35.7274823,-78.6962747,35.34353963872628,-0.001,1
3563,-70.92901,3563,37496652,0.5828514,35.7274823,-78.6962747,35.34353963872628,-0.001,1
3564,-70.92901,3564,37496685,1.4697304,35.7274823,-78.6962747,35.34353963872628,-0.001,1
3565,-70.92901,3565,37496718,1.6153717,35.7274823,-78.6962747,35.34353963872628,-0.001,1
3566,-70.92901,3566,37496751,2.0532837,35.7274823,-78.6962747,35.34353963872628,-0.001,1
3567,-70.92901,3567,37496785,1.55336,35.7274823,-78.6962747,35.34353963872628,-0.001,1
3568,-70.92901,3568,37496818,1.968502,35.7274823,-78.6962747,35.34353963872628,-0.001,1
3569,-70.92901,3569,37496851,1.9353371,35.7274823,-78.6962747,35.34353963872628,-0.001,1
3570,-70.92901,3570,37496884,1.2643814,35.7274823,-78.6962747,35.34353963872628,-0.001,1
3571,-70.92901,3571,37496916,0.7494278,35.7274823,-78.6962747,35.34353963872628,-0.001,1
3572,-70.92901,3572,37496949,1.422348,35.7274823,-78.6962747,35.34353963872628,-0.001,1
3573,-70.92901,3573,37496982,0.84283066,35.7274823,-78.6962747,35.34353963872628,-0.001,1
3574,-70.92901,3574,37497015,1.9730797,35.7274823,-78.6962747,35.34353963872628,-0.001,1
3575,-70.92901,3575,37497047,1.4951935,35.7274823,-78.6962747,35.34353963872628,-0.001,1
3576,-70.92901,3576,37497080,2.0007172,35.7274823,-78.6962747,35.34353963872628,-0.001,1
3577,-70.92901,3577,37497113,1.8714409,35.7274823,-78.6962747,35.34353963872628,-0.001,1
3578,-70.92901,3578,37497146,1.7434654,35.7274823,-78.6962747,35.34353963872628,-0.001,1
3579,-70.92901,3579,37497178,1.5997009,35.7274823,-78.6962747,35.34353963872628,-0.001,1
3580,-70.92901,3580,37497211,1.5656509,35.7274823,-78.6962747,35.34353963872628,-0.001,1
3581,-70.92901,3581,37497244,1.5434532,35.7274823,-78.6962747,35.34353963872628,-0.001,1
3582,-70.92901,3582,37497277,1.5621758,35.7274823,-78.6962747,35.34353963872628,-0.001,1
3583,-70.92901,3583,37497309,1.173317,35.7274823,-78.6962747,35.34353963872628,-0.001,1
3584,-70.92901,3584,37497342,1.7120514,35.7274823,-78.6962747,35.34353963872628,-0.001,1
3585,-70.92901,3585,37497375,0.73578644,35.7274823,-78.6962747,35.34353963872628,-0.001,1
3586,-70.92901,3586,37497408,1.8662109,35.7274823,-78.6962747,35.34353963872628,-0.001,1
3587,-70.92901,3587,37497440,1.8568306,35.7274823,-78.6962747,35.34353963872628,-0.001,1
3588,-70.92901,3588,37497473,1.8508835,35.7274823,-78.6962747,35.34353963872628,-0.001,1
3589,-70.92901,3589,37497506,1.3362923,35.7274823,-78.6962747,35.34353963872628,-0.001,1
3590,-70.92901,3590,37497539,1.841011,35.7274823,-78.6962747,35.34353963872628,-0.001,1
3591,-70.92901,3591,37497571,1.7227821,35.7274823,-78.6962747,35.34353963872628,-0.001,1
3592,-70.92901,3592,37497604,1.1541862,35.7274823,-78.6962747,35.34353963872628,-0.001,1
3593,-70.92901,3593,37497637,0.96279144,35.7274823,-78.6962747,35.34353963872628,-0.001,1
3594,-70.92901,3594,37497670,1.5672836,35.7274823,-78.6962747,35.34353963872628,-0.001,1
3595,-70.92901,3595,37497702,1.5269051,35.7274823,-78.6962747,35.34353963872628,-0.001,1
3596,-70.92901,3596,37497735,1.9925003,35.7274823,-78.6962747,35.34353963872628,-0.001,1
3597,-70.92901,3597,37497768,1.0228539,35.7274823,-78.6962747,35.34353963872628,-0.001,1
3598,-70.92901,3598,37497801,2.0767212,35.7274823,-78.6962747,35.34353963872628,-0.001,1
3599,-70.92901,3599,37497833,0.87285995,35.7274823,-78.6962747,35.34353963872628,-0.001,1
3600,-70.92901,3600,37497866,1.9359779,35.7274823,-78.6962747,35.34353963872628,-0.001,1
3601,-70.92901,3601,37497899,1.8202705,35.7274823,-78.6962747,35.34353963872628,-0.001,1
3602,-70.92901,3602,37497932,0.7748947,35.7274823,-78.6962747,35.34353963872628,-0.001,1
3603,-70.92901,3603,37497964,0.62431335,35.7274823,-78.6962747,35.34353963872628,-0.001,1
3604,-70.92901,3604,37497997,1.0092316,35.7274823,-78.6962747,35.34353963872628,-0.001,1
3605,-70.92901,3605,37498030,1.3958626,35.7274823,-78.6962747,35.34353963872628,-0.001,1
3606,-70.92901,3606,37498063,2.861969,35.7274823,-78.6962747,35.34353963872628,-0.001,1
3607,-70.92901,3607,37498095,1.8329163,35.7274823,-78.6962747,35.34353963872628,-0.001,1
3608,-70.92901,3608,37498128,2.2149086,35.7274823,-78.6962747,35.34353963872628,-0.001,1
3609,-70.92901,3609,37498161,1.4909973,35.7274823,-78.6962747,35.34353963872628,-0.001,1
3610,-70.92901,3610,37498194,2.3391,35.7274823,-78.6962747,35.34353963872628,-0.001,1
3611,-70.92901,3611,37498226,1.7003098,35.7274823,-78.6962747,35.34353963872628,-0.001,1
3612,-70.92901,3612,37498259,1.7733078,35.7274823,-78.6962747,35.34353963872628,-0.001,1
3613,-70.92901,3613,37498292,1.8340187,35.7274823,-78.6962747,35.34353963872628,-0.001,1
3614,-70.92901,3614,37498325,2.2844276,35.7274823,-78.6962747,35.34353963872628,-0.001,1
3615,-70.92901,3615,37498357,1.3684654,35.7274823,-78.6962747,35.34353963872628,-0.001,1
3616,-70.92901,3616,37498390,2.3192444,35.7274823,-78.6962747,35.34353963872628,-0.001,1
3617,-70.92901,3617,37498423,1.8309517,35.7274823,-78.6962747,35.34353963872628,-0.001,1
3618,-70.92901,3618,37498456,1.5437851,35.7274823,-78.6962747,35.34353963872628,-0.001,1
3619,-70.92901,3619,37498488,2.5860405,35.7274823,-78.6962747,35.34353963872628,-0.001,1
3620,-70.92901,3620,37498521,2.1158638,35.7274823,-78.6962747,35.34353963872628,-0.001,1
3621,-70.92901,3621,37498554,2.7077255,35.7274823,-78.6962747,35.34353963872628,-0.001,1
3622,-70.92901,3622,37498587,2.597515,35.7274823,-78.6962747,35.34353963872628,-0.001,1
3623,-70.92901,3623,37498619,2.2572823,35.7274823,-78.6962747,35.34353963872628,-0.001,1
3624,-70.92901,3624,37498652,4.0691605,35.7274823,-78.6962747,35.34353963872628,-0.001,1
3625,-70.92901,3625,37498685,2.878357,35.7274823,-78.6962747,35.34353963872628,-0.001,1
3626,-70.92901,3626,37498718,3.803646,35.7274823,-78.6962747,35.34353963872628,-0.001,1
3627,-70.92901,3627,37498750,3.1348343,35.7274823,-78.6962747,35.34353963872628,-0.001,1
3628,-70.92901,3628,37498783,2.968544,35.7274823,-78.6962747,35.34353963872628,-0.001,1
3629,-70.92901,3629,37498816,3.4810524,35.7274823,-78.6962747,35.34353963872628,-0.001,1
3630,-70.92901,3630,37498849,2.990654,35.7274823,-78.6962747,35.34353963872628,-0.001,1
3631,-70.92901,3631,37498884,3.5128326,35.7274823,-78.6962747,35.34353963872628,-0.001,1
3632,-70.92901,3632,37498916,3.074192,35.7274823,-78.6962747,35.34353963872628,-0.001,1
3633,-70.92901,3633,37498949,3.4942207,35.7274823,-78.6962747,35.34353963872628,-0.001,1
3634,-70.92901,3634,37498982,3.9449348,35.7274823,-78.6962747,35.34353963872628,-0.001,1
3635,-70.92901,3635,37499015,3.448063,35.7274823,-78.6962747,35.34353963872628,-0.001,1
3636,-70.92901,3636,37499047,4.1616325,35.7274823,-78.6962747,35.34353963872628,-0.001,1
3637,-70.92901,3637,37499080,3.8004112,35.7274823,-78.6962747,35.34353963872628,-0.001,1
3638,-70.92901,3638,37499113,4.3464584,35.7274823,-78.6962747,35.34353963872628,-0.001,1
3639,-70.92901,3639,37499145,4.273018,35.7274823,-78.6962747,35.34353963872628,-0.001,1
3640,-70.92901,3640,37499178,3.2285538,35.7274823,-78.6962747,35.34353963872628,-0.001,1
3641,-70.92901,3641,37499211,4.4550095,35.7274823,-78.6962747,35.34353963872628,-0.001,1
3642,-70.92901,3642,37499244,4.428524,35.7274823,-78.6962747,35.34353963872628,-0.001,1
3643,-70.92901,3643,37499276,4.456028,35.7274823,-78.6962747,35.34353963872628,-0.001,1
3644,-70.92901,3644,37499309,3.9388428,35.7274823,-78.6962747,35.34353963872628,-0.001,1
3645,-70.92901,3645,37499342,3.7455902,35.7274823,-78.6962747,35.34353963872628,-0.001,1
3646,-70.92901,3646,37499375,4.289795,35.7274823,-78.6962747,35.34353963872628,-0.001,1
3647,-70.92901,3647,37499408,4.6500053,35.7274823,-78.6962747,35.34353963872628,-0.001,1
3648,-70.92901,3648,37499440,4.6437874,35.7274823,-78.6962747,35.34353963872628,-0.001,1
3649,-70.92901,3649,37499473,3.7706985,35.7274823,-78.6962747,35.34353963872628,-0.001,1
3650,-70.92901,3650,37499506,4.6555176,35.7274823,-78.6962747,35.34353963872628,-0.001,1
3651,-70.92901,3651,37499538,4.2135773,35.7274823,-78.6962747,35.34353963872628,-0.001,1
3652,-70.92901,3652,37499571,4.4438553,35.7274823,-78.6962747,35.34353963872628,-0.001,1
3653,-70.92901,3653,37499604,3.9233742,35.7274823,-78.6962747,35.34353963872628,-0.001,1
3654,-70.92901,3654,37499637,4.2529144,35.7274823,-78.6962747,35.34353963872628,-0.001,1
3655,-70.92901,3655,37499669,3.9572334,35.7274823,-78.6962747,35.34353963872628,-0.001,1
3656,-70.92901,3656,37499702,3.9918976,35.7274823,-78.6962747,35.34353963872628,-0.001,1
3657,-70.92901,3657,37499735,4.099266,35.7274823,-78.6962747,35.34353963872628,-0.001,1
3658,-70.92901,3658,37499768,4.11174,35.7274823,-78.6962747,35.34353963872628,-0.001,1
3659,-70.92901,3659,37499800,2.6980896,35.7274823,-78.6962747,35.34353963872628,-0.001,1
3660,-70.92901,3660,37499833,3.9032059,35.7274823,-78.6962747,35.34353963872628,-0.001,1
3661,-70.92901,3661,37499866,4.0210266,35.7274823,-78.6962747,35.34353963872628,-0.001,1
3662,-70.92901,3662,37499899,4.4439316,35.7274823,-78.6962747,35.34353963872628,-0.001,1
3663,-70.92901,3663,37499931,3.7183266,35.7274823,-78.6962747,35.34353963872628,-0.001,1
3664,-70.92901,3664,37499964,3.905487,35.7274823,-78.6962747,35.34353963872628,-0.001,1
3665,-70.92901,3665,37499997,4.326309,35.7274823,-78.6962747,35.34353963872628,-0.001,1
3666,-70.92901,3666,37500030,3.0862236,35.7274823,-78.6962747,35.34353963872628,-0.001,1
3667,-70.92901,3667,37500062,4.072811,35.7274823,-78.6962747,35.34353963872628,-0.001,1
3668,-70.92901,3668,37500095,4.0186234,35.7274823,-78.6962747,35.34353963872628,-0.001,1
3669,-70.92901,3669,37500128,3.9526634,35.7274823,-78.6962747,35.34353963872628,-0.001,1
3670,-70.92901,3670,37500161,3.281826,35.7274823,-78.6962747,35.34353963872628,-0.001,1
3671,-70.92901,3671,37500193,3.90736,35.7274823,-78.6962747,35.34353963872628,-0.001,1
3672,-70.92901,3672,37500226,3.77668,35.7274823,-78.6962747,35.34353963872628,-0.001,1
3673,-70.92901,3673,37500259,2.794136,35.7274823,-78.6962747,35.34353963872628,-0.001,1
3674,-70.92901,3674,37500292,3.5748024,35.7274823,-78.6962747,35.34353963872628,-0.001,1
3675,-70.92901,3675,37500325,3.9667091,35.7274823,-78.6962747,35.34353963872628,-0.001,1
3676,-70.92901,3676,37500357,2.9106636,35.7274823,-78.6962747,35.34353963872628,-0.001,1
3677,-70.92901,3677,37500390,3.579113,35.7274823,-78.6962747,35.34353963872628,-0.001,1
3678,-70.92901,3678,37500423,2.5767708,35.7274823,-78.6962747,35.34353963872628,-0.001,1
3679,-70.92901,3679,37500456,3.8394127,35.7274823,-78.6962747,35.34353963872628,-0.001,1
3680,-70.92901,3680,37500488,3.200283,35.7274823,-78.6962747,35.34353963872628,-0.001,1
3681,-70.92901,3681,37500521,3.7452164,35.7274823,-78.6962747,35.34353963872628,-0.001,1
3682,-70.92901,3682,37500554,3.2920532,35.7274823,-78.6962747,35.34353963872628,-0.001,1
3683,-70.92901,3683,37500587,3.6524162,35.7274823,-78.6962747,35.34353963872628,-0.001,1
3684,-70.92901,3684,37500619,2.866024,35.7274823,-78.6962747,35.34353963872628,-0.001,1
3685,-70.92901,3685,37500652,3.0054893,35.7274823,-78.6962747,35.34353963872628,-0.001,1
3686,-70.92901,3686,37500685,3.5752106,35.7274823,-78.6962747,35.34353963872628,-0.001,1
3687,-70.92901,3687,37500718,3.4801826,35.7274823,-78.6962747,35.34353963872628,-0.001,1
3688,-70.92901,3688,37500750,2.969349,35.7274823,-78.6962747,35.34353963872628,-0.001,1
3689,-70.92901,3689,37500783,2.489273,35.7274823,-78.6962747,35.34353963872628,-0.001,1
3690,-70.92901,3690,37500816,3.1307259,35.7274823,-78.6962747,35.34353963872628,-0.001,1
3691,-70.92901,3691,37500849,3.5095139,35.7274823,-78.6962747,35.34353963872628,-0.001,1
3692,-70.92901,3692,37500881,2.8953972,35.7274823,-78.6962747,35.34353963872628,-0.001,1
3693,-70.92901,3693,37500914,3.0954857,35.7274823,-78.6962747,35.34353963872628,-0.001,1
3694,-70.92901,3694,37500947,2.43919,35.7274823,-78.6962747,35.34353963872628,-0.001,1
3695,-70.92901,3695,37500982,2.8838005,35.7274823,-78.6962747,35.34353963872628,-0.001,1
3696,-70.92901,3696,37501014,2.4417763,35.7274823,-78.6962747,35.34353963872628,-0.001,1
3697,-70.92901,3697,37501047,2.385601,35.7274823,-78.6962747,35.34353963872628,-0.001,1
3698,-70.92901,3698,37501080,2.6779327,35.7274823,-78.6962747,35.34353963872628,-0.001,1
3699,-70.92901,3699,37501113,3.1233406,35.7274823,-78.6962747,35.34353963872628,-0.001,1
3700,-70.92901,3700,37501145,2.6259727,35.7274823,-78.6962747,35.34353963872628,-0.001,1
3701,-70.92901,3701,37501178,2.5700378,35.7274823,-78.6962747,35.34353963872628,-0.001,1
3702,-70.92901,3702,37501211,3.0347939,35.7274823,-78.6962747,35.34353963872628,-0.001,1
3703,-70.92901,3703,37501244,2.957222,35.7274823,-78.6962747,35.34353963872628,-0.001,1
3704,-70.92901,3704,37501276,2.3170967,35.7274823,-78.6962747,35.34353963872628,-0.001,1
3705,-70.92901,3705,37501309,2.835846,35.7274823,-78.6962747,35.34353963872628,-0.001,1
3706,-70.92901,3706,37501342,2.3867722,35.7274823,-78.6962747,35.34353963872628,-0.001,1
3707,-70.92901,3707,37501375,2.814663,35.7274823,-78.6962747,35.34353963872628,-0.001,1
3708,-70.92901,3708,37501407,2.435852,35.7274823,-78.6962747,35.34353963872628,-0.001,1
3709,-70.92901,3709,37501440,2.6264076,35.7274823,-78.6962747,35.34353963872628,-0.001,1
3710,-70.92901,3710,37501473,2.285038,35.7274823,-78.6962747,35.34353963872628,-0.001,1
3711,-70.92901,3711,37501506,-0.5325165,35.7274823,-78.6962747,35.34353963872628,-0.001,1
3712,-70.92901,3712,37501538,0.7746086,35.7274823,-78.6962747,35.34353963872628,-0.001,1
3713,-70.92901,3713,37501571,0.04112625,35.7274823,-78.6962747,35.34353963872628,-0.001,1
3714,-70.92901,3714,37501604,3.6767235,35.7274823,-78.6962747,35.34353963872628,-0.001,1
3715,-70.92901,3715,37501637,2.6006432,35.7274823,-78.6962747,35.34353963872628,-0.001,1
3716,-70.92901,3716,37501669,2.7662926,35.7274823,-78.6962747,35.34353963872628,-0.001,1
3717,-70.92901,3717,37501702,3.1951447,35.7274823,-78.6962747,35.34353963872628,-0.001,1
3718,-70.92901,3718,37501735,2.456997,35.7274823,-78.6962747,35.34353963872628,-0.001,1
3719,-70.92901,3719,37501768,2.6646957,35.7274823,-78.6962747,35.34353963872628,-0.001,1
3720,-70.92901,3720,37501800,2.4016953,35.7274823,-78.6962747,35.34353963872628,-0.001,1
3721,-70.92901,3721,37501833,1.9972382,35.7274823,-78.6962747,35.34353963872628,-0.001,1
3722,-70.92901,3722,37501866,2.4276733,35.7274823,-78.6962747,35.34353963872628,-0.001,1
3723,-70.92901,3723,37501899,1.549797,35.7274823,-78.6962747,35.34353963872628,-0.001,1
3724,-70.92901,3724,37501931,2.266018,35.7274823,-78.6962747,35.34353963872628,-0.001,1
3725,-70.92901,3725,37501964,2.626995,35.7274823,-78.6962747,35.34353963872628,-0.001,1
3726,-70.92901,3726,37501997,2.661621,35.7274823,-78.6962747,35.34353963872628,-0.001,1
3727,-70.92901,3727,37502030,2.6349678,35.7274823,-78.6962747,35.34353963872628,-0.001,1
3728,-70.92901,3728,37502062,1.7299995,35.7274823,-78.6962747,35.34353963872628,-0.001,1
3729,-70.92901,3729,37502095,2.7850876,35.7274823,-78.6962747,35.34353963872628,-0.001,1
3730,-70.92901,3730,37502128,2.699276,35.7274823,-78.6962747,35.34353963872628,-0.001,1
3731,-70.92901,3731,37502161,2.2482567,35.7274823,-78.6962747,35.34353963872628,-0.001,1
3732,-70.92901,3732,37502193,2.8458405,35.7274823,-78.6962747,35.34353963872628,-0.001,1
3733,-70.92901,3733,37502226,2.3695335,35.7274823,-78.6962747,35.34353963872628,-0.001,1
3734,-70.92901,3734,37502259,2.860447,35.7274823,-78.6962747,35.34353963872628,-0.001,1
3735,-70.92901,3735,37502292,2.3534966,35.7274823,-78.6962747,35.34353963872628,-0.001,1
3736,-70.92901,3736,37502325,1.8803711,35.7274823,-78.6962747,35.34353963872628,-0.001,1
3737,-70.92901,3737,37502357,3.1669006,35.7274823,-78.6962747,35.34353963872628,-0.001,1
3738,-70.92901,3738,37502390,3.0593529,35.7274823,-78.6962747,35.34353963872628,-0.001,1
3739,-70.92901,3739,37502423,2.0219955,35.7274823,-78.6962747,35.34353963872628,-0.001,1
3740,-70.92901,3740,37502456,1.5131302,35.7274823,-78.6962747,35.34353963872628,-0.001,1
3741,-70.92901,3741,37502488,3.2694511,35.7274823,-78.6962747,35.34353963872628,-0.001,1
3742,-70.92901,3742,37502521,3.1135788,35.7274823,-78.6962747,35.34353963872628,-0.001,1
3743,-70.92901,3743,37502554,3.0298157,35.7274823,-78.6962747,35.34353963872628,-0.001,1
3744,-70.92901,3744,37502587,3.0406418,35.7274823,-78.6962747,35.34353963872628,-0.001,1
3745,-70.92901,3745,37502619,2.9677544,35.7274823,-78.6962747,35.34353963872628,-0.001,1
3746,-70.92901,3746,37502652,2.014492,35.7274823,-78.6962747,35.34353963872628,-0.001,1
3747,-70.92901,3747,37502685,1.410244,35.7274823,-78.6962747,35.34353963872628,-0.001,1
3748,-70.92901,3748,37502718,1.6721725,35.7274823,-78.6962747,35.34353963872628,-0.001,1
3749,-70.92901,3749,37502750,2.347332,35.7274823,-78.6962747,35.34353963872628,-0.001,1
3750,-70.92901,3750,37502783,2.4589882,35.7274823,-78.6962747,35.34353963872628,-0.001,1
3751,-70.92901,3751,37502816,0.6654701,35.7274823,-78.6962747,35.34353963872628,-0.001,1
3752,-70.92901,3752,37502849,2.8005524,35.7274823,-78.6962747,35.34353963872628,-0.001,1
3753,-70.92901,3753,37502882,2.1052818,35.7274823,-78.6962747,35.34353963872628,-0.001,1
3754,-70.92901,3754,37502914,2.017044,35.7274823,-78.6962747,35.34353963872628,-0.001,1
3755,-70.92901,3755,37502947,2.3553658,35.7274823,-78.6962747,35.34353963872628,-0.001,1
3756,-70.92901,3756,37502980,1.9105759,35.7274823,-78.6962747,35.34353963872628,-0.001,1
3757,-70.92901,3757,37503012,2.600174,35.7274823,-78.6962747,35.34353963872628,-0.001,1
3758,-70.92901,3758,37503045,1.8491173,35.7274823,-78.6962747,35.34353963872628,-0.001,1
3759,-70.92901,3759,37503080,1.8867302,35.7274823,-78.6962747,35.34353963872628,-0.001,1
3760,-70.92901,3760,37503112,2.3280487,35.7274823,-78.6962747,35.34353963872628,-0.001,1
3761,-70.92901,3761,37503145,2.2288055,35.7274823,-78.6962747,35.34353963872628,-0.001,1
3762,-70.92901,3762,37503178,2.101307,35.7274823,-78.6962747,35.34353963872628,-0.001,1
3763,-70.92901,3763,37503211,1.5380478,35.7274823,-78.6962747,35.34353963872628,-0.001,1
3764,-70.92901,3764,37503244,2.1286774,35.7274823,-78.6962747,35.34353963872628,-0.001,1
3765,-70.92901,3765,37503276,2.0783043,35.7274823,-78.6962747,35.34353963872628,-0.001,1
3766,-70.92901,3766,37503309,1.8004761,35.7274823,-78.6962747,35.34353963872628,-0.001,1
3767,-70.92901,3767,37503342,1.932354,35.7274823,-78.6962747,35.34353963872628,-0.001,1
3768,-70.92901,3768,37503375,2.288227,35.7274823,-78.6962747,35.34353963872628,-0.001,1
3769,-70.92901,3769,37503407,2.2504692,35.7274823,-78.6962747,35.34353963872628,-0.001,1
3770,-70.92901,3770,37503440,0.52288437,35.7274823,-78.6962747,35.34353963872628,-0.001,1
3771,-70.92901,3771,37503473,1.9231911,35.7274823,-78.6962747,35.34353963872628,-0.001,1
3772,-70.92901,3772,37503506,2.4486504,35.7274823,-78.6962747,35.34353963872628,-0.001,1
3773,-70.92901,3773,37503538,2.3445053,35.7274823,-78.6962747,35.34353963872628,-0.001,1
3774,-70.92901,3774,37503571,1.7935371,35.7274823,-78.6962747,35.34353963872628,-0.001,1
3775,-70.92901,3775,37503604,1.9418869,35.7274823,-78.6962747,35.34353963872628,-0.001,1
3776,-70.92901,3776,37503637,1.5072403,35.7274823,-78.6962747,35.34353963872628,-0.001,1
3777,-70.92901,3777,37503669,2.0417023,35.7274823,-78.6962747,35.34353963872628,-0.001,1
3778,-70.92901,3778,37503702,2.5010147,35.7274823,-78.6962747,35.34353963872628,-0.001,1
3779,-70.92901,3779,37503735,2.0551949,35.7274823,-78.6962747,35.34353963872628,-0.001,1
3780,-70.92901,3780,37503768,2.0416641,35.7274823,-78.6962747,35.34353963872628,-0.001,1
3781,-70.92901,3781,37503800,1.9898872,35.7274823,-78.6962747,35.34353963872628,-0.001,1
3782,-70.92901,3782,37503833,2.4393272,35.7274823,-78.6962747,35.34353963872628,-0.001,1
3783,-70.92901,3783,37503866,2.2967758,35.7274823,-78.6962747,35.34353963872628,-0.001,1
3784,-70.92901,3784,37503899,2.2972488,35.7274823,-78.6962747,35.34353963872628,-0.001,1
3785,-70.92901,3785,37503931,2.3286514,35.7274823,-78.6962747,35.34353963872628,-0.001,1
3786,-70.92901,3786,37503964,2.3860168,35.7274823,-78.6962747,35.34353963872628,-0.001,1
3787,-70.92901,3787,37503997,2.3227959,35.7274823,-78.6962747,35.34353963872628,-0.001,1
3788,-70.92901,3788,37504030,2.3434448,35.7274823,-78.6962747,35.34353963872628,-0.001,1
3789,-70.92901,3789,37504062,2.3679695,35.7274823,-78.6962747,35.34353963872628,-0.001,1
3790,-70.92901,3790,37504095,2.3909721,35.7274823,-78.6962747,35.34353963872628,-0.001,1
3791,-70.92901,3791,37504128,1.9499474,35.7274823,-78.6962747,35.34353963872628,-0.001,1
3792,-70.92901,3792,37504161,2.0294838,35.7274823,-78.6962747,35.34353963872628,-0.001,1
3793,-70.92901,3793,37504193,2.375183,35.7274823,-78.6962747,35.34353963872628,-0.001,1
3794,-70.92901,3794,37504226,1.8949547,35.7274823,-78.6962747,35.34353963872628,-0.001,1
3795,-70.92901,3795,37504259,2.5331573,35.7274823,-78.6962747,35.34353963872628,-0.001,1
3796,-70.92901,3796,37504292,2.4984512,35.7274823,-78.6962747,35.34353963872628,-0.001,1
3797,-70.92901,3797,37504324,2.3343964,35.7274823,-78.6962747,35.34353963872628,-0.001,1
3798,-70.92901,3798,37504357,2.4521332,35.7274823,-78.6962747,35.34353963872628,-0.001,1
3799,-70.92901,3799,37504390,1.9748993,35.7274823,-78.6962747,35.34353963872628,-0.001,1
3800,-70.92901,3800,37504423,1.9020729,35.7274823,-78.6962747,35.34353963872628,-0.001,1
3801,-70.92901,3801,37504455,2.4923859,35.7274823,-78.6962747,35.34353963872628,-0.001,1
3802,-70.92901,3802,37504488,1.9819984,35.7274823,-78.6962747,35.34353963872628,-0.001,1
3803,-70.92901,3803,37504521,2.0601578,35.7274823,-78.6962747,35.34353963872628,-0.001,1
3804,-70.92901,3804,37504554,0.7247124,35.7274823,-78.6962747,35.34353963872628,-0.001,1
3805,-70.92901,3805,37504586,1.9829445,35.7274823,-78.6962747,35.34353963872628,-0.001,1
3806,-70.92901,3806,37504619,2.725357,35.7274823,-78.6962747,35.34353963872628,-0.001,1
3807,-70.92901,3807,37504652,2.8033257,35.7274823,-78.6962747,35.34353963872628,-0.001,1
3808,-70.92901,3808,37504685,2.239235,35.7274823,-78.6962747,35.34353963872628,-0.001,1
3809,-70.92901,3809,37504717,2.0898018,35.7274823,-78.6962747,35.34353963872628,-0.001,1
3810,-70.92901,3810,37504750,2.5695763,35.7274823,-78.6962747,35.34353963872628,-0.001,1
3811,-70.92901,3811,37504783,2.3009605,35.7274823,-78.6962747,35.34353963872628,-0.001,1
3812,-70.92901,3812,37504816,1.7757149,35.7274823,-78.6962747,35.34353963872628,-0.001,1
3813,-70.92901,3813,37504848,1.8918495,35.7274823,-78.6962747,35.34353963872628,-0.001,1
3814,-70.92901,3814,37504881,2.4399529,35.7274823,-78.6962747,35.34353963872628,-0.001,1
3815,-70.92901,3815,37504914,2.3939705,35.7274823,-78.6962747,35.34353963872628,-0.001,1
3816,-70.92901,3816,37504947,1.9500046,35.7274823,-78.6962747,35.34353963872628,-0.001,1
3817,-70.92901,3817,37504979,2.6654625,35.7274823,-78.6962747,35.34353963872628,-0.001,1
3818,-70.92901,3818,37505012,1.7526169,35.7274823,-78.6962747,35.34353963872628,-0.001,1
3819,-70.92901,3819,37505045,2.15102,35.7274823,-78.6962747,35.34353963872628,-0.001,1
3820,-70.92901,3820,37505078,2.694706,35.7274823,-78.6962747,35.34353963872628,-0.001,1
3821,-70.92901,3821,37505110,2.679119,35.7274823,-78.6962747,35.34353963872628,-0.001,1
3822,-70.92901,3822,37505143,1.7060928,35.7274823,-78.6962747,35.34353963872628,-0.001,1
3823,-70.92901,3823,37505178,2.7534065,35.7274823,-78.6962747,35.34353963872628,-0.001,1
3824,-70.92901,3824,37505211,2.6875076,35.7274823,-78.6962747,35.34353963872628,-0.001,1
3825,-70.92901,3825,37505243,2.1993065,35.7274823,-78.6962747,35.34353963872628,-0.001,1
3826,-70.92901,3826,37505276,2.141838,35.7274823,-78.6962747,35.34353963872628,-0.001,1
3827,-70.92901,3827,37505309,2.7582512,35.7274823,-78.6962747,35.34353963872628,-0.001,1
3828,-70.92901,3828,37505342,2.7963982,35.7274823,-78.6962747,35.34353963872628,-0.001,1
3829,-70.92901,3829,37505374,2.9022293,35.7274823,-78.6962747,35.34353963872628,-0.001,1
3830,-70.92901,3830,37505407,2.8873978,35.7274823,-78.6962747,35.34353963872628,-0.001,1
3831,-70.92901,3831,37505440,2.8318062,35.7274823,-78.6962747,35.34353963872628,-0.001,1
3832,-70.92901,3832,37505473,2.6029968,35.7274823,-78.6962747,35.34353963872628,-0.001,1
3833,-70.92901,3833,37505505,2.4110794,35.7274823,-78.6962747,35.34353963872628,-0.001,1
3834,-70.92901,3834,37505538,2.817421,35.7274823,-78.6962747,35.34353963872628,-0.001,1
3835,-70.92901,3835,37505571,2.8562279,35.7274823,-78.6962747,35.34353963872628,-0.001,1
3836,-70.92901,3836,37505604,2.3254318,35.7274823,-78.6962747,35.34353963872628,-0.001,1
3837,-70.92901,3837,37505636,3.1030235,35.7274823,-78.6962747,35.34353963872628,-0.001,1
3838,-70.92901,3838,37505669,2.754158,35.7274823,-78.6962747,35.34353963872628,-0.001,1
3839,-70.92901,3839,37505702,2.7263641,35.7274823,-78.6962747,35.34353963872628,-0.001,1
3840,-70.92901,3840,37505735,3.3435478,35.7274823,-78.6962747,35.34353963872628,-0.001,1
3841,-70.92901,3841,37505768,2.902546,35.7274823,-78.6962747,35.34353963872628,-0.001,1
3842,-70.92901,3842,37505800,1.9684067,35.7274823,-78.6962747,35.34353963872628,-0.001,1
3843,-70.92901,3843,37505833,3.3034363,35.7274823,-78.6962747,35.34353963872628,-0.001,1
3844,-70.92901,3844,37505866,3.095211,35.7274823,-78.6962747,35.34353963872628,-0.001,1
3845,-70.92901,3845,37505899,3.4243965,35.7274823,-78.6962747,35.34353963872628,-0.001,1
3846,-70.92901,3846,37505931,2.8698044,35.7274823,-78.6962747,35.34353963872628,-0.001,1
3847,-70.92901,3847,37505964,2.7149124,35.7274823,-78.6962747,35.34353963872628,-0.001,1
3848,-70.92901,3848,37505997,3.7718887,35.7274823,-78.6962747,35.34353963872628,-0.001,1
3849,-70.92901,3849,37506030,3.5229683,35.7274823,-78.6962747,35.34353963872628,-0.001,1
3850,-70.92901,3850,37506062,3.4241524,35.7274823,-78.6962747,35.34353963872628,-0.001,1
3851,-70.92901,3851,37506095,3.4176064,35.7274823,-78.6962747,35.34353963872628,-0.001,1
3852,-70.92901,3852,37506128,3.4220047,35.7274823,-78.6962747,35.34353963872628,-0.001,1
3853,-70.92901,3853,37506161,3.2942352,35.7274823,-78.6962747,35.34353963872628,-0.001,1
3854,-70.92901,3854,37506193,3.2849388,35.7274823,-78.6962747,35.34353963872628,-0.001,1
3855,-70.92901,3855,37506226,3.3751106,35.7274823,-78.6962747,35.34353963872628,-0.001,1
3856,-70.92901,3856,37506259,2.533966,35.7274823,-78.6962747,35.34353963872628,-0.001,1
3857,-70.92901,3857,37506292,3.6659088,35.7274823,-78.6962747,35.34353963872628,-0.001,1
3858,-70.92901,3858,37506324,3.6908302,35.7274823,-78.6962747,35.34353963872628,-0.001,1
3859,-70.92901,3859,37506357,4.4313965,35.7274823,-78.6962747,35.34353963872628,-0.001,1
3860,-70.92901,3860,37506390,4.3917313,35.7274823,-78.6962747,35.34353963872628,-0.001,1
3861,-70.92901,3861,37506423,3.8023071,35.7274823,-78.6962747,35.34353963872628,-0.001,1
3862,-70.92901,3862,37506455,3.891323,35.7274823,-78.6962747,35.34353963872628,-0.001,1
3863,-70.92901,3863,37506488,4.116905,35.7274823,-78.6962747,35.34353963872628,-0.001,1
3864,-70.92901,3864,37506521,4.049427,35.7274823,-78.6962747,35.34353963872628,-0.001,1
3865,-70.92901,3865,37506554,3.0304642,35.7274823,-78.6962747,35.34353963872628,-0.001,1
3866,-70.92901,3866,37506586,3.8206253,35.7274823,-78.6962747,35.34353963872628,-0.001,1
3867,-70.92901,3867,37506619,3.9589272,35.7274823,-78.6962747,35.34353963872628,-0.001,1
3868,-70.92901,3868,37506652,4.719902,35.7274823,-78.6962747,35.34353963872628,-0.001,1
3869,-70.92901,3869,37506685,4.7585335,35.7274823,-78.6962747,35.34353963872628,-0.001,1
3870,-70.92901,3870,37506717,4.263115,35.7274823,-78.6962747,35.34353963872628,-0.001,1
3871,-70.92901,3871,37506750,4.8060493,35.7274823,-78.6962747,35.34353963872628,-0.001,1
3872,-70.92901,3872,37506783,4.589073,35.7274823,-78.6962747,35.34353963872628,-0.001,1
3873,-70.92901,3873,37506816,3.81007,35.7274823,-78.6962747,35.34353963872628,-0.001,1
3874,-70.92901,3874,37506848,4.204708,35.7274823,-78.6962747,35.34353963872628,-0.001,1
3875,-70.92901,3875,37506881,4.732216,35.7274823,-78.6962747,35.34353963872628,-0.001,1
3876,-70.92901,3876,37506914,4.226242,35.7274823,-78.6962747,35.34353963872628,-0.001,1
3877,-70.92901,3877,37506947,4.1287003,35.7274823,-78.6962747,35.34353963872628,-0.001,1
3878,-70.92901,3878,37506979,5.356632,35.7274823,-78.6962747,35.34353963872628,-0.001,1
3879,-70.92901,3879,37507012,5.260235,35.7274823,-78.6962747,35.34353963872628,-0.001,1
3880,-70.92901,3880,37507045,4.672531,35.7274823,-78.6962747,35.34353963872628,-0.001,1
3881,-70.92901,3881,37507078,4.6987953,35.7274823,-78.6962747,35.34353963872628,-0.001,1
3882,-70.92901,3882,37507110,5.218315,35.7274823,-78.6962747,35.34353963872628,-0.001,1
3883,-70.92901,3883,37507143,4.9963303,35.7274823,-78.6962747,35.34353963872628,-0.001,1
3884,-70.92901,3884,37507176,4.971199,35.7274823,-78.6962747,35.34353963872628,-0.001,1
3885,-70.92901,3885,37507209,5.065136,35.7274823,-78.6962747,35.34353963872628,-0.001,1
3886,-70.92901,3886,37507241,5.1054764,35.7274823,-78.6962747,35.34353963872628,-0.001,1
3887,-70.92901,3887,37507276,4.5419617,35.7274823,-78.6962747,35.34353963872628,-0.001,1
3888,-70.92901,3888,37507309,3.625309,35.7274823,-78.6962747,35.34353963872628,-0.001,1
3889,-70.92901,3889,37507342,5.6344643,35.7274823,-78.6962747,35.34353963872628,-0.001,1
3890,-70.92901,3890,37507374,5.803932,35.7274823,-78.6962747,35.34353963872628,-0.001,1
3891,-70.92901,3891,37507407,5.727207,35.7274823,-78.6962747,35.34353963872628,-0.001,1
3892,-70.92901,3892,37507440,5.6655655,35.7274823,-78.6962747,35.34353963872628,-0.001,1
3893,-70.92901,3893,37507473,5.2882385,35.7274823,-78.6962747,35.34353963872628,-0.001,1
3894,-70.92901,3894,37507505,4.9526825,35.7274823,-78.6962747,35.34353963872628,-0.001,1
3895,-70.92901,3895,37507538,5.365429,35.7274823,-78.6962747,35.34353963872628,-0.001,1
3896,-70.92901,3896,37507571,5.442707,35.7274823,-78.6962747,35.34353963872628,-0.001,1
3897,-70.92901,3897,37507604,4.8248672,35.7274823,-78.6962747,35.34353963872628,-0.001,1
3898,-70.92901,3898,37507636,5.1807556,35.7274823,-78.6962747,35.34353963872628,-0.001,1
3899,-70.92901,3899,37507669,7.2234535,35.7274823,-78.6962747,35.34353963872628,-0.001,1
3900,-70.92901,3900,37507702,6.853901,35.7274823,-78.6962747,35.34353963872628,-0.001,1
3901,-70.92901,3901,37507735,6.514309,35.7274823,-78.6962747,35.34353963872628,-0.001,1
3902,-70.92901,3902,37507767,6.333061,35.7274823,-78.6962747,35.34353963872628,-0.001,1
3903,-70.92901,3903,37507800,6.1658173,35.7274823,-78.6962747,35.34353963872628,-0.001,1
3904,-70.92901,3904,37507833,5.9182205,35.7274823,-78.6962747,35.34353963872628,-0.001,1
3905,-70.92901,3905,37507866,5.989689,35.7274823,-78.6962747,35.34353963872628,-0.001,1
3906,-70.92901,3906,37507899,6.2260284,35.7274823,-78.6962747,35.34353963872628,-0.001,1
3907,-70.92901,3907,37507931,6.301178,35.7274823,-78.6962747,35.34353963872628,-0.001,1
3908,-70.92901,3908,37507964,7.3937454,35.7274823,-78.6962747,35.34353963872628,-0.001,1
3909,-70.92901,3909,37507997,7.4019966,35.7274823,-78.6962747,35.34353963872628,-0.001,1
3910,-70.92901,3910,37508029,7.4208145,35.7274823,-78.6962747,35.34353963872628,-0.001,1
3911,-70.92901,3911,37508062,7.4420204,35.7274823,-78.6962747,35.34353963872628,-0.001,1
3912,-70.92901,3912,37508095,7.4549675,35.7274823,-78.6962747,35.34353963872628,-0.001,1
3913,-70.92901,3913,37508128,7.0059547,35.7274823,-78.6962747,35.34353963872628,-0.001,1
3914,-70.92901,3914,37508160,7.5397186,35.7274823,-78.6962747,35.34353963872628,-0.001,1
3915,-70.92901,3915,37508193,7.367752,35.7274823,-78.6962747,35.34353963872628,-0.001,1
3916,-70.92901,3916,37508226,7.8734016,35.7274823,-78.6962747,35.34353963872628,-0.001,1
3917,-70.92901,3917,37508259,7.9220314,35.7274823,-78.6962747,35.34353963872628,-0.001,1
3918,-70.92901,3918,37508291,7.9597473,35.7274823,-78.6962747,35.34353963872628,-0.001,1
3919,-70.92901,3919,37508324,7.892296,35.7274823,-78.6962747,35.34353963872628,-0.001,1
3920,-70.92901,3920,37508357,8.211456,35.7274823,-78.6962747,35.34353963872628,-0.001,1
3921,-70.92901,3921,37508390,8.108402,35.7274823,-78.6962747,35.34353963872628,-0.001,1
3922,-70.92901,3922,37508422,7.608452,35.7274823,-78.6962747,35.34353963872628,-0.001,1
3923,-70.92901,3923,37508455,7.8026276,35.7274823,-78.6962747,35.34353963872628,-0.001,1
3924,-70.92901,3924,37508488,8.270496,35.7274823,-78.6962747,35.34353963872628,-0.001,1
3925,-70.92901,3925,37508521,7.7512283,35.7274823,-78.6962747,35.34353963872628,-0.001,1
3926,-70.92901,3926,37508553,8.324902,35.7274823,-78.6962747,35.34353963872628,-0.001,1
3927,-70.92901,3927,37508586,8.360195,35.7274823,-78.6962747,35.34353963872628,-0.001,1
3928,-70.92901,3928,37508619,8.392521,35.7274823,-78.6962747,35.34353963872628,-0.001,1
3929,-70.92901,3929,37508652,8.783272,35.7274823,-78.6962747,35.34353963872628,-0.001,1
3930,-70.92901,3930,37508684,8.880375,35.7274823,-78.6962747,35.34353963872628,-0.001,1
3931,-70.92901,3931,37508717,8.723354,35.7274823,-78.6962747,35.34353963872628,-0.001,1
3932,-70.92901,3932,37508750,8.546642,35.7274823,-78.6962747,35.34353963872628,-0.001,1
3933,-70.92901,3933,37508783,8.522045,35.7274823,-78.6962747,35.34353963872628,-0.001,1
3934,-70.92901,3934,37508816,8.507793,35.7274823,-78.6962747,35.34353963872628,-0.001,1
3935,-70.92901,3935,37508848,8.531811,35.7274823,-78.6962747,35.34353963872628,-0.001,1
3936,-70.92901,3936,37508881,8.756969,35.7274823,-78.6962747,35.34353963872628,-0.001,1
3937,-70.92901,3937,37508914,8.875252,35.7274823,-78.6962747,35.34353963872628,-0.001,1
3938,-70.92901,3938,37508947,7.9477577,35.7274823,-78.6962747,35.34353963872628,-0.001,1
3939,-70.92901,3939,37508979,9.846661,35.7274823,-78.6962747,35.34353963872628,-0.001,1
3940,-70.92901,3940,37509012,9.72105,35.7274823,-78.6962747,35.34353963872628,-0.001,1
3941,-70.92901,3941,37509045,9.633972,35.7274823,-78.6962747,35.34353963872628,-0.001,1
3942,-70.92901,3942,37509078,9.570995,35.7274823,-78.6962747,35.34353963872628,-0.001,1
3943,-70.92901,3943,37509110,9.52779,35.7274823,-78.6962747,35.34353963872628,-0.001,1
3944,-70.92901,3944,37509143,9.275631,35.7274823,-78.6962747,35.34353963872628,-0.001,1
3945,-70.92901,3945,37509176,9.219048,35.7274823,-78.6962747,35.34353963872628,-0.001,1
3946,-70.92901,3946,37509209,9.410778,35.7274823,-78.6962747,35.34353963872628,-0.001,1
3947,-70.92901,3947,37509241,9.5474205,35.7274823,-78.6962747,35.34353963872628,-0.001,1
3948,-70.92901,3948,37509274,9.337349,35.7274823,-78.6962747,35.34353963872628,-0.001,1
3949,-70.92901,3949,37509307,9.818851,35.7274823,-78.6962747,35.34353963872628,-0.001,1
3950,-70.92901,3950,37509340,9.826622,35.7274823,-78.6962747,35.34353963872628,-0.001,1
3951,-70.92901,3951,37509374,9.8248825,35.7274823,-78.6962747,35.34353963872628,-0.001,1
3952,-70.92901,3952,37509407,9.836025,35.7274823,-78.6962747,35.34353963872628,-0.001,1
3953,-70.92901,3953,37509440,9.841419,35.7274823,-78.6962747,35.34353963872628,-0.001,1
3954,-70.92901,3954,37509473,9.740498,35.7274823,-78.6962747,35.34353963872628,-0.001,1
3955,-70.92901,3955,37509505,9.386036,35.7274823,-78.6962747,35.34353963872628,-0.001,1
3956,-70.92901,3956,37509538,9.907722,35.7274823,-78.6962747,35.34353963872628,-0.001,1
3957,-70.92901,3957,37509571,9.433601,35.7274823,-78.6962747,35.34353963872628,-0.001,1
3958,-70.92901,3958,37509604,9.613831,35.7274823,-78.6962747,35.34353963872628,-0.001,1
3959,-70.92901,3959,37509636,10.105549,35.7274823,-78.6962747,35.34353963872628,-0.001,1
3960,-70.92901,3960,37509669,10.276855,35.7274823,-78.6962747,35.34353963872628,-0.001,1
3961,-70.92901,3961,37509702,10.127045,35.7274823,-78.6962747,35.34353963872628,-0.001,1
3962,-70.92901,3962,37509735,9.902966,35.7274823,-78.6962747,35.34353963872628,-0.001,1
3963,-70.92901,3963,37509767,9.36953,35.7274823,-78.6962747,35.34353963872628,-0.001,1
3964,-70.92901,3964,37509800,9.437374,35.7274823,-78.6962747,35.34353963872628,-0.001,1
3965,-70.92901,3965,37509833,9.839386,35.7274823,-78.6962747,35.34353963872628,-0.001,1
3966,-70.92901,3966,37509866,9.905537,35.7274823,-78.6962747,35.34353963872628,-0.001,1
3967,-70.92901,3967,37509898,9.99308,35.7274823,-78.6962747,35.34353963872628,-0.001,1
3968,-70.92901,3968,37509931,10.054375,35.7274823,-78.6962747,35.34353963872628,-0.001,1
3969,-70.92901,3969,37509964,10.323017,35.7274823,-78.6962747,35.34353963872628,-0.001,1
3970,-70.92901,3970,37509997,10.07029,35.7274823,-78.6962747,35.34353963872628,-0.001,1
3971,-70.92901,3971,37510029,10.074684,35.7274823,-78.6962747,35.34353963872628,-0.001,1
3972,-70.92901,3972,37510062,9.730934,35.7274823,-78.6962747,35.34353963872628,-0.001,1
3973,-70.92901,3973,37510095,10.275383,35.7274823,-78.6962747,35.34353963872628,-0.001,1
3974,-70.92901,3974,37510128,9.952522,35.7274823,-78.6962747,35.34353963872628,-0.001,1
3975,-70.92901,3975,37510160,10.379314,35.7274823,-78.6962747,35.34353963872628,-0.001,1
3976,-70.92901,3976,37510193,10.431194,35.7274823,-78.6962747,35.34353963872628,-0.001,1
3977,-70.92901,3977,37510226,10.471863,35.7274823,-78.6962747,35.34353963872628,-0.001,1
3978,-70.92901,3978,37510259,10.478386,35.7274823,-78.6962747,35.34353963872628,-0.001,1
3979,-70.92901,3979,37510291,10.368542,35.7274823,-78.6962747,35.34353963872628,-0.001,1
3980,-70.92901,3980,37510324,10.28096,35.7274823,-78.6962747,35.34353963872628,-0.001,1
3981,-70.92901,3981,37510357,10.332294,35.7274823,-78.6962747,35.34353963872628,-0.001,1
3982,-70.92901,3982,37510390,10.395969,35.7274823,-78.6962747,35.34353963872628,-0.001,1
3983,-70.92901,3983,37510422,10.446102,35.7274823,-78.6962747,35.34353963872628,-0.001,1
3984,-70.92901,3984,37510455,10.4793625,35.7274823,-78.6962747,35.34353963872628,-0.001,1
3985,-70.92901,3985,37510488,10.503277,35.7274823,-78.6962747,35.34353963872628,-0.001,1
3986,-70.92901,3986,37510521,10.517178,35.7274823,-78.6962747,35.34353963872628,-0.001,1
3987,-70.92901,3987,37510553,10.524818,35.7274823,-78.6962747,35.34353963872628,-0.001,1
3988,-70.92901,3988,37510586,10.521542,35.7274823,-78.6962747,35.34353963872628,-0.001,1
3989,-70.92901,3989,37510619,10.518871,35.7274823,-78.6962747,35.34353963872628,-0.001,1
3990,-70.92901,3990,37510652,10.578533,35.7274823,-78.6962747,35.34353963872628,-0.001,1
3991,-70.92901,3991,37510684,10.092472,35.7274823,-78.6962747,35.34353963872628,-0.001,1
3992,-70.92901,3992,37510717,10.698402,35.7274823,-78.6962747,35.34353963872628,-0.001,1
3993,-70.92901,3993,37510750,10.637356,35.7274823,-78.6962747,35.34353963872628,-0.001,1
3994,-70.92901,3994,37510783,10.595936,35.7274823,-78.6962747,35.34353963872628,-0.001,1
3995,-70.92901,3995,37510816,10.569054,35.7274823,-78.6962747,35.34353963872628,-0.001,1
3996,-70.92901,3996,37510848,10.555824,35.7274823,-78.6962747,35.34353963872628,-0.001,1
3997,-70.92901,3997,37510881,10.512417,35.7274823,-78.6962747,35.34353963872628,-0.001,1
3998,-70.92901,3998,37510914,10.4560585,35.7274823,-78.6962747,35.34353963872628,-0.001,1
3999,-70.92901,3999,37510946,10.611176,35.7274823,-78.6962747,35.34353963872628,-0.001,1
4000,-70.92901,4000,37510979,10.723984,35.7274823,-78.6962747,35.34353963872628,-0.001,1
4001,-70.92901,4001,37511012,10.276939,35.7274823,-78.6962747,35.34353963872628,-0.001,1
4002,-70.92901,4002,37511045,10.49691,35.7274823,-78.6962747,35.34353963872628,-0.001,1
4003,-70.92901,4003,37511077,10.875622,35.7274823,-78.6962747,35.34353963872628,-0.001,1
4004,-70.92901,4004,37511110,10.793152,35.7274823,-78.6962747,35.34353963872628,-0.001,1
4005,-70.92901,4005,37511143,10.742062,35.7274823,-78.6962747,35.34353963872628,-0.001,1
4006,-70.92901,4006,37511176,10.768806,35.7274823,-78.6962747,35.34353963872628,-0.001,1
4007,-70.92901,4007,37511208,10.763374,35.7274823,-78.6962747,35.34353963872628,-0.001,1
4008,-70.92901,4008,37511241,10.567623,35.7274823,-78.6962747,35.34353963872628,-0.001,1
4009,-70.92901,4009,37511274,10.615833,35.7274823,-78.6962747,35.34353963872628,-0.001,1
4010,-70.92901,4010,37511307,10.382278,35.7274823,-78.6962747,35.34353963872628,-0.001,1
4011,-70.92901,4011,37511340,11.0697365,35.7274823,-78.6962747,35.34353963872628,-0.001,1
4012,-70.92901,4012,37511372,11.615013,35.7274823,-78.6962747,35.34353963872628,-0.001,1
4013,-70.92901,4013,37511405,10.942005,35.7274823,-78.6962747,35.34353963872628,-0.001,1
4014,-70.92901,4014,37511438,11.330105,35.7274823,-78.6962747,35.34353963872628,-0.001,1
4015,-70.92901,4015,37511472,10.430622,35.7274823,-78.6962747,35.34353963872628,-0.001,1
4016,-70.92901,4016,37511505,11.224651,35.7274823,-78.6962747,35.34353963872628,-0.001,1
4017,-70.92901,4017,37511538,11.038357,35.7274823,-78.6962747,35.34353963872628,-0.001,1
4018,-70.92901,4018,37511571,11.191517,35.7274823,-78.6962747,35.34353963872628,-0.001,1
4019,-70.92901,4019,37511604,11.431892,35.7274823,-78.6962747,35.34353963872628,-0.001,1
4020,-70.92901,4020,37511636,11.43985,35.7274823,-78.6962747,35.34353963872628,-0.001,1
4021,-70.92901,4021,37511669,11.574947,35.7274823,-78.6962747,35.34353963872628,-0.001,1
4022,-70.92901,4022,37511702,11.48418,35.7274823,-78.6962747,35.34353963872628,-0.001,1
4023,-70.92901,4023,37511734,11.616367,35.7274823,-78.6962747,35.34353963872628,-0.001,1
4024,-70.92901,4024,37511767,11.439972,35.7274823,-78.6962747,35.34353963872628,-0.001,1
4025,-70.92901,4025,37511800,11.885803,35.7274823,-78.6962747,35.34353963872628,-0.001,1
4026,-70.92901,4026,37511833,11.482086,35.7274823,-78.6962747,35.34353963872628,-0.001,1
4027,-70.92901,4027,37511865,11.5835495,35.7274823,-78.6962747,35.34353963872628,-0.001,1
4028,-70.92901,4028,37511898,12.189381,35.7274823,-78.6962747,35.34353963872628,-0.001,1
4029,-70.92901,4029,37511931,12.130772,35.7274823,-78.6962747,35.34353963872628,-0.001,1
4030,-70.92901,4030,37511964,12.033501,35.7274823,-78.6962747,35.34353963872628,-0.001,1
4031,-70.92901,4031,37511996,12.012993,35.7274823,-78.6962747,35.34353963872628,-0.001,1
4032,-70.92901,4032,37512029,12.015816,35.7274823,-78.6962747,35.34353963872628,-0.001,1
4033,-70.92901,4033,37512062,11.77013,35.7274823,-78.6962747,35.34353963872628,-0.001,1
4034,-70.92901,4034,37512095,11.76627,35.7274823,-78.6962747,35.34353963872628,-0.001,1
4035,-70.92901,4035,37512127,11.863956,35.7274823,-78.6962747,35.34353963872628,-0.001,1
4036,-70.92901,4036,37512160,11.943741,35.7274823,-78.6962747,35.34353963872628,-0.001,1
4037,-70.92901,4037,37512193,12.031746,35.7274823,-78.6962747,35.34353963872628,-0.001,1
4038,-70.92901,4038,37512226,12.081207,35.7274823,-78.6962747,35.34353963872628,-0.001,1
4039,-70.92901,4039,37512258,12.114964,35.7274823,-78.6962747,35.34353963872628,-0.001,1
4040,-70.92901,4040,37512291,12.136543,35.7274823,-78.6962747,35.34353963872628,-0.001,1
4041,-70.92901,4041,37512324,11.701729,35.7274823,-78.6962747,35.34353963872628,-0.001,1
4042,-70.92901,4042,37512357,12.350452,35.7274823,-78.6962747,35.34353963872628,-0.001,1
4043,-70.92901,4043,37512389,11.866657,35.7274823,-78.6962747,35.34353963872628,-0.001,1
4044,-70.92901,4044,37512422,12.38657,35.7274823,-78.6962747,35.34353963872628,-0.001,1
4045,-70.92901,4045,37512455,12.328384,35.7274823,-78.6962747,35.34353963872628,-0.001,1
4046,-70.92901,4046,37512488,12.266056,35.7274823,-78.6962747,35.34353963872628,-0.001,1
4047,-70.92901,4047,37512520,12.17691,35.7274823,-78.6962747,35.34353963872628,-0.001,1
4048,-70.92901,4048,37512553,11.122204,35.7274823,-78.6962747,35.34353963872628,-0.001,1
4049,-70.92901,4049,37512586,11.976456,35.7274823,-78.6962747,35.34353963872628,-0.001,1
4050,-70.92901,4050,37512619,12.009026,35.7274823,-78.6962747,35.34353963872628,-0.001,1
4051,-70.92901,4051,37512652,12.494293,35.7274823,-78.6962747,35.34353963872628,-0.001,1
4052,-70.92901,4052,37512685,12.433582,35.7274823,-78.6962747,35.34353963872628,-0.001,1
4053,-70.92901,4053,37512717,12.0285225,35.7274823,-78.6962747,35.34353963872628,-0.001,1
4054,-70.92901,4054,37512750,12.437485,35.7274823,-78.6962747,35.34353963872628,-0.001,1
4055,-70.92901,4055,37512783,12.081093,35.7274823,-78.6962747,35.34353963872628,-0.001,1
4056,-70.92901,4056,37512815,11.887939,35.7274823,-78.6962747,35.34353963872628,-0.001,1
4057,-70.92901,4057,37512848,11.932182,35.7274823,-78.6962747,35.34353963872628,-0.001,1
4058,-70.92901,4058,37512881,12.083469,35.7274823,-78.6962747,35.34353963872628,-0.001,1
4059,-70.92901,4059,37512914,12.120773,35.7274823,-78.6962747,35.34353963872628,-0.001,1
4060,-70.92901,4060,37512946,12.093082,35.7274823,-78.6962747,35.34353963872628,-0.001,1
4061,-70.92901,4061,37512979,12.204372,35.7274823,-78.6962747,35.34353963872628,-0.001,1
4062,-70.92901,4062,37513012,12.256424,35.7274823,-78.6962747,35.34353963872628,-0.001,1
4063,-70.92901,4063,37513044,12.289352,35.7274823,-78.6962747,35.34353963872628,-0.001,1
4064,-70.92901,4064,37513077,12.30769,35.7274823,-78.6962747,35.34353963872628,-0.001,1
4065,-70.92901,4065,37513110,12.319477,35.7274823,-78.6962747,35.34353963872628,-0.001,1
4066,-70.92901,4066,37513143,12.327011,35.7274823,-78.6962747,35.34353963872628,-0.001,1
4067,-70.92901,4067,37513176,12.339638,35.7274823,-78.6962747,35.34353963872628,-0.001,1
4068,-70.92901,4068,37513208,12.351482,35.7274823,-78.6962747,35.34353963872628,-0.001,1
4069,-70.92901,4069,37513241,12.358852,35.7274823,-78.6962747,35.34353963872628,-0.001,1
4070,-70.92901,4070,37513274,11.8750305,35.7274823,-78.6962747,35.34353963872628,-0.001,1
4071,-70.92901,4071,37513307,12.159874,35.7274823,-78.6962747,35.34353963872628,-0.001,1
4072,-70.92901,4072,37513339,12.581932,35.7274823,-78.6962747,35.34353963872628,-0.001,1
4073,-70.92901,4073,37513372,12.49778,35.7274823,-78.6962747,35.34353963872628,-0.001,1
4074,-70.92901,4074,37513405,12.44738,35.7274823,-78.6962747,35.34353963872628,-0.001,1
4075,-70.92901,4075,37513438,12.416866,35.7274823,-78.6962747,35.34353963872628,-0.001,1
4076,-70.92901,4076,37513470,12.317375,35.7274823,-78.6962747,35.34353963872628,-0.001,1
4077,-70.92901,4077,37513503,12.135967,35.7274823,-78.6962747,35.34353963872628,-0.001,1
4078,-70.92901,4078,37513536,12.150467,35.7274823,-78.6962747,35.34353963872628,-0.001,1
4079,-70.92901,4079,37513571,12.234207,35.7274823,-78.6962747,35.34353963872628,-0.001,1
4080,-70.92901,4080,37513603,12.287357,35.7274823,-78.6962747,35.34353963872628,-0.001,1
4081,-70.92901,4081,37513637,12.32024,35.7274823,-78.6962747,35.34353963872628,-0.001,1
4082,-70.92901,4082,37513669,11.886707,35.7274823,-78.6962747,35.34353963872628,-0.001,1
4083,-70.92901,4083,37513702,12.481972,35.7274823,-78.6962747,35.34353963872628,-0.001,1
4084,-70.92901,4084,37513734,12.437515,35.7274823,-78.6962747,35.34353963872628,-0.001,1
4085,-70.92901,4085,37513767,12.393005,35.7274823,-78.6962747,35.34353963872628,-0.001,1
4086,-70.92901,4086,37513800,12.382969,35.7274823,-78.6962747,35.34353963872628,-0.001,1
4087,-70.92901,4087,37513833,12.284073,35.7274823,-78.6962747,35.34353963872628,-0.001,1
4088,-70.92901,4088,37513865,12.218636,35.7274823,-78.6962747,35.34353963872628,-0.001,1
4089,-70.92901,4089,37513898,12.26984,35.7274823,-78.6962747,35.34353963872628,-0.001,1
4090,-70.92901,4090,37513931,12.280941,35.7274823,-78.6962747,35.34353963872628,-0.001,1
4091,-70.92901,4091,37513964,12.307121,35.7274823,-78.6962747,35.34353963872628,-0.001,1
4092,-70.92901,4092,37513997,12.324749,35.7274823,-78.6962747,35.34353963872628,-0.001,1
4093,-70.92901,4093,37514029,12.335556,35.7274823,-78.6962747,35.34353963872628,-0.001,1
4094,-70.92901,4094,37514062,12.343048,35.7274823,-78.6962747,35.34353963872628,-0.001,1
4095,-70.92901,4095,37514095,12.347378,35.7274823,-78.6962747,35.34353963872628,-0.001,1
4096,-70.92901,4096,37514127,12.346439,35.7274823,-78.6962747,35.34353963872628,-0.001,1
4097,-70.92901,4097,37514160,12.336971,35.7274823,-78.6962747,35.34353963872628,-0.001,1
4098,-70.92901,4098,37514193,12.330994,35.7274823,-78.6962747,35.34353963872628,-0.001,1
4099,-70.92901,4099,37514226,12.310314,35.7274823,-78.6962747,35.34353963872628,-0.001,1
4100,-70.92901,4100,37514258,12.307163,35.7274823,-78.6962747,35.34353963872628,-0.001,1
4101,-70.92901,4101,37514291,12.31213,35.7274823,-78.6962747,35.34353963872628,-0.001,1
4102,-70.92901,4102,37514324,12.315689,35.7274823,-78.6962747,35.34353963872628,-0.001,1
4103,-70.92901,4103,37514357,11.886078,35.7274823,-78.6962747,35.34353963872628,-0.001,1
4104,-70.92901,4104,37514389,12.457535,35.7274823,-78.6962747,35.34353963872628,-0.001,1
4105,-70.92901,4105,37514422,12.402767,35.7274823,-78.6962747,35.34353963872628,-0.001,1
4106,-70.92901,4106,37514455,12.042377,35.7274823,-78.6962747,35.34353963872628,-0.001,1
4107,-70.92901,4107,37514488,12.489857,35.7274823,-78.6962747,35.34353963872628,-0.001,1
4108,-70.92901,4108,37514520,12.412155,35.7274823,-78.6962747,35.34353963872628,-0.001,1
4109,-70.92901,4109,37514553,12.311699,35.7274823,-78.6962747,35.34353963872628,-0.001,1
4110,-70.92901,4110,37514586,11.885136,35.7274823,-78.6962747,35.34353963872628,-0.001,1
4111,-70.92901,4111,37514619,12.3382225,35.7274823,-78.6962747,35.34353963872628,-0.001,1
4112,-70.92901,4112,37514651,12.265064,35.7274823,-78.6962747,35.34353963872628,-0.001,1
4113,-70.92901,4113,37514684,12.138412,35.7274823,-78.6962747,35.34353963872628,-0.001,1
4114,-70.92901,4114,37514717,12.196846,35.7274823,-78.6962747,35.34353963872628,-0.001,1
4115,-70.92901,4115,37514750,12.232525,35.7274823,-78.6962747,35.34353963872628,-0.001,1
4116,-70.92901,4116,37514783,12.135498,35.7274823,-78.6962747,35.34353963872628,-0.001,1
4117,-70.92901,4117,37514815,11.72311,35.7274823,-78.6962747,35.34353963872628,-0.001,1
4118,-70.92901,4118,37514848,12.344395,35.7274823,-78.6962747,35.34353963872628,-0.001,1
4119,-70.92901,4119,37514881,11.998699,35.7274823,-78.6962747,35.34353963872628,-0.001,1
4120,-70.92901,4120,37514914,12.412762,35.7274823,-78.6962747,35.34353963872628,-0.001,1
4121,-70.92901,4121,37514946,12.348858,35.7274823,-78.6962747,35.34353963872628,-0.001,1
4122,-70.92901,4122,37514979,12.317757,35.7274823,-78.6962747,35.34353963872628,-0.001,1
4123,-70.92901,4123,37515012,12.267517,35.7274823,-78.6962747,35.34353963872628,-0.001,1
4124,-70.92901,4124,37515045,12.1241455,35.7274823,-78.6962747,35.34353963872628,-0.001,1
4125,-70.92901,4125,37515077,12.054234,35.7274823,-78.6962747,35.34353963872628,-0.001,1
4126,-70.92901,4126,37515110,12.0854225,35.7274823,-78.6962747,35.34353963872628,-0.001,1
4127,-70.92901,4127,37515143,12.153221,35.7274823,-78.6962747,35.34353963872628,-0.001,1
4128,-70.92901,4128,37515176,12.193085,35.7274823,-78.6962747,35.34353963872628,-0.001,1
4129,-70.92901,4129,37515208,12.215939,35.7274823,-78.6962747,35.34353963872628,-0.001,1
4130,-70.92901,4130,37515241,12.227749,35.7274823,-78.6962747,35.34353963872628,-0.001,1
4131,-70.92901,4131,37515274,11.815449,35.7274823,-78.6962747,35.34353963872628,-0.001,1
4132,-70.92901,4132,37515307,12.074554,35.7274823,-78.6962747,35.34353963872628,-0.001,1
4133,-70.92901,4133,37515339,12.450096,35.7274823,-78.6962747,35.34353963872628,-0.001,1
4134,-70.92901,4134,37515372,12.373798,35.7274823,-78.6962747,35.34353963872628,-0.001,1
4135,-70.92901,4135,37515405,12.328281,35.7274823,-78.6962747,35.34353963872628,-0.001,1
4136,-70.92901,4136,37515438,11.920155,35.7274823,-78.6962747,35.34353963872628,-0.001,1
4137,-70.92901,4137,37515470,12.384357,35.7274823,-78.6962747,35.34353963872628,-0.001,1
4138,-70.92901,4138,37515503,12.085045,35.7274823,-78.6962747,35.34353963872628,-0.001,1
4139,-70.92901,4139,37515536,12.113884,35.7274823,-78.6962747,35.34353963872628,-0.001,1
4140,-70.92901,4140,37515569,12.161884,35.7274823,-78.6962747,35.34353963872628,-0.001,1
4141,-70.92901,4141,37515601,12.196064,35.7274823,-78.6962747,35.34353963872628,-0.001,1
4142,-70.92901,4142,37515634,12.2054405,35.7274823,-78.6962747,35.34353963872628,-0.001,1
4143,-70.92901,4143,37515669,12.07399,35.7274823,-78.6962747,35.34353963872628,-0.001,1
4144,-70.92901,4144,37515702,12.120949,35.7274823,-78.6962747,35.34353963872628,-0.001,1
4145,-70.92901,4145,37515734,12.171234,35.7274823,-78.6962747,35.34353963872628,-0.001,1
4146,-70.92901,4146,37515767,12.201721,35.7274823,-78.6962747,35.34353963872628,-0.001,1
4147,-70.92901,4147,37515800,12.220398,35.7274823,-78.6962747,35.34353963872628,-0.001,1
4148,-70.92901,4148,37515832,12.230129,35.7274823,-78.6962747,35.34353963872628,-0.001,1
4149,-70.92901,4149,37515865,12.23457,35.7274823,-78.6962747,35.34353963872628,-0.001,1
4150,-70.92901,4150,37515898,12.237091,35.7274823,-78.6962747,35.34353963872628,-0.001,1
4151,-70.92901,4151,37515931,12.235535,35.7274823,-78.6962747,35.34353963872628,-0.001,1
4152,-70.92901,4152,37515964,12.23605,35.7274823,-78.6962747,35.34353963872628,-0.001,1
4153,-70.92901,4153,37515996,12.237637,35.7274823,-78.6962747,35.34353963872628,-0.001,1
4154,-70.92901,4154,37516029,12.238506,35.7274823,-78.6962747,35.34353963872628,-0.001,1
4155,-70.92901,4155,37516062,12.238262,35.7274823,-78.6962747,35.34353963872628,-0.001,1
4156,-70.92901,4156,37516094,11.903946,35.7274823,-78.6962747,35.34353963872628,-0.001,1
4157,-70.92901,4157,37516127,12.365555,35.7274823,-78.6962747,35.34353963872628,-0.001,1
4158,-70.92901,4158,37516160,12.314926,35.7274823,-78.6962747,35.34353963872628,-0.001,1
4159,-70.92901,4159,37516193,12.284435,35.7274823,-78.6962747,35.34353963872628,-0.001,1
4160,-70.92901,4160,37516226,12.26358,35.7274823,-78.6962747,35.34353963872628,-0.001,1
4161,-70.92901,4161,37516258,12.2520485,35.7274823,-78.6962747,35.34353963872628,-0.001,1
4162,-70.92901,4162,37516291,12.153927,35.7274823,-78.6962747,35.34353963872628,-0.001,1
4163,-70.92901,4163,37516324,12.105019,35.7274823,-78.6962747,35.34353963872628,-0.001,1
4164,-70.92901,4164,37516357,12.155804,35.7274823,-78.6962747,35.34353963872628,-0.001,1
4165,-70.92901,4165,37516389,12.18858,35.7274823,-78.6962747,35.34353963872628,-0.001,1
4166,-70.92901,4166,37516422,12.206142,35.7274823,-78.6962747,35.34353963872628,-0.001,1
4167,-70.92901,4167,37516455,12.215897,35.7274823,-78.6962747,35.34353963872628,-0.001,1
4168,-70.92901,4168,37516488,12.222725,35.7274823,-78.6962747,35.34353963872628,-0.001,1
4169,-70.92901,4169,37516520,12.227161,35.7274823,-78.6962747,35.34353963872628,-0.001,1
4170,-70.92901,4170,37516553,12.229679,35.7274823,-78.6962747,35.34353963872628,-0.001,1
4171,-70.92901,4171,37516586,11.875011,35.7274823,-78.6962747,35.34353963872628,-0.001,1
4172,-70.92901,4172,37516619,12.379162,35.7274823,-78.6962747,35.34353963872628,-0.001,1
4173,-70.92901,4173,37516651,12.323383,35.7274823,-78.6962747,35.34353963872628,-0.001,1
4174,-70.92901,4174,37516684,12.288677,35.7274823,-78.6962747,35.34353963872628,-0.001,1
4175,-70.92901,4175,37516717,12.266624,35.7274823,-78.6962747,35.34353963872628,-0.001,1
4176,-70.92901,4176,37516750,12.253498,35.7274823,-78.6962747,35.34353963872628,-0.001,1
4177,-70.92901,4177,37516782,12.226742,35.7274823,-78.6962747,35.34353963872628,-0.001,1
4178,-70.92901,4178,37516815,12.082054,35.7274823,-78.6962747,35.34353963872628,-0.001,1
4179,-70.92901,4179,37516848,12.140858,35.7274823,-78.6962747,35.34353963872628,-0.001,1
4180,-70.92901,4180,37516881,12.178684,35.7274823,-78.6962747,35.34353963872628,-0.001,1
4181,-70.92901,4181,37516913,12.199314,35.7274823,-78.6962747,35.34353963872628,-0.001,1
4182,-70.92901,4182,37516946,12.211029,35.7274823,-78.6962747,35.34353963872628,-0.001,1
4183,-70.92901,4183,37516979,12.219986,35.7274823,-78.6962747,35.34353963872628,-0.001,1
4184,-70.92901,4184,37517012,12.225567,35.7274823,-78.6962747,35.34353963872628,-0.001,1
4185,-70.92901,4185,37517044,12.229195,35.7274823,-78.6962747,35.34353963872628,-0.001,1
4186,-70.92901,4186,37517077,12.231304,35.7274823,-78.6962747,35.34353963872628,-0.001,1
4187,-70.92901,4187,37517110,12.23217,35.7274823,-78.6962747,35.34353963872628,-0.001,1
4188,-70.92901,4188,37517143,12.232578,35.7274823,-78.6962747,35.34353963872628,-0.001,1
4189,-70.92901,4189,37517175,12.2325325,35.7274823,-78.6962747,35.34353963872628,-0.001,1
4190,-70.92901,4190,37517208,12.232777,35.7274823,-78.6962747,35.34353963872628,-0.001,1
4191,-70.92901,4191,37517241,11.72403,35.7274823,-78.6962747,35.34353963872628,-0.001,1
4192,-70.92901,4192,37517274,12.37191,35.7274823,-78.6962747,35.34353963872628,-0.001,1
4193,-70.92901,4193,37517306,12.317825,35.7274823,-78.6962747,35.34353963872628,-0.001,1
4194,-70.92901,4194,37517339,12.284546,35.7274823,-78.6962747,35.34353963872628,-0.001,1
4195,-70.92901,4195,37517372,12.264137,35.7274823,-78.6962747,35.34353963872628,-0.001,1
4196,-70.92901,4196,37517405,12.251598,35.7274823,-78.6962747,35.34353963872628,-0.001,1
4197,-70.92901,4197,37517437,12.159462,35.7274823,-78.6962747,35.34353963872628,-0.001,1
4198,-70.92901,4198,37517470,12.091309,35.7274823,-78.6962747,35.34353963872628,-0.001,1
4199,-70.92901,4199,37517503,12.144127,35.7274823,-78.6962747,35.34353963872628,-0.001,1
4200,-70.92901,4200,37517536,12.177662,35.7274823,-78.6962747,35.34353963872628,-0.001,1
4201,-70.92901,4201,37517569,12.19836,35.7274823,-78.6962747,35.34353963872628,-0.001,1
4202,-70.92901,4202,37517601,12.211334,35.7274823,-78.6962747,35.34353963872628,-0.001,1
4203,-70.92901,4203,37517634,12.216961,35.7274823,-78.6962747,35.34353963872628,-0.001,1
4204,-70.92901,4204,37517667,12.222473,35.7274823,-78.6962747,35.34353963872628,-0.001,1
4205,-70.92901,4205,37517699,12.226044,35.7274823,-78.6962747,35.34353963872628,-0.001,1
4206,-70.92901,4206,37517732,12.227703,35.7274823,-78.6962747,35.34353963872628,-0.001,1
4207,-70.92901,4207,37517767,12.229252,35.7274823,-78.6962747,35.34353963872628,-0.001,1
4208,-70.92901,4208,37517800,12.229702,35.7274823,-78.6962747,35.34353963872628,-0.001,1
4209,-70.92901,4209,37517833,12.230911,35.7274823,-78.6962747,35.34353963872628,-0.001,1
4210,-70.92901,4210,37517865,12.229149,35.7274823,-78.6962747,35.34353963872628,-0.001,1
4211,-70.92901,4211,37517898,11.931667,35.7274823,-78.6962747,35.34353963872628,-0.001,1
4212,-70.92901,4212,37517931,12.353096,35.7274823,-78.6962747,35.34353963872628,-0.001,1
4213,-70.92901,4213,37517964,12.305859,35.7274823,-78.6962747,35.34353963872628,-0.001,1
4214,-70.92901,4214,37517996,12.275784,35.7274823,-78.6962747,35.34353963872628,-0.001,1
4215,-70.92901,4215,37518029,11.953087,35.7274823,-78.6962747,35.34353963872628,-0.001,1
4216,-70.92901,4216,37518062,12.417446,35.7274823,-78.6962747,35.34353963872628,-0.001,1
4217,-70.92901,4217,37518095,12.204597,35.7274823,-78.6962747,35.34353963872628,-0.001,1
4218,-70.92901,4218,37518127,12.166977,35.7274823,-78.6962747,35.34353963872628,-0.001,1
4219,-70.92901,4219,37518160,12.1912155,35.7274823,-78.6962747,35.34353963872628,-0.001,1
4220,-70.92901,4220,37518193,12.207825,35.7274823,-78.6962747,35.34353963872628,-0.001,1
4221,-70.92901,4221,37518226,11.938408,35.7274823,-78.6962747,35.34353963872628,-0.001,1
4222,-70.92901,4222,37518258,12.181946,35.7274823,-78.6962747,35.34353963872628,-0.001,1
4223,-70.92901,4223,37518291,12.181919,35.7274823,-78.6962747,35.34353963872628,-0.001,1
4224,-70.92901,4224,37518324,12.203403,35.7274823,-78.6962747,35.34353963872628,-0.001,1
4225,-70.92901,4225,37518357,12.212334,35.7274823,-78.6962747,35.34353963872628,-0.001,1
4226,-70.92901,4226,37518389,12.219269,35.7274823,-78.6962747,35.34353963872628,-0.001,1
4227,-70.92901,4227,37518422,12.109962,35.7274823,-78.6962747,35.34353963872628,-0.001,1
4228,-70.92901,4228,37518455,12.105644,35.7274823,-78.6962747,35.34353963872628,-0.001,1
4229,-70.92901,4229,37518488,12.151333,35.7274823,-78.6962747,35.34353963872628,-0.001,1
4230,-70.92901,4230,37518520,12.180511,35.7274823,-78.6962747,35.34353963872628,-0.001,1
4231,-70.92901,4231,37518553,12.20079,35.7274823,-78.6962747,35.34353963872628,-0.001,1
4232,-70.92901,4232,37518586,12.2122345,35.7274823,-78.6962747,35.34353963872628,-0.001,1
4233,-70.92901,4233,37518619,12.217487,35.7274823,-78.6962747,35.34353963872628,-0.001,1
4234,-70.92901,4234,37518651,12.218712,35.7274823,-78.6962747,35.34353963872628,-0.001,1
4235,-70.92901,4235,37518684,12.223843,35.7274823,-78.6962747,35.34353963872628,-0.001,1
4236,-70.92901,4236,37518717,12.225616,35.7274823,-78.6962747,35.34353963872628,-0.001,1
4237,-70.92901,4237,37518750,12.226753,35.7274823,-78.6962747,35.34353963872628,-0.001,1
4238,-70.92901,4238,37518782,12.22776,35.7274823,-78.6962747,35.34353963872628,-0.001,1
4239,-70.92901,4239,37518815,12.22876,35.7274823,-78.6962747,35.34353963872628,-0.001,1
4240,-70.92901,4240,37518848,12.227486,35.7274823,-78.6962747,35.34353963872628,-0.001,1
4241,-70.92901,4241,37518881,11.948204,35.7274823,-78.6962747,35.34353963872628,-0.001,1
4242,-70.92901,4242,37518913,12.161037,35.7274823,-78.6962747,35.34353963872628,-0.001,1
4243,-70.92901,4243,37518946,12.333992,35.7274823,-78.6962747,35.34353963872628,-0.001,1
4244,-70.92901,4244,37518979,12.291187,35.7274823,-78.6962747,35.34353963872628,-0.001,1
4245,-70.92901,4245,37519012,11.836075,35.7274823,-78.6962747,35.34353963872628,-0.001,1
4246,-70.92901,4246,37519044,12.385017,35.7274823,-78.6962747,35.34353963872628,-0.001,1
4247,-70.92901,4247,37519077,12.323532,35.7274823,-78.6962747,35.34353963872628,-0.001,1
4248,-70.92901,4248,37519110,11.646992,35.7274823,-78.6962747,35.34353963872628,-0.001,1
4249,-70.92901,4249,37519143,11.912334,35.7274823,-78.6962747,35.34353963872628,-0.001,1
4250,-70.92901,4250,37519175,12.432331,35.7274823,-78.6962747,35.34353963872628,-0.001,1
4251,-70.92901,4251,37519208,12.280685,35.7274823,-78.6962747,35.34353963872628,-0.001,1
4252,-70.92901,4252,37519241,11.6196785,35.7274823,-78.6962747,35.34353963872628,-0.001,1
4253,-70.92901,4253,37519274,12.322861,35.7274823,-78.6962747,35.34353963872628,-0.001,1
4254,-70.92901,4254,37519306,12.284103,35.7274823,-78.6962747,35.34353963872628,-0.001,1
4255,-70.92901,4255,37519339,11.673771,35.7274823,-78.6962747,35.34353963872628,-0.001,1
4256,-70.92901,4256,37519372,11.843685,35.7274823,-78.6962747,35.34353963872628,-0.001,1
4257,-70.92901,4257,37519405,12.288956,35.7274823,-78.6962747,35.34353963872628,-0.001,1
4258,-70.92901,4258,37519437,12.201206,35.7274823,-78.6962747,35.34353963872628,-0.001,1
4259,-70.92901,4259,37519471,12.094982,35.7274823,-78.6962747,35.34353963872628,-0.001,1
4260,-70.92901,4260,37519503,12.145695,35.7274823,-78.6962747,35.34353963872628,-0.001,1
4261,-70.92901,4261,37519536,12.123955,35.7274823,-78.6962747,35.34353963872628,-0.001,1
4262,-70.92901,4262,37519568,11.902924,35.7274823,-78.6962747,35.34353963872628,-0.001,1
4263,-70.92901,4263,37519601,11.970043,35.7274823,-78.6962747,35.34353963872628,-0.001,1
4264,-70.92901,4264,37519634,12.066177,35.7274823,-78.6962747,35.34353963872628,-0.001,1
4265,-70.92901,4265,37519667,12.126614,35.7274823,-78.6962747,35.34353963872628,-0.001,1
4266,-70.92901,4266,37519699,12.163124,35.7274823,-78.6962747,35.34353963872628,-0.001,1
4267,-70.92901,4267,37519732,12.186295,35.7274823,-78.6962747,35.34353963872628,-0.001,1
4268,-70.92901,4268,37519765,12.200798,35.7274823,-78.6962747,35.34353963872628,-0.001,1
4269,-70.92901,4269,37519798,12.20879,35.7274823,-78.6962747,35.34353963872628,-0.001,1
4270,-70.92901,4270,37519831,11.824528,35.7274823,-78.6962747,35.34353963872628,-0.001,1
4271,-70.92901,4271,37519865,11.971245,35.7274823,-78.6962747,35.34353963872628,-0.001,1
4272,-70.92901,4272,37519898,12.184174,35.7274823,-78.6962747,35.34353963872628,-0.001,1
4273,-70.92901,4273,37519931,12.488121,35.7274823,-78.6962747,35.34353963872628,-0.001,1
4274,-70.92901,4274,37519963,12.384682,35.7274823,-78.6962747,35.34353963872628,-0.001,1
4275,-70.92901,4275,37519996,12.320736,35.7274823,-78.6962747,35.34353963872628,-0.001,1
4276,-70.92901,4276,37520029,12.243,35.7274823,-78.6962747,35.34353963872628,-0.001,1
4277,-70.92901,4277,37520062,12.096779,35.7274823,-78.6962747,35.34353963872628,-0.001,1
4278,-70.92901,4278,37520094,11.843967,35.7274823,-78.6962747,35.34353963872628,-0.001,1
4279,-70.92901,4279,37520127,11.950275,35.7274823,-78.6962747,35.34353963872628,-0.001,1
4280,-70.92901,4280,37520160,12.053188,35.7274823,-78.6962747,35.34353963872628,-0.001,1
4281,-70.92901,4281,37520193,12.113495,35.7274823,-78.6962747,35.34353963872628,-0.001,1
4282,-70.92901,4282,37520225,12.154686,35.7274823,-78.6962747,35.34353963872628,-0.001,1
4283,-70.92901,4283,37520258,12.180374,35.7274823,-78.6962747,35.34353963872628,-0.001,1
4284,-70.92901,4284,37520291,12.194912,35.7274823,-78.6962747,35.34353963872628,-0.001,1
4285,-70.92901,4285,37520324,12.203896,35.7274823,-78.6962747,35.34353963872628,-0.001,1
4286,-70.92901,4286,37520357,12.209896,35.7274823,-78.6962747,35.34353963872628,-0.001,1
4287,-70.92901,4287,37520389,12.213768,35.7274823,-78.6962747,35.34353963872628,-0.001,1
4288,-70.92901,4288,37520422,12.215313,35.7274823,-78.6962747,35.34353963872628,-0.001,1
4289,-70.92901,4289,37520455,12.216167,35.7274823,-78.6962747,35.34353963872628,-0.001,1
4290,-70.92901,4290,37520487,11.442474,35.7274823,-78.6962747,35.34353963872628,-0.001,1
4291,-70.92901,4291,37520520,12.478889,35.7274823,-78.6962747,35.34353963872628,-0.001,1
4292,-70.92901,4292,37520553,12.377693,35.7274823,-78.6962747,35.34353963872628,-0.001,1
4293,-70.92901,4293,37520586,12.316021,35.7274823,-78.6962747,35.34353963872628,-0.001,1
4294,-70.92901,4294,37520618,12.277679,35.7274823,-78.6962747,35.34353963872628,-0.001,1
4295,-70.92901,4295,37520651,12.251595,35.7274823,-78.6962747,35.34353963872628,-0.001,1
4296,-70.92901,4296,37520684,12.036434,35.7274823,-78.6962747,35.34353963872628,-0.001,1
4297,-70.92901,4297,37520717,11.948784,35.7274823,-78.6962747,35.34353963872628,-0.001,1
4298,-70.92901,4298,37520749,12.056332,35.7274823,-78.6962747,35.34353963872628,-0.001,1
4299,-70.92901,4299,37520782,11.78154,35.7274823,-78.6962747,35.34353963872628,-0.001,1
4300,-70.92901,4300,37520815,12.327049,35.7274823,-78.6962747,35.34353963872628,-0.001,1
4301,-70.92901,4301,37520848,12.284378,35.7274823,-78.6962747,35.34353963872628,-0.001,1
4302,-70.92901,4302,37520880,12.2576065,35.7274823,-78.6962747,35.34353963872628,-0.001,1
4303,-70.92901,4303,37520913,12.239994,35.7274823,-78.6962747,35.34353963872628,-0.001,1
4304,-70.92901,4304,37520946,12.229092,35.7274823,-78.6962747,35.34353963872628,-0.001,1
4305,-70.92901,4305,37520979,12.219315,35.7274823,-78.6962747,35.34353963872628,-0.001,1
4306,-70.92901,4306,37521011,12.0373535,35.7274823,-78.6962747,35.34353963872628,-0.001,1
4307,-70.92901,4307,37521044,12.103809,35.7274823,-78.6962747,35.34353963872628,-0.001,1
4308,-70.92901,4308,37521077,12.145264,35.7274823,-78.6962747,35.34353963872628,-0.001,1
4309,-70.92901,4309,37521110,12.173019,35.7274823,-78.6962747,35.34353963872628,-0.001,1
4310,-70.92901,4310,37521142,11.73909,35.7274823,-78.6962747,35.34353963872628,-0.001,1
4311,-70.92901,4311,37521175,12.342678,35.7274823,-78.6962747,35.34353963872628,-0.001,1
4312,-70.92901,4312,37521208,12.291779,35.7274823,-78.6962747,35.34353963872628,-0.001,1
4313,-70.92901,4313,37521241,12.261021,35.7274823,-78.6962747,35.34353963872628,-0.001,1
4314,-70.92901,4314,37521273,12.242466,35.7274823,-78.6962747,35.34353963872628,-0.001,1
4315,-70.92901,4315,37521306,12.23114,35.7274823,-78.6962747,35.34353963872628,-0.001,1
4316,-70.92901,4316,37521339,12.177181,35.7274823,-78.6962747,35.34353963872628,-0.001,1
4317,-70.92901,4317,37521372,12.065243,35.7274823,-78.6962747,35.34353963872628,-0.001,1
4318,-70.92901,4318,37521404,12.122078,35.7274823,-78.6962747,35.34353963872628,-0.001,1
4319,-70.92901,4319,37521437,11.735451,35.7274823,-78.6962747,35.34353963872628,-0.001,1
4320,-70.92901,4320,37521470,12.33691,35.7274823,-78.6962747,35.34353963872628,-0.001,1
4321,-70.92901,4321,37521503,12.288727,35.7274823,-78.6962747,35.34353963872628,-0.001,1
4322,-70.92901,4322,37521536,12.259407,35.7274823,-78.6962747,35.34353963872628,-0.001,1
4323,-70.92901,4323,37521568,12.241344,35.7274823,-78.6962747,35.34353963872628,-0.001,1
4324,-70.92901,4324,37521601,11.734192,35.7274823,-78.6962747,35.34353963872628,-0.001,1
4325,-70.92901,4325,37521634,12.385654,35.7274823,-78.6962747,35.34353963872628,-0.001,1
4326,-70.92901,4326,37521667,12.150867,35.7274823,-78.6962747,35.34353963872628,-0.001,1
4327,-70.92901,4327,37521699,12.176373,35.7274823,-78.6962747,35.34353963872628,-0.001,1
4328,-70.92901,4328,37521732,12.189163,35.7274823,-78.6962747,35.34353963872628,-0.001,1
4329,-70.92901,4329,37521765,12.198029,35.7274823,-78.6962747,35.34353963872628,-0.001,1
4330,-70.92901,4330,37521798,11.836544,35.7274823,-78.6962747,35.34353963872628,-0.001,1
4331,-70.92901,4331,37521830,11.830963,35.7274823,-78.6962747,35.34353963872628,-0.001,1
4332,-70.92901,4332,37521863,12.336868,35.7274823,-78.6962747,35.34353963872628,-0.001,1
4333,-70.92901,4333,37521896,12.28849,35.7274823,-78.6962747,35.34353963872628,-0.001,1
4334,-70.92901,4334,37521929,12.259232,35.7274823,-78.6962747,35.34353963872628,-0.001,1
4335,-70.92901,4335,37521963,12.241413,35.7274823,-78.6962747,35.34353963872628,-0.001,1
4336,-70.92901,4336,37521996,12.173714,35.7274823,-78.6962747,35.34353963872628,-0.001,1
4337,-70.92901,4337,37522029,11.992992,35.7274823,-78.6962747,35.34353963872628,-0.001,1
4338,-70.92901,4338,37522062,11.962952,35.7274823,-78.6962747,35.34353963872628,-0.001,1
4339,-70.92901,4339,37522094,12.058155,35.7274823,-78.6962747,35.34353963872628,-0.001,1
4340,-70.92901,4340,37522127,12.115372,35.7274823,-78.6962747,35.34353963872628,-0.001,1
4341,-70.92901,4341,37522160,12.152866,35.7274823,-78.6962747,35.34353963872628,-0.001,1
4342,-70.92901,4342,37522193,12.175739,35.7274823,-78.6962747,35.34353963872628,-0.001,1
4343,-70.92901,4343,37522226,12.188946,35.7274823,-78.6962747,35.34353963872628,-0.001,1
4344,-70.92901,4344,37522258,12.197273,35.7274823,-78.6962747,35.34353963872628,-0.001,1
4345,-70.92901,4345,37522291,11.745407,35.7274823,-78.6962747,35.34353963872628,-0.001,1
4346,-70.92901,4346,37522324,12.346764,35.7274823,-78.6962747,35.34353963872628,-0.001,1
4347,-70.92901,4347,37522356,12.293888,35.7274823,-78.6962747,35.34353963872628,-0.001,1
4348,-70.92901,4348,37522389,12.261459,35.7274823,-78.6962747,35.34353963872628,-0.001,1
4349,-70.92901,4349,37522422,12.242046,35.7274823,-78.6962747,35.34353963872628,-0.001,1
4350,-70.92901,4350,37522455,12.22942,35.7274823,-78.6962747,35.34353963872628,-0.001,1
4351,-70.92901,4351,37522488,11.834965,35.7274823,-78.6962747,35.34353963872628,-0.001,1
4352,-70.92901,4352,37522520,12.214409,35.7274823,-78.6962747,35.34353963872628,-0.001,1
4353,-70.92901,4353,37522553,12.215477,35.7274823,-78.6962747,35.34353963872628,-0.001,1
4354,-70.92901,4354,37522586,12.212528,35.7274823,-78.6962747,35.34353963872628,-0.001,1
4355,-70.92901,4355,37522619,11.855209,35.7274823,-78.6962747,35.34353963872628,-0.001,1
4356,-70.92901,4356,37522651,12.344128,35.7274823,-78.6962747,35.34353963872628,-0.001,1
4357,-70.92901,4357,37522684,12.218964,35.7274823,-78.6962747,35.34353963872628,-0.001,1
4358,-70.92901,4358,37522717,11.824963,35.7274823,-78.6962747,35.34353963872628,-0.001,1
4359,-70.92901,4359,37522749,12.270763,35.7274823,-78.6962747,35.34353963872628,-0.001,1
4360,-70.92901,4360,37522783,12.248257,35.7274823,-78.6962747,35.34353963872628,-0.001,1
4361,-70.92901,4361,37522815,12.15937,35.7274823,-78.6962747,35.34353963872628,-0.001,1
4362,-70.92901,4362,37522848,12.082287,35.7274823,-78.6962747,35.34353963872628,-0.001,1
4363,-70.92901,4363,37522880,12.131821,35.7274823,-78.6962747,35.34353963872628,-0.001,1
4364,-70.92901,4364,37522913,12.034,35.7274823,-78.6962747,35.34353963872628,-0.001,1
4365,-70.92901,4365,37522946,11.890308,35.7274823,-78.6962747,35.34353963872628,-0.001,1
4366,-70.92901,4366,37522979,11.886272,35.7274823,-78.6962747,35.34353963872628,-0.001,1
4367,-70.92901,4367,37523012,12.0444565,35.7274823,-78.6962747,35.34353963872628,-0.001,1
4368,-70.92901,4368,37523044,12.355244,35.7274823,-78.6962747,35.34353963872628,-0.001,1
4369,-70.92901,4369,37523077,12.300163,35.7274823,-78.6962747,35.34353963872628,-0.001,1
4370,-70.92901,4370,37523110,11.908546,35.7274823,-78.6962747,35.34353963872628,-0.001,1
4371,-70.92901,4371,37523142,12.368851,35.7274823,-78.6962747,35.34353963872628,-0.001,1
4372,-70.92901,4372,37523175,12.128502,35.7274823,-78.6962747,35.34353963872628,-0.001,1
4373,-70.92901,4373,37523208,12.019066,35.7274823,-78.6962747,35.34353963872628,-0.001,1
4374,-70.92901,4374,37523241,12.053787,35.7274823,-78.6962747,35.34353963872628,-0.001,1
4375,-70.92901,4375,37523274,12.114658,35.7274823,-78.6962747,35.34353963872628,-0.001,1
4376,-70.92901,4376,37523306,12.023827,35.7274823,-78.6962747,35.34353963872628,-0.001,1
4377,-70.92901,4377,37523339,11.787052,35.7274823,-78.6962747,35.34353963872628,-0.001,1
4378,-70.92901,4378,37523372,12.223499,35.7274823,-78.6962747,35.34353963872628,-0.001,1
4379,-70.92901,4379,37523405,12.219666,35.7274823,-78.6962747,35.34353963872628,-0.001,1
4380,-70.92901,4380,37523437,12.216454,35.7274823,-78.6962747,35.34353963872628,-0.001,1
4381,-70.92901,4381,37523470,12.214951,35.7274823,-78.6962747,35.34353963872628,-0.001,1
4382,-70.92901,4382,37523503,12.215164,35.7274823,-78.6962747,35.34353963872628,-0.001,1
4383,-70.92901,4383,37523536,12.055996,35.7274823,-78.6962747,35.34353963872628,-0.001,1
4384,-70.92901,4384,37523568,12.088493,35.7274823,-78.6962747,35.34353963872628,-0.001,1
4385,-70.92901,4385,37523601,12.136765,35.7274823,-78.6962747,35.34353963872628,-0.001,1
4386,-70.92901,4386,37523634,11.71487,35.7274823,-78.6962747,35.34353963872628,-0.001,1
4387,-70.92901,4387,37523666,12.32568,35.7274823,-78.6962747,35.34353963872628,-0.001,1
4388,-70.92901,4388,37523699,12.2821045,35.7274823,-78.6962747,35.34353963872628,-0.001,1
4389,-70.92901,4389,37523732,12.255142,35.7274823,-78.6962747,35.34353963872628,-0.001,1
4390,-70.92901,4390,37523765,12.239639,35.7274823,-78.6962747,35.34353963872628,-0.001,1
4391,-70.92901,4391,37523798,12.228184,35.7274823,-78.6962747,35.34353963872628,-0.001,1
4392,-70.92901,4392,37523830,12.154552,35.7274823,-78.6962747,35.34353963872628,-0.001,1
4393,-70.92901,4393,37523863,12.066631,35.7274823,-78.6962747,35.34353963872628,-0.001,1
4394,-70.92901,4394,37523896,12.126587,35.7274823,-78.6962747,35.34353963872628,-0.001,1
4395,-70.92901,4395,37523929,12.157619,35.7274823,-78.6962747,35.34353963872628,-0.001,1
4396,-70.92901,4396,37523961,12.179298,35.7274823,-78.6962747,35.34353963872628,-0.001,1
4397,-70.92901,4397,37523994,12.192684,35.7274823,-78.6962747,35.34353963872628,-0.001,1
4398,-70.92901,4398,37524027,12.201187,35.7274823,-78.6962747,35.34353963872628,-0.001,1
4399,-70.92901,4399,37524062,12.204941,35.7274823,-78.6962747,35.34353963872628,-0.001,1
4400,-70.92901,4400,37524094,12.207981,35.7274823,-78.6962747,35.34353963872628,-0.001,1
4401,-70.92901,4401,37524127,12.210369,35.7274823,-78.6962747,35.34353963872628,-0.001,1
4402,-70.92901,4402,37524160,12.210972,35.7274823,-78.6962747,35.34353963872628,-0.001,1
4403,-70.92901,4403,37524193,12.211315,35.7274823,-78.6962747,35.34353963872628,-0.001,1
4404,-70.92901,4404,37524225,12.211952,35.7274823,-78.6962747,35.34353963872628,-0.001,1
4405,-70.92901,4405,37524258,12.2121315,35.7274823,-78.6962747,35.34353963872628,-0.001,1
4406,-70.92901,4406,37524291,12.211792,35.7274823,-78.6962747,35.34353963872628,-0.001,1
4407,-70.92901,4407,37524324,12.211983,35.7274823,-78.6962747,35.34353963872628,-0.001,1
4408,-70.92901,4408,37524356,12.213078,35.7274823,-78.6962747,35.34353963872628,-0.001,1
4409,-70.92901,4409,37524389,12.2130165,35.7274823,-78.6962747,35.34353963872628,-0.001,1
4410,-70.92901,4410,37524422,12.212296,35.7274823,-78.6962747,35.34353963872628,-0.001,1
4411,-70.92901,4411,37524455,12.212379,35.7274823,-78.6962747,35.34353963872628,-0.001,1
4412,-70.92901,4412,37524488,12.212681,35.7274823,-78.6962747,35.34353963872628,-0.001,1
4413,-70.92901,4413,37524520,12.212189,35.7274823,-78.6962747,35.34353963872628,-0.001,1
4414,-70.92901,4414,37524553,12.211521,35.7274823,-78.6962747,35.34353963872628,-0.001,1
4415,-70.92901,4415,37524586,12.211601,35.7274823,-78.6962747,35.34353963872628,-0.001,1
4416,-70.92901,4416,37524619,12.212315,35.7274823,-78.6962747,35.34353963872628,-0.001,1
4417,-70.92901,4417,37524651,12.212807,35.7274823,-78.6962747,35.34353963872628,-0.001,1
4418,-70.92901,4418,37524684,12.211746,35.7274823,-78.6962747,35.34353963872628,-0.001,1
4419,-70.92901,4419,37524717,12.211857,35.7274823,-78.6962747,35.34353963872628,-0.001,1
4420,-70.92901,4420,37524749,12.2119255,35.7274823,-78.6962747,35.34353963872628,-0.001,1
4421,-70.92901,4421,37524782,12.212246,35.7274823,-78.6962747,35.34353963872628,-0.001,1
4422,-70.92901,4422,37524815,12.211792,35.7274823,-78.6962747,35.34353963872628,-0.001,1
4423,-70.92901,4423,37524848,12.211121,35.7274823,-78.6962747,35.34353963872628,-0.001,1
4424,-70.92901,4424,37524880,12.212406,35.7274823,-78.6962747,35.34353963872628,-0.001,1
4425,-70.92901,4425,37524913,12.212738,35.7274823,-78.6962747,35.34353963872628,-0.001,1
4426,-70.92901,4426,37524946,12.212257,35.7274823,-78.6962747,35.34353963872628,-0.001,1
4427,-70.92901,4427,37524979,12.211872,35.7274823,-78.6962747,35.34353963872628,-0.001,1
4428,-70.92901,4428,37525011,12.212963,35.7274823,-78.6962747,35.34353963872628,-0.001,1
4429,-70.92901,4429,37525044,12.213154,35.7274823,-78.6962747,35.34353963872628,-0.001,1
4430,-70.92901,4430,37525077,12.212826,35.7274823,-78.6962747,35.34353963872628,-0.001,1
4431,-70.92901,4431,37525110,12.212505,35.7274823,-78.6962747,35.34353963872628,-0.001,1
4432,-70.92901,4432,37525142,12.213284,35.7274823,-78.6962747,35.34353963872628,-0.001,1
4433,-70.92901,4433,37525175,11.388527,35.7274823,-78.6962747,35.34353963872628,-0.001,1
4434,-70.92901,4434,37525208,12.514683,35.7274823,-78.6962747,35.34353963872628,-0.001,1
4435,-70.92901,4435,37525241,12.398277,35.7274823,-78.6962747,35.34353963872628,-0.001,1
4436,-70.92901,4436,37525273,12.326752,35.7274823,-78.6962747,35.34353963872628,-0.001,1
4437,-70.92901,4437,37525306,12.282684,35.7274823,-78.6962747,35.34353963872628,-0.001,1
4438,-70.92901,4438,37525339,12.255676,35.7274823,-78.6962747,35.34353963872628,-0.001,1
4439,-70.92901,4439,37525372,12.130192,35.7274823,-78.6962747,35.34353963872628,-0.001,1
4440,-70.92901,4440,37525404,11.576618,35.7274823,-78.6962747,35.34353963872628,-0.001,1
4441,-70.92901,4441,37525437,12.146675,35.7274823,-78.6962747,35.34353963872628,-0.001,1
4442,-70.92901,4442,37525470,12.173695,35.7274823,-78.6962747,35.34353963872628,-0.001,1
4443,-70.92901,4443,37525503,12.188744,35.7274823,-78.6962747,35.34353963872628,-0.001,1
4444,-70.92901,4444,37525535,12.197231,35.7274823,-78.6962747,35.34353963872628,-0.001,1
4445,-70.92901,4445,37525568,12.203213,35.7274823,-78.6962747,35.34353963872628,-0.001,1
4446,-70.92901,4446,37525601,12.087128,35.7274823,-78.6962747,35.34353963872628,-0.001,1
4447,-70.92901,4447,37525634,12.075279,35.7274823,-78.6962747,35.34353963872628,-0.001,1
4448,-70.92901,4448,37525667,12.128693,35.7274823,-78.6962747,35.34353963872628,-0.001,1
4449,-70.92901,4449,37525699,12.161652,35.7274823,-78.6962747,35.34353963872628,-0.001,1
4450,-70.92901,4450,37525732,12.18169,35.7274823,-78.6962747,35.34353963872628,-0.001,1
4451,-70.92901,4451,37525765,12.193199,35.7274823,-78.6962747,35.34353963872628,-0.001,1
4452,-70.92901,4452,37525797,12.200733,35.7274823,-78.6962747,35.34353963872628,-0.001,1
4453,-70.92901,4453,37525830,12.205948,35.7274823,-78.6962747,35.34353963872628,-0.001,1
4454,-70.92901,4454,37525863,12.208302,35.7274823,-78.6962747,35.34353963872628,-0.001,1
4455,-70.92901,4455,37525896,12.210636,35.7274823,-78.6962747,35.34353963872628,-0.001,1
4456,-70.92901,4456,37525928,12.211636,35.7274823,-78.6962747,35.34353963872628,-0.001,1
4457,-70.92901,4457,37525961,12.212704,35.7274823,-78.6962747,35.34353963872628,-0.001,1
4458,-70.92901,4458,37525994,12.212971,35.7274823,-78.6962747,35.34353963872628,-0.001,1
4459,-70.92901,4459,37526027,12.213371,35.7274823,-78.6962747,35.34353963872628,-0.001,1
4460,-70.92901,4460,37526059,11.799572,35.7274823,-78.6962747,35.34353963872628,-0.001,1
4461,-70.92901,4461,37526092,12.350746,35.7274823,-78.6962747,35.34353963872628,-0.001,1
4462,-70.92901,4462,37526125,12.297199,35.7274823,-78.6962747,35.34353963872628,-0.001,1
4463,-70.92901,4463,37526160,12.265018,35.7274823,-78.6962747,35.34353963872628,-0.001,1
4464,-70.92901,4464,37526193,12.245552,35.7274823,-78.6962747,35.34353963872628,-0.001,1
4465,-70.92901,4465,37526225,12.232601,35.7274823,-78.6962747,35.34353963872628,-0.001,1
4466,-70.92901,4466,37526258,12.166779,35.7274823,-78.6962747,35.34353963872628,-0.001,1
4467,-70.92901,4467,37526291,12.072414,35.7274823,-78.6962747,35.34353963872628,-0.001,1
4468,-70.92901,4468,37526324,12.130024,35.7274823,-78.6962747,35.34353963872628,-0.001,1
4469,-70.92901,4469,37526356,12.160721,35.7274823,-78.6962747,35.34353963872628,-0.001,1
4470,-70.92901,4470,37526389,12.180603,35.7274823,-78.6962747,35.34353963872628,-0.001,1
4471,-70.92901,4471,37526422,12.194138,35.7274823,-78.6962747,35.34353963872628,-0.001,1
4472,-70.92901,4472,37526455,12.20163,35.7274823,-78.6962747,35.34353963872628,-0.001,1
4473,-70.92901,4473,37526487,12.204849,35.7274823,-78.6962747,35.34353963872628,-0.001,1
4474,-70.92901,4474,37526520,11.814178,35.7274823,-78.6962747,35.34353963872628,-0.001,1
4475,-70.92901,4475,37526553,12.383152,35.7274823,-78.6962747,35.34353963872628,-0.001,1
4476,-70.92901,4476,37526585,12.316597,35.7274823,-78.6962747,35.34353963872628,-0.001,1
4477,-70.92901,4477,37526618,12.275669,35.7274823,-78.6962747,35.34353963872628,-0.001,1
4478,-70.92901,4478,37526651,12.250004,35.7274823,-78.6962747,35.34353963872628,-0.001,1
4479,-70.92901,4479,37526684,11.874111,35.7274823,-78.6962747,35.34353963872628,-0.001,1
4480,-70.92901,4480,37526717,12.375557,35.7274823,-78.6962747,35.34353963872628,-0.001,1
4481,-70.92901,4481,37526749,12.154652,35.7274823,-78.6962747,35.34353963872628,-0.001,1
4482,-70.92901,4482,37526782,12.157928,35.7274823,-78.6962747,35.34353963872628,-0.001,1
4483,-70.92901,4483,37526815,11.77145,35.7274823,-78.6962747,35.34353963872628,-0.001,1
4484,-70.92901,4484,37526847,12.337105,35.7274823,-78.6962747,35.34353963872628,-0.001,1
4485,-70.92901,4485,37526880,12.236767,35.7274823,-78.6962747,35.34353963872628,-0.001,1
4486,-70.92901,4486,37526913,12.098263,35.7274823,-78.6962747,35.34353963872628,-0.001,1
4487,-70.92901,4487,37526946,12.143143,35.7274823,-78.6962747,35.34353963872628,-0.001,1
4488,-70.92901,4488,37526979,12.167324,35.7274823,-78.6962747,35.34353963872628,-0.001,1
4489,-70.92901,4489,37527011,12.133137,35.7274823,-78.6962747,35.34353963872628,-0.001,1
4490,-70.92901,4490,37527044,12.040115,35.7274823,-78.6962747,35.34353963872628,-0.001,1
4491,-70.92901,4491,37527077,12.10461,35.7274823,-78.6962747,35.34353963872628,-0.001,1
4492,-70.92901,4492,37527110,12.144028,35.7274823,-78.6962747,35.34353963872628,-0.001,1
4493,-70.92901,4493,37527142,12.1695175,35.7274823,-78.6962747,35.34353963872628,-0.001,1
4494,-70.92901,4494,37527175,12.18663,35.7274823,-78.6962747,35.34353963872628,-0.001,1
4495,-70.92901,4495,37527208,12.195255,35.7274823,-78.6962747,35.34353963872628,-0.001,1
4496,-70.92901,4496,37527241,12.201153,35.7274823,-78.6962747,35.34353963872628,-0.001,1
4497,-70.92901,4497,37527273,12.204327,35.7274823,-78.6962747,35.34353963872628,-0.001,1
4498,-70.92901,4498,37527306,12.207336,35.7274823,-78.6962747,35.34353963872628,-0.001,1
4499,-70.92901,4499,37527339,12.208565,35.7274823,-78.6962747,35.34353963872628,-0.001,1
4500,-70.92901,4500,37527372,12.209278,35.7274823,-78.6962747,35.34353963872628,-0.001,1
4501,-70.92901,4501,37527404,12.209396,35.7274823,-78.6962747,35.34353963872628,-0.001,1
4502,-70.92901,4502,37527437,12.210636,35.7274823,-78.6962747,35.34353963872628,-0.001,1
4503,-70.92901,4503,37527470,12.210396,35.7274823,-78.6962747,35.34353963872628,-0.001,1
4504,-70.92901,4504,37527503,12.210461,35.7274823,-78.6962747,35.34353963872628,-0.001,1
4505,-70.92901,4505,37527535,12.209904,35.7274823,-78.6962747,35.34353963872628,-0.001,1
4506,-70.92901,4506,37527568,12.21093,35.7274823,-78.6962747,35.34353963872628,-0.001,1
4507,-70.92901,4507,37527601,12.210506,35.7274823,-78.6962747,35.34353963872628,-0.001,1
4508,-70.92901,4508,37527633,12.210075,35.7274823,-78.6962747,35.34353963872628,-0.001,1
4509,-70.92901,4509,37527666,12.210323,35.7274823,-78.6962747,35.34353963872628,-0.001,1
4510,-70.92901,4510,37527699,12.211052,35.7274823,-78.6962747,35.34353963872628,-0.001,1
4511,-70.92901,4511,37527732,12.211182,35.7274823,-78.6962747,35.34353963872628,-0.001,1
4512,-70.92901,4512,37527765,12.210133,35.7274823,-78.6962747,35.34353963872628,-0.001,1
4513,-70.92901,4513,37527797,12.210529,35.7274823,-78.6962747,35.34353963872628,-0.001,1
4514,-70.92901,4514,37527830,12.210598,35.7274823,-78.6962747,35.34353963872628,-0.001,1
4515,-70.92901,4515,37527863,12.210896,35.7274823,-78.6962747,35.34353963872628,-0.001,1
4516,-70.92901,4516,37527896,12.210609,35.7274823,-78.6962747,35.34353963872628,-0.001,1
4517,-70.92901,4517,37527928,12.210602,35.7274823,-78.6962747,35.34353963872628,-0.001,1
4518,-70.92901,4518,37527961,12.210201,35.7274823,-78.6962747,35.34353963872628,-0.001,1
4519,-70.92901,4519,37527994,12.210632,35.7274823,-78.6962747,35.34353963872628,-0.001,1
4520,-70.92901,4520,37528027,12.21014,35.7274823,-78.6962747,35.34353963872628,-0.001,1
4521,-70.92901,4521,37528059,12.210041,35.7274823,-78.6962747,35.34353963872628,-0.001,1
4522,-70.92901,4522,37528092,12.2031555,35.7274823,-78.6962747,35.34353963872628,-0.001,1
4523,-70.92901,4523,37528125,11.863087,35.7274823,-78.6962747,35.34353963872628,-0.001,1
4524,-70.92901,4524,37528158,12.32148,35.7274823,-78.6962747,35.34353963872628,-0.001,1
4525,-70.92901,4525,37528190,12.278648,35.7274823,-78.6962747,35.34353963872628,-0.001,1
4526,-70.92901,4526,37528223,12.252087,35.7274823,-78.6962747,35.34353963872628,-0.001,1
4527,-70.92901,4527,37528258,12.235085,35.7274823,-78.6962747,35.34353963872628,-0.001,1
4528,-70.92901,4528,37528291,12.224251,35.7274823,-78.6962747,35.34353963872628,-0.001,1
4529,-70.92901,4529,37528323,12.047569,35.7274823,-78.6962747,35.34353963872628,-0.001,1
4530,-70.92901,4530,37528356,12.0960045,35.7274823,-78.6962747,35.34353963872628,-0.001,1
4531,-70.92901,4531,37528389,12.142696,35.7274823,-78.6962747,35.34353963872628,-0.001,1
4532,-70.92901,4532,37528422,12.16671,35.7274823,-78.6962747,35.34353963872628,-0.001,1
4533,-70.92901,4533,37528454,12.183704,35.7274823,-78.6962747,35.34353963872628,-0.001,1
4534,-70.92901,4534,37528487,12.193729,35.7274823,-78.6962747,35.34353963872628,-0.001,1
4535,-70.92901,4535,37528520,12.199959,35.7274823,-78.6962747,35.34353963872628,-0.001,1
4536,-70.92901,4536,37528553,12.203026,35.7274823,-78.6962747,35.34353963872628,-0.001,1
4537,-70.92901,4537,37528585,12.205925,35.7274823,-78.6962747,35.34353963872628,-0.001,1
4538,-70.92901,4538,37528618,12.207134,35.7274823,-78.6962747,35.34353963872628,-0.001,1
4539,-70.92901,4539,37528651,11.869392,35.7274823,-78.6962747,35.34353963872628,-0.001,1
4540,-70.92901,4540,37528684,12.36253,35.7274823,-78.6962747,35.34353963872628,-0.001,1
4541,-70.92901,4541,37528717,12.3035965,35.7274823,-78.6962747,35.34353963872628,-0.001,1
4542,-70.92901,4542,37528749,12.267384,35.7274823,-78.6962747,35.34353963872628,-0.001,1
4543,-70.92901,4543,37528782,12.244301,35.7274823,-78.6962747,35.34353963872628,-0.001,1
4544,-70.92901,4544,37528815,12.23008,35.7274823,-78.6962747,35.34353963872628,-0.001,1
4545,-70.92901,4545,37528847,12.208839,35.7274823,-78.6962747,35.34353963872628,-0.001,1
4546,-70.92901,4546,37528880,12.055119,35.7274823,-78.6962747,35.34353963872628,-0.001,1
4547,-70.92901,4547,37528913,12.110912,35.7274823,-78.6962747,35.34353963872628,-0.001,1
4548,-70.92901,4548,37528946,11.776974,35.7274823,-78.6962747,35.34353963872628,-0.001,1
4549,-70.92901,4549,37528978,11.969784,35.7274823,-78.6962747,35.34353963872628,-0.001,1
4550,-70.92901,4550,37529011,11.923725,35.7274823,-78.6962747,35.34353963872628,-0.001,1
4551,-70.92901,4551,37529044,12.462761,35.7274823,-78.6962747,35.34353963872628,-0.001,1
4552,-70.92901,4552,37529077,12.364693,35.7274823,-78.6962747,35.34353963872628,-0.001,1
4553,-70.92901,4553,37529109,12.305237,35.7274823,-78.6962747,35.34353963872628,-0.001,1
4554,-70.92901,4554,37529142,12.242046,35.7274823,-78.6962747,35.34353963872628,-0.001,1
4555,-70.92901,4555,37529175,11.931644,35.7274823,-78.6962747,35.34353963872628,-0.001,1
4556,-70.92901,4556,37529208,11.960316,35.7274823,-78.6962747,35.34353963872628,-0.001,1
4557,-70.92901,4557,37529241,11.9395485,35.7274823,-78.6962747,35.34353963872628,-0.001,1
4558,-70.92901,4558,37529273,12.040443,35.7274823,-78.6962747,35.34353963872628,-0.001,1
4559,-70.92901,4559,37529306,12.105392,35.7274823,-78.6962747,35.34353963872628,-0.001,1
4560,-70.92901,4560,37529339,12.145092,35.7274823,-78.6962747,35.34353963872628,-0.001,1
4561,-70.92901,4561,37529372,12.171371,35.7274823,-78.6962747,35.34353963872628,-0.001,1
4562,-70.92901,4562,37529404,12.185539,35.7274823,-78.6962747,35.34353963872628,-0.001,1
4563,-70.92901,4563,37529437,12.194115,35.7274823,-78.6962747,35.34353963872628,-0.001,1
4564,-70.92901,4564,37529470,12.200417,35.7274823,-78.6962747,35.34353963872628,-0.001,1
4565,-70.92901,4565,37529502,12.204906,35.7274823,-78.6962747,35.34353963872628,-0.001,1
4566,-70.92901,4566,37529535,11.842808,35.7274823,-78.6962747,35.34353963872628,-0.001,1
4567,-70.92901,4567,37529568,12.333626,35.7274823,-78.6962747,35.34353963872628,-0.001,1
4568,-70.92901,4568,37529601,11.8593445,35.7274823,-78.6962747,35.34353963872628,-0.001,1
4569,-70.92901,4569,37529634,12.408928,35.7274823,-78.6962747,35.34353963872628,-0.001,1
4570,-70.92901,4570,37529666,12.333267,35.7274823,-78.6962747,35.34353963872628,-0.001,1
4571,-70.92901,4571,37529699,12.285503,35.7274823,-78.6962747,35.34353963872628,-0.001,1
4572,-70.92901,4572,37529732,11.850868,35.7274823,-78.6962747,35.34353963872628,-0.001,1
4573,-70.92901,4573,37529765,12.232365,35.7274823,-78.6962747,35.34353963872628,-0.001,1
4574,-70.92901,4574,37529797,12.195877,35.7274823,-78.6962747,35.34353963872628,-0.001,1
4575,-70.92901,4575,37529830,11.810776,35.7274823,-78.6962747,35.34353963872628,-0.001,1
4576,-70.92901,4576,37529863,12.231468,35.7274823,-78.6962747,35.34353963872628,-0.001,1
4577,-70.92901,4577,37529895,12.223724,35.7274823,-78.6962747,35.34353963872628,-0.001,1
4578,-70.92901,4578,37529928,12.133804,35.7274823,-78.6962747,35.34353963872628,-0.001,1
4579,-70.92901,4579,37529961,12.082172,35.7274823,-78.6962747,35.34353963872628,-0.001,1
4580,-70.92901,4580,37529994,12.129456,35.7274823,-78.6962747,35.34353963872628,-0.001,1
4581,-70.92901,4581,37530027,12.029911,35.7274823,-78.6962747,35.34353963872628,-0.001,1
4582,-70.92901,4582,37530059,12.058743,35.7274823,-78.6962747,35.34353963872628,-0.001,1
4583,-70.92901,4583,37530092,12.119415,35.7274823,-78.6962747,35.34353963872628,-0.001,1
4584,-70.92901,4584,37530125,12.153923,35.7274823,-78.6962747,35.34353963872628,-0.001,1
4585,-70.92901,4585,37530158,12.176842,35.7274823,-78.6962747,35.34353963872628,-0.001,1
4586,-70.92901,4586,37530190,12.1910515,35.7274823,-78.6962747,35.34353963872628,-0.001,1
4587,-70.92901,4587,37530223,11.780472,35.7274823,-78.6962747,35.34353963872628,-0.001,1
4588,-70.92901,4588,37530256,11.940662,35.7274823,-78.6962747,35.34353963872628,-0.001,1
4589,-70.92901,4589,37530289,11.969543,35.7274823,-78.6962747,35.34353963872628,-0.001,1
4590,-70.92901,4590,37530321,12.0853195,35.7274823,-78.6962747,35.34353963872628,-0.001,1
4591,-70.92901,4591,37530356,12.5536,35.7274823,-78.6962747,35.34353963872628,-0.001,1
4592,-70.92901,4592,37530389,12.422737,35.7274823,-78.6962747,35.34353963872628,-0.001,1
4593,-70.92901,4593,37530422,12.313602,35.7274823,-78.6962747,35.34353963872628,-0.001,1
4594,-70.92901,4594,37530455,12.091492,35.7274823,-78.6962747,35.34353963872628,-0.001,1
4595,-70.92901,4595,37530487,11.943649,35.7274823,-78.6962747,35.34353963872628,-0.001,1
4596,-70.92901,4596,37530520,11.919357,35.7274823,-78.6962747,35.34353963872628,-0.001,1
4597,-70.92901,4597,37530553,11.868946,35.7274823,-78.6962747,35.34353963872628,-0.001,1
4598,-70.92901,4598,37530585,11.999573,35.7274823,-78.6962747,35.34353963872628,-0.001,1
4599,-70.92901,4599,37530618,12.07909,35.7274823,-78.6962747,35.34353963872628,-0.001,1
4600,-70.92901,4600,37530651,12.130878,35.7274823,-78.6962747,35.34353963872628,-0.001,1
4601,-70.92901,4601,37530684,11.850399,35.7274823,-78.6962747,35.34353963872628,-0.001,1
4602,-70.92901,4602,37530716,12.3011055,35.7274823,-78.6962747,35.34353963872628,-0.001,1
4603,-70.92901,4603,37530749,11.854443,35.7274823,-78.6962747,35.34353963872628,-0.001,1
4604,-70.92901,4604,37530782,12.380741,35.7274823,-78.6962747,35.34353963872628,-0.001,1
4605,-70.92901,4605,37530815,12.316597,35.7274823,-78.6962747,35.34353963872628,-0.001,1
4606,-70.92901,4606,37530847,12.276012,35.7274823,-78.6962747,35.34353963872628,-0.001,1
4607,-70.92901,4607,37530880,12.140106,35.7274823,-78.6962747,35.34353963872628,-0.001,1
4608,-70.92901,4608,37530913,12.110382,35.7274823,-78.6962747,35.34353963872628,-0.001,1
4609,-70.92901,4609,37530946,12.05938,35.7274823,-78.6962747,35.34353963872628,-0.001,1
4610,-70.92901,4610,37530978,12.027634,35.7274823,-78.6962747,35.34353963872628,-0.001,1
4611,-70.92901,4611,37531011,12.099041,35.7274823,-78.6962747,35.34353963872628,-0.001,1
4612,-70.92901,4612,37531044,12.143921,35.7274823,-78.6962747,35.34353963872628,-0.001,1
4613,-70.92901,4613,37531077,12.170155,35.7274823,-78.6962747,35.34353963872628,-0.001,1
4614,-70.92901,4614,37531109,12.186317,35.7274823,-78.6962747,35.34353963872628,-0.001,1
4615,-70.92901,4615,37531142,12.19614,35.7274823,-78.6962747,35.34353963872628,-0.001,1
4616,-70.92901,4616,37531175,12.202652,35.7274823,-78.6962747,35.34353963872628,-0.001,1
4617,-70.92901,4617,37531208,12.20644,35.7274823,-78.6962747,35.34353963872628,-0.001,1
4618,-70.92901,4618,37531240,12.209179,35.7274823,-78.6962747,35.34353963872628,-0.001,1
4619,-70.92901,4619,37531273,12.211098,35.7274823,-78.6962747,35.34353963872628,-0.001,1
4620,-70.92901,4620,37531306,12.211636,35.7274823,-78.6962747,35.34353963872628,-0.001,1
4621,-70.92901,4621,37531339,12.212112,35.7274823,-78.6962747,35.34353963872628,-0.001,1
4622,-70.92901,4622,37531372,12.21138,35.7274823,-78.6962747,35.34353963872628,-0.001,1
4623,-70.92901,4623,37531404,12.211964,35.7274823,-78.6962747,35.34353963872628,-0.001,1
4624,-70.92901,4624,37531437,12.212055,35.7274823,-78.6962747,35.34353963872628,-0.001,1
4625,-70.92901,4625,37531470,12.213142,35.7274823,-78.6962747,35.34353963872628,-0.001,1
4626,-70.92901,4626,37531502,12.213211,35.7274823,-78.6962747,35.34353963872628,-0.001,1
4627,-70.92901,4627,37531535,12.213734,35.7274823,-78.6962747,35.34353963872628,-0.001,1
4628,-70.92901,4628,37531568,12.214302,35.7274823,-78.6962747,35.34353963872628,-0.001,1
4629,-70.92901,4629,37531601,12.214664,35.7274823,-78.6962747,35.34353963872628,-0.001,1
4630,-70.92901,4630,37531633,12.214306,35.7274823,-78.6962747,35.34353963872628,-0.001,1
4631,-70.92901,4631,37531666,12.21558,35.7274823,-78.6962747,35.34353963872628,-0.001,1
4632,-70.92901,4632,37531699,12.215267,35.7274823,-78.6962747,35.34353963872628,-0.001,1
4633,-70.92901,4633,37531732,12.215702,35.7274823,-78.6962747,35.34353963872628,-0.001,1
4634,-70.92901,4634,37531764,12.214497,35.7274823,-78.6962747,35.34353963872628,-0.001,1
4635,-70.92901,4635,37531797,11.723427,35.7274823,-78.6962747,35.34353963872628,-0.001,1
4636,-70.92901,4636,37531830,12.358112,35.7274823,-78.6962747,35.34353963872628,-0.001,1
4637,-70.92901,4637,37531863,12.303371,35.7274823,-78.6962747,35.34353963872628,-0.001,1
4638,-70.92901,4638,37531896,12.268864,35.7274823,-78.6962747,35.34353963872628,-0.001,1
4639,-70.92901,4639,37531928,12.248322,35.7274823,-78.6962747,35.34353963872628,-0.001,1
4640,-70.92901,4640,37531961,12.235527,35.7274823,-78.6962747,35.34353963872628,-0.001,1
4641,-70.92901,4641,37531994,12.182709,35.7274823,-78.6962747,35.34353963872628,-0.001,1
4642,-70.92901,4642,37532026,12.071529,35.7274823,-78.6962747,35.34353963872628,-0.001,1
4643,-70.92901,4643,37532059,12.125603,35.7274823,-78.6962747,35.34353963872628,-0.001,1
4644,-70.92901,4644,37532092,12.160442,35.7274823,-78.6962747,35.34353963872628,-0.001,1
4645,-70.92901,4645,37532125,12.182999,35.7274823,-78.6962747,35.34353963872628,-0.001,1
4646,-70.92901,4646,37532158,12.194439,35.7274823,-78.6962747,35.34353963872628,-0.001,1
4647,-70.92901,4647,37532190,11.899593,35.7274823,-78.6962747,35.34353963872628,-0.001,1
4648,-70.92901,4648,37532223,12.0042305,35.7274823,-78.6962747,35.34353963872628,-0.001,1
4649,-70.92901,4649,37532256,12.429863,35.7274823,-78.6962747,35.34353963872628,-0.001,1
4650,-70.92901,4650,37532289,12.346298,35.7274823,-78.6962747,35.34353963872628,-0.001,1
4651,-70.92901,4651,37532321,12.295956,35.7274823,-78.6962747,35.34353963872628,-0.001,1
4652,-70.92901,4652,37532354,12.264725,35.7274823,-78.6962747,35.34353963872628,-0.001,1
4653,-70.92901,4653,37532387,12.091412,35.7274823,-78.6962747,35.34353963872628,-0.001,1
4654,-70.92901,4654,37532420,11.618969,35.7274823,-78.6962747,35.34353963872628,-0.001,1
4655,-70.92901,4655,37532454,11.779018,35.7274823,-78.6962747,35.34353963872628,-0.001,1
4656,-70.92901,4656,37532487,12.344288,35.7274823,-78.6962747,35.34353963872628,-0.001,1
4657,-70.92901,4657,37532520,12.295906,35.7274823,-78.6962747,35.34353963872628,-0.001,1
4658,-70.92901,4658,37532552,12.263882,35.7274823,-78.6962747,35.34353963872628,-0.001,1
4659,-70.92901,4659,37532585,11.962593,35.7274823,-78.6962747,35.34353963872628,-0.001,1
4660,-70.92901,4660,37532618,12.315907,35.7274823,-78.6962747,35.34353963872628,-0.001,1
4661,-70.92901,4661,37532651,12.132271,35.7274823,-78.6962747,35.34353963872628,-0.001,1
4662,-70.92901,4662,37532683,11.627781,35.7274823,-78.6962747,35.34353963872628,-0.001,1
4663,-70.92901,4663,37532716,11.735928,35.7274823,-78.6962747,35.34353963872628,-0.001,1
4664,-70.92901,4664,37532749,12.393494,35.7274823,-78.6962747,35.34353963872628,-0.001,1
4665,-70.92901,4665,37532782,12.16209,35.7274823,-78.6962747,35.34353963872628,-0.001,1
4666,-70.92901,4666,37532814,12.160629,35.7274823,-78.6962747,35.34353963872628,-0.001,1
4667,-70.92901,4667,37532847,11.865616,35.7274823,-78.6962747,35.34353963872628,-0.001,1
4668,-70.92901,4668,37532880,12.281921,35.7274823,-78.6962747,35.34353963872628,-0.001,1
4669,-70.92901,4669,37532913,12.106838,35.7274823,-78.6962747,35.34353963872628,-0.001,1
4670,-70.92901,4670,37532945,11.986282,35.7274823,-78.6962747,35.34353963872628,-0.001,1
4671,-70.92901,4671,37532978,12.065289,35.7274823,-78.6962747,35.34353963872628,-0.001,1
4672,-70.92901,4672,37533011,12.1234665,35.7274823,-78.6962747,35.34353963872628,-0.001,1
4673,-70.92901,4673,37533044,12.053585,35.7274823,-78.6962747,35.34353963872628,-0.001,1
4674,-70.92901,4674,37533076,11.715221,35.7274823,-78.6962747,35.34353963872628,-0.001,1
4675,-70.92901,4675,37533109,12.153286,35.7274823,-78.6962747,35.34353963872628,-0.001,1
4676,-70.92901,4676,37533142,12.262371,35.7274823,-78.6962747,35.34353963872628,-0.001,1
4677,-70.92901,4677,37533175,12.242924,35.7274823,-78.6962747,35.34353963872628,-0.001,1
4678,-70.92901,4678,37533207,12.231197,35.7274823,-78.6962747,35.34353963872628,-0.001,1
4679,-70.92901,4679,37533240,12.225388,35.7274823,-78.6962747,35.34353963872628,-0.001,1
4680,-70.92901,4680,37533273,12.221508,35.7274823,-78.6962747,35.34353963872628,-0.001,1
4681,-70.92901,4681,37533306,11.549465,35.7274823,-78.6962747,35.34353963872628,-0.001,1
4682,-70.92901,4682,37533339,12.266819,35.7274823,-78.6962747,35.34353963872628,-0.001,1
4683,-70.92901,4683,37533371,12.24807,35.7274823,-78.6962747,35.34353963872628,-0.001,1
4684,-70.92901,4684,37533404,12.233982,35.7274823,-78.6962747,35.34353963872628,-0.001,1
4685,-70.92901,4685,37533437,12.225792,35.7274823,-78.6962747,35.34353963872628,-0.001,1
4686,-70.92901,4686,37533470,12.2205925,35.7274823,-78.6962747,35.34353963872628,-0.001,1
4687,-70.92901,4687,37533502,12.196007,35.7274823,-78.6962747,35.34353963872628,-0.001,1
4688,-70.92901,4688,37533535,12.039753,35.7274823,-78.6962747,35.34353963872628,-0.001,1
4689,-70.92901,4689,37533568,12.105186,35.7274823,-78.6962747,35.34353963872628,-0.001,1
4690,-70.92901,4690,37533601,12.148796,35.7274823,-78.6962747,35.34353963872628,-0.001,1
4691,-70.92901,4691,37533633,12.173714,35.7274823,-78.6962747,35.34353963872628,-0.001,1
4692,-70.92901,4692,37533666,12.1916275,35.7274823,-78.6962747,35.34353963872628,-0.001,1
4693,-70.92901,4693,37533699,12.199638,35.7274823,-78.6962747,35.34353963872628,-0.001,1
4694,-70.92901,4694,37533732,12.205051,35.7274823,-78.6962747,35.34353963872628,-0.001,1
4695,-70.92901,4695,37533764,12.209255,35.7274823,-78.6962747,35.34353963872628,-0.001,1
4696,-70.92901,4696,37533797,11.4508095,35.7274823,-78.6962747,35.34353963872628,-0.001,1
4697,-70.92901,4697,37533830,12.472271,35.7274823,-78.6962747,35.34353963872628,-0.001,1
4698,-70.92901,4698,37533863,12.373238,35.7274823,-78.6962747,35.34353963872628,-0.001,1
4699,-70.92901,4699,37533895,12.313602,35.7274823,-78.6962747,35.34353963872628,-0.001,1
4700,-70.92901,4700,37533928,12.275822,35.7274823,-78.6962747,35.34353963872628,-0.001,1
4701,-70.92901,4701,37533961,12.253132,35.7274823,-78.6962747,35.34353963872628,-0.001,1
4702,-70.92901,4702,37533994,12.039921,35.7274823,-78.6962747,35.34353963872628,-0.001,1
4703,-70.92901,4703,37534026,11.950562,35.7274823,-78.6962747,35.34353963872628,-0.001,1
4704,-70.92901,4704,37534059,11.283325,35.7274823,-78.6962747,35.34353963872628,-0.001,1
4705,-70.92901,4705,37534092,12.433151,35.7274823,-78.6962747,35.34353963872628,-0.001,1
4706,-70.92901,4706,37534125,12.348755,35.7274823,-78.6962747,35.34353963872628,-0.001,1
4707,-70.92901,4707,37534157,12.298435,35.7274823,-78.6962747,35.34353963872628,-0.001,1
4708,-70.92901,4708,37534190,12.267155,35.7274823,-78.6962747,35.34353963872628,-0.001,1
4709,-70.92901,4709,37534223,12.247936,35.7274823,-78.6962747,35.34353963872628,-0.001,1
4710,-70.92901,4710,37534256,11.864143,35.7274823,-78.6962747,35.34353963872628,-0.001,1
4711,-70.92901,4711,37534288,12.0156555,35.7274823,-78.6962747,35.34353963872628,-0.001,1
4712,-70.92901,4712,37534321,12.089737,35.7274823,-78.6962747,35.34353963872628,-0.001,1
4713,-70.92901,4713,37534354,12.137375,35.7274823,-78.6962747,35.34353963872628,-0.001,1
4714,-70.92901,4714,37534387,12.167347,35.7274823,-78.6962747,35.34353963872628,-0.001,1
4715,-70.92901,4715,37534419,11.778168,35.7274823,-78.6962747,35.34353963872628,-0.001,1
4716,-70.92901,4716,37534452,12.18821,35.7274823,-78.6962747,35.34353963872628,-0.001,1
4717,-70.92901,4717,37534485,12.173985,35.7274823,-78.6962747,35.34353963872628,-0.001,1
4718,-70.92901,4718,37534518,12.190468,35.7274823,-78.6962747,35.34353963872628,-0.001,1
4719,-70.92901,4719,37534552,11.827236,35.7274823,-78.6962747,35.34353963872628,-0.001,1
4720,-70.92901,4720,37534585,12.355038,35.7274823,-78.6962747,35.34353963872628,-0.001,1
4721,-70.92901,4721,37534618,12.253323,35.7274823,-78.6962747,35.34353963872628,-0.001,1
4722,-70.92901,4722,37534651,12.104744,35.7274823,-78.6962747,35.34353963872628,-0.001,1
4723,-70.92901,4723,37534684,12.1482315,35.7274823,-78.6962747,35.34353963872628,-0.001,1
4724,-70.92901,4724,37534716,12.175179,35.7274823,-78.6962747,35.34353963872628,-0.001,1
4725,-70.92901,4725,37534749,12.128021,35.7274823,-78.6962747,35.34353963872628,-0.001,1
4726,-70.92901,4726,37534782,12.041218,35.7274823,-78.6962747,35.34353963872628,-0.001,1
4727,-70.92901,4727,37534814,12.111259,35.7274823,-78.6962747,35.34353963872628,-0.001,1
4728,-70.92901,4728,37534847,12.150742,35.7274823,-78.6962747,35.34353963872628,-0.001,1
4729,-70.92901,4729,37534880,12.175579,35.7274823,-78.6962747,35.34353963872628,-0.001,1
4730,-70.92901,4730,37534913,12.191334,35.7274823,-78.6962747,35.34353963872628,-0.001,1
4731,-70.92901,4731,37534945,12.201218,35.7274823,-78.6962747,35.34353963872628,-0.001,1
4732,-70.92901,4732,37534978,12.205688,35.7274823,-78.6962747,35.34353963872628,-0.001,1
4733,-70.92901,4733,37535011,12.209133,35.7274823,-78.6962747,35.34353963872628,-0.001,1
4734,-70.92901,4734,37535044,11.841625,35.7274823,-78.6962747,35.34353963872628,-0.001,1
4735,-70.92901,4735,37535076,11.547565,35.7274823,-78.6962747,35.34353963872628,-0.001,1
4736,-70.92901,4736,37535109,12.586174,35.7274823,-78.6962747,35.34353963872628,-0.001,1
4737,-70.92901,4737,37535142,12.124393,35.7274823,-78.6962747,35.34353963872628,-0.001,1
4738,-70.92901,4738,37535175,12.483921,35.7274823,-78.6962747,35.34353963872628,-0.001,1
4739,-70.92901,4739,37535208,12.3800125,35.7274823,-78.6962747,35.34353963872628,-0.001,1
4740,-70.92901,4740,37535240,12.265659,35.7274823,-78.6962747,35.34353963872628,-0.001,1
4741,-70.92901,4741,37535273,11.961075,35.7274823,-78.6962747,35.34353963872628,-0.001,1
4742,-70.92901,4742,37535306,11.521641,35.7274823,-78.6962747,35.34353963872628,-0.001,1
4743,-70.92901,4743,37535339,12.023045,35.7274823,-78.6962747,35.34353963872628,-0.001,1
4744,-70.92901,4744,37535371,11.738956,35.7274823,-78.6962747,35.34353963872628,-0.001,1
4745,-70.92901,4745,37535404,12.219738,35.7274823,-78.6962747,35.34353963872628,-0.001,1
4746,-70.92901,4746,37535437,12.219963,35.7274823,-78.6962747,35.34353963872628,-0.001,1
4747,-70.92901,4747,37535470,12.216557,35.7274823,-78.6962747,35.34353963872628,-0.001,1
4748,-70.92901,4748,37535502,12.072113,35.7274823,-78.6962747,35.34353963872628,-0.001,1
4749,-70.92901,4749,37535535,12.085327,35.7274823,-78.6962747,35.34353963872628,-0.001,1
4750,-70.92901,4750,37535568,12.067802,35.7274823,-78.6962747,35.34353963872628,-0.001,1
4751,-70.92901,4751,37535601,12.028099,35.7274823,-78.6962747,35.34353963872628,-0.001,1
4752,-70.92901,4752,37535633,12.098637,35.7274823,-78.6962747,35.34353963872628,-0.001,1
4753,-70.92901,4753,37535666,12.1430855,35.7274823,-78.6962747,35.34353963872628,-0.001,1
4754,-70.92901,4754,37535699,12.170544,35.7274823,-78.6962747,35.34353963872628,-0.001,1
4755,-70.92901,4755,37535732,12.188408,35.7274823,-78.6962747,35.34353963872628,-0.001,1
4756,-70.92901,4756,37535764,12.197071,35.7274823,-78.6962747,35.34353963872628,-0.001,1
4757,-70.92901,4757,37535797,12.203747,35.7274823,-78.6962747,35.34353963872628,-0.001,1
4758,-70.92901,4758,37535830,12.207733,35.7274823,-78.6962747,35.34353963872628,-0.001,1
4759,-70.92901,4759,37535863,12.210678,35.7274823,-78.6962747,35.34353963872628,-0.001,1
4760,-70.92901,4760,37535895,11.707535,35.7274823,-78.6962747,35.34353963872628,-0.001,1
4761,-70.92901,4761,37535928,12.381172,35.7274823,-78.6962747,35.34353963872628,-0.001,1
4762,-70.92901,4762,37535961,12.03867,35.7274823,-78.6962747,35.34353963872628,-0.001,1
4763,-70.92901,4763,37535994,12.408112,35.7274823,-78.6962747,35.34353963872628,-0.001,1
4764,-70.92901,4764,37536026,12.33313,35.7274823,-78.6962747,35.34353963872628,-0.001,1
4765,-70.92901,4765,37536059,12.287693,35.7274823,-78.6962747,35.34353963872628,-0.001,1
4766,-70.92901,4766,37536092,11.951786,35.7274823,-78.6962747,35.34353963872628,-0.001,1
4767,-70.92901,4767,37536125,12.18502,35.7274823,-78.6962747,35.34353963872628,-0.001,1
4768,-70.92901,4768,37536157,12.07906,35.7274823,-78.6962747,35.34353963872628,-0.001,1
4769,-70.92901,4769,37536190,12.06226,35.7274823,-78.6962747,35.34353963872628,-0.001,1
4770,-70.92901,4770,37536223,12.123997,35.7274823,-78.6962747,35.34353963872628,-0.001,1
4771,-70.92901,4771,37536256,12.155937,35.7274823,-78.6962747,35.34353963872628,-0.001,1
4772,-70.92901,4772,37536288,12.068226,35.7274823,-78.6962747,35.34353963872628,-0.001,1
4773,-70.92901,4773,37536321,12.060791,35.7274823,-78.6962747,35.34353963872628,-0.001,1
4774,-70.92901,4774,37536354,12.121056,35.7274823,-78.6962747,35.34353963872628,-0.001,1
4775,-70.92901,4775,37536387,12.156212,35.7274823,-78.6962747,35.34353963872628,-0.001,1
4776,-70.92901,4776,37536419,12.178444,35.7274823,-78.6962747,35.34353963872628,-0.001,1
4777,-70.92901,4777,37536452,12.192863,35.7274823,-78.6962747,35.34353963872628,-0.001,1
4778,-70.92901,4778,37536485,12.201038,35.7274823,-78.6962747,35.34353963872628,-0.001,1
4779,-70.92901,4779,37536518,12.205688,35.7274823,-78.6962747,35.34353963872628,-0.001,1
4780,-70.92901,4780,37536550,12.208324,35.7274823,-78.6962747,35.34353963872628,-0.001,1
4781,-70.92901,4781,37536583,11.387283,35.7274823,-78.6962747,35.34353963872628,-0.001,1
4782,-70.92901,4782,37536616,12.496674,35.7274823,-78.6962747,35.34353963872628,-0.001,1
4783,-70.92901,4783,37536651,12.080559,35.7274823,-78.6962747,35.34353963872628,-0.001,1
4784,-70.92901,4784,37536683,12.443073,35.7274823,-78.6962747,35.34353963872628,-0.001,1
4785,-70.92901,4785,37536716,12.35461,35.7274823,-78.6962747,35.34353963872628,-0.001,1
4786,-70.92901,4786,37536749,12.3005295,35.7274823,-78.6962747,35.34353963872628,-0.001,1
4787,-70.92901,4787,37536782,12.106503,35.7274823,-78.6962747,35.34353963872628,-0.001,1
4788,-70.92901,4788,37536814,11.967224,35.7274823,-78.6962747,35.34353963872628,-0.001,1
4789,-70.92901,4789,37536847,11.911259,35.7274823,-78.6962747,35.34353963872628,-0.001,1
4790,-70.92901,4790,37536880,11.974941,35.7274823,-78.6962747,35.34353963872628,-0.001,1
4791,-70.92901,4791,37536913,12.06559,35.7274823,-78.6962747,35.34353963872628,-0.001,1
4792,-70.92901,4792,37536945,12.123058,35.7274823,-78.6962747,35.34353963872628,-0.001,1
4793,-70.92901,4793,37536978,12.156689,35.7274823,-78.6962747,35.34353963872628,-0.001,1
4794,-70.92901,4794,37537011,11.788944,35.7274823,-78.6962747,35.34353963872628,-0.001,1
4795,-70.92901,4795,37537044,12.347889,35.7274823,-78.6962747,35.34353963872628,-0.001,1
4796,-70.92901,4796,37537076,12.031525,35.7274823,-78.6962747,35.34353963872628,-0.001,1
4797,-70.92901,4797,37537109,12.376049,35.7274823,-78.6962747,35.34353963872628,-0.001,1
4798,-70.92901,4798,37537142,12.312698,35.7274823,-78.6962747,35.34353963872628,-0.001,1
4799,-70.92901,4799,37537174,12.272453,35.7274823,-78.6962747,35.34353963872628,-0.001,1
4800,-70.92901,4800,37537207,12.015385,35.7274823,-78.6962747,35.34353963872628,-0.001,1
4801,-70.92901,4801,37537240,11.964958,35.7274823,-78.6962747,35.34353963872628,-0.001,1
4802,-70.92901,4802,37537273,12.087761,35.7274823,-78.6962747,35.34353963872628,-0.001,1
4803,-70.92901,4803,37537306,12.103127,35.7274823,-78.6962747,35.34353963872628,-0.001,1
4804,-70.92901,4804,37537338,12.143116,35.7274823,-78.6962747,35.34353963872628,-0.001,1
4805,-70.92901,4805,37537371,12.168278,35.7274823,-78.6962747,35.34353963872628,-0.001,1
4806,-70.92901,4806,37537404,12.184284,35.7274823,-78.6962747,35.34353963872628,-0.001,1
4807,-70.92901,4807,37537437,12.033657,35.7274823,-78.6962747,35.34353963872628,-0.001,1
4808,-70.92901,4808,37537469,12.081184,35.7274823,-78.6962747,35.34353963872628,-0.001,1
4809,-70.92901,4809,37537502,12.1311035,35.7274823,-78.6962747,35.34353963872628,-0.001,1
4810,-70.92901,4810,37537535,12.161552,35.7274823,-78.6962747,35.34353963872628,-0.001,1
4811,-70.92901,4811,37537568,11.836475,35.7274823,-78.6962747,35.34353963872628,-0.001,1
4812,-70.92901,4812,37537600,12.026802,35.7274823,-78.6962747,35.34353963872628,-0.001,1
4813,-70.92901,4813,37537633,12.396702,35.7274823,-78.6962747,35.34353963872628,-0.001,1
4814,-70.92901,4814,37537666,12.324139,35.7274823,-78.6962747,35.34353963872628,-0.001,1
4815,-70.92901,4815,37537699,12.279129,35.7274823,-78.6962747,35.34353963872628,-0.001,1
4816,-70.92901,4816,37537731,12.251823,35.7274823,-78.6962747,35.34353963872628,-0.001,1
4817,-70.92901,4817,37537764,12.164688,35.7274823,-78.6962747,35.34353963872628,-0.001,1
4818,-70.92901,4818,37537797,11.928318,35.7274823,-78.6962747,35.34353963872628,-0.001,1
4819,-70.92901,4819,37537830,12.00528,35.7274823,-78.6962747,35.34353963872628,-0.001,1
4820,-70.92901,4820,37537862,12.083527,35.7274823,-78.6962747,35.34353963872628,-0.001,1
4821,-70.92901,4821,37537895,12.134331,35.7274823,-78.6962747,35.34353963872628,-0.001,1
4822,-70.92901,4822,37537928,12.1623955,35.7274823,-78.6962747,35.34353963872628,-0.001,1
4823,-70.92901,4823,37537961,12.179737,35.7274823,-78.6962747,35.34353963872628,-0.001,1
4824,-70.92901,4824,37537993,11.737007,35.7274823,-78.6962747,35.34353963872628,-0.001,1
4825,-70.92901,4825,37538026,12.339104,35.7274823,-78.6962747,35.34353963872628,-0.001,1
4826,-70.92901,4826,37538059,11.930599,35.7274823,-78.6962747,35.34353963872628,-0.001,1
4827,-70.92901,4827,37538092,12.389252,35.7274823,-78.6962747,35.34353963872628,-0.001,1
4828,-70.92901,4828,37538124,12.319439,35.7274823,-78.6962747,35.34353963872628,-0.001,1
4829,-70.92901,4829,37538157,12.277309,35.7274823,-78.6962747,35.34353963872628,-0.001,1
4830,-70.92901,4830,37538190,12.20422,35.7274823,-78.6962747,35.34353963872628,-0.001,1
4831,-70.92901,4831,37538223,11.72884,35.7274823,-78.6962747,35.34353963872628,-0.001,1
4832,-70.92901,4832,37538255,12.194687,35.7274823,-78.6962747,35.34353963872628,-0.001,1
4833,-70.92901,4833,37538288,12.104038,35.7274823,-78.6962747,35.34353963872628,-0.001,1
4834,-70.92901,4834,37538321,12.141125,35.7274823,-78.6962747,35.34353963872628,-0.001,1
4835,-70.92901,4835,37538354,12.166977,35.7274823,-78.6962747,35.34353963872628,-0.001,1
4836,-70.92901,4836,37538386,12.184799,35.7274823,-78.6962747,35.34353963872628,-0.001,1
4837,-70.92901,4837,37538419,12.105667,35.7274823,-78.6962747,35.34353963872628,-0.001,1
4838,-70.92901,4838,37538452,12.056606,35.7274823,-78.6962747,35.34353963872628,-0.001,1
4839,-70.92901,4839,37538485,12.115749,35.7274823,-78.6962747,35.34353963872628,-0.001,1
4840,-70.92901,4840,37538517,12.153629,35.7274823,-78.6962747,35.34353963872628,-0.001,1
4841,-70.92901,4841,37538550,12.174473,35.7274823,-78.6962747,35.34353963872628,-0.001,1
4842,-70.92901,4842,37538583,12.187649,35.7274823,-78.6962747,35.34353963872628,-0.001,1
4843,-70.92901,4843,37538616,12.196133,35.7274823,-78.6962747,35.34353963872628,-0.001,1
4844,-70.92901,4844,37538648,12.201878,35.7274823,-78.6962747,35.34353963872628,-0.001,1
4845,-70.92901,4845,37538681,12.204708,35.7274823,-78.6962747,35.34353963872628,-0.001,1
4846,-70.92901,4846,37538714,11.86776,35.7274823,-78.6962747,35.34353963872628,-0.001,1
4847,-70.92901,4847,37538749,12.339024,35.7274823,-78.6962747,35.34353963872628,-0.001,1
4848,-70.92901,4848,37538781,11.937275,35.7274823,-78.6962747,35.34353963872628,-0.001,1
4849,-70.92901,4849,37538814,12.430923,35.7274823,-78.6962747,35.34353963872628,-0.001,1
4850,-70.92901,4850,37538847,12.345245,35.7274823,-78.6962747,35.34353963872628,-0.001,1
4851,-70.92901,4851,37538880,12.292778,35.7274823,-78.6962747,35.34353963872628,-0.001,1
4852,-70.92901,4852,37538913,12.187069,35.7274823,-78.6962747,35.34353963872628,-0.001,1
4853,-70.92901,4853,37538945,12.099133,35.7274823,-78.6962747,35.34353963872628,-0.001,1
4854,-70.92901,4854,37538978,12.143562,35.7274823,-78.6962747,35.34353963872628,-0.001,1
4855,-70.92901,4855,37539011,11.995106,35.7274823,-78.6962747,35.34353963872628,-0.001,1
4856,-70.92901,4856,37539044,12.07029,35.7274823,-78.6962747,35.34353963872628,-0.001,1
4857,-70.92901,4857,37539076,12.124058,35.7274823,-78.6962747,35.34353963872628,-0.001,1
4858,-70.92901,4858,37539109,12.157383,35.7274823,-78.6962747,35.34353963872628,-0.001,1
4859,-70.92901,4859,37539142,11.792831,35.7274823,-78.6962747,35.34353963872628,-0.001,1
4860,-70.92901,4860,37539175,12.343014,35.7274823,-78.6962747,35.34353963872628,-0.001,1
4861,-70.92901,4861,37539207,12.292244,35.7274823,-78.6962747,35.34353963872628,-0.001,1
4862,-70.92901,4862,37539240,12.260529,35.7274823,-78.6962747,35.34353963872628,-0.001,1
4863,-70.92901,4863,37539273,12.240501,35.7274823,-78.6962747,35.34353963872628,-0.001,1
4864,-70.92901,4864,37539305,11.784546,35.7274823,-78.6962747,35.34353963872628,-0.001,1
4865,-70.92901,4865,37539338,12.316341,35.7274823,-78.6962747,35.34353963872628,-0.001,1
4866,-70.92901,4866,37539371,11.784279,35.7274823,-78.6962747,35.34353963872628,-0.001,1
4867,-70.92901,4867,37539404,12.2962,35.7274823,-78.6962747,35.34353963872628,-0.001,1
4868,-70.92901,4868,37539436,12.263607,35.7274823,-78.6962747,35.34353963872628,-0.001,1
4869,-70.92901,4869,37539469,12.243984,35.7274823,-78.6962747,35.34353963872628,-0.001,1
4870,-70.92901,4870,37539502,12.178841,35.7274823,-78.6962747,35.34353963872628,-0.001,1
4871,-70.92901,4871,37539535,12.07486,35.7274823,-78.6962747,35.34353963872628,-0.001,1
4872,-70.92901,4872,37539567,12.052063,35.7274823,-78.6962747,35.34353963872628,-0.001,1
4873,-70.92901,4873,37539600,12.023087,35.7274823,-78.6962747,35.34353963872628,-0.001,1
4874,-70.92901,4874,37539633,12.090889,35.7274823,-78.6962747,35.34353963872628,-0.001,1
4875,-70.92901,4875,37539666,11.680771,35.7274823,-78.6962747,35.34353963872628,-0.001,1
4876,-70.92901,4876,37539699,12.310051,35.7274823,-78.6962747,35.34353963872628,-0.001,1
4877,-70.92901,4877,37539731,11.916824,35.7274823,-78.6962747,35.34353963872628,-0.001,1
4878,-70.92901,4878,37539764,12.372036,35.7274823,-78.6962747,35.34353963872628,-0.001,1
4879,-70.92901,4879,37539797,12.310051,35.7274823,-78.6962747,35.34353963872628,-0.001,1
4880,-70.92901,4880,37539830,12.271576,35.7274823,-78.6962747,35.34353963872628,-0.001,1
4881,-70.92901,4881,37539862,12.2050705,35.7274823,-78.6962747,35.34353963872628,-0.001,1
4882,-70.92901,4882,37539895,12.075645,35.7274823,-78.6962747,35.34353963872628,-0.001,1
4883,-70.92901,4883,37539928,11.632179,35.7274823,-78.6962747,35.34353963872628,-0.001,1
4884,-70.92901,4884,37539961,11.767082,35.7274823,-78.6962747,35.34353963872628,-0.001,1
4885,-70.92901,4885,37539993,12.340332,35.7274823,-78.6962747,35.34353963872628,-0.001,1
4886,-70.92901,4886,37540026,12.289116,35.7274823,-78.6962747,35.34353963872628,-0.001,1
4887,-70.92901,4887,37540059,12.258972,35.7274823,-78.6962747,35.34353963872628,-0.001,1
4888,-70.92901,4888,37540092,12.239983,35.7274823,-78.6962747,35.34353963872628,-0.001,1
4889,-70.92901,4889,37540124,12.227135,35.7274823,-78.6962747,35.34353963872628,-0.001,1
4890,-70.92901,4890,37540157,12.003517,35.7274823,-78.6962747,35.34353963872628,-0.001,1
4891,-70.92901,4891,37540190,11.955471,35.7274823,-78.6962747,35.34353963872628,-0.001,1
4892,-70.92901,4892,37540223,12.0547905,35.7274823,-78.6962747,35.34353963872628,-0.001,1
4893,-70.92901,4893,37540255,12.113232,35.7274823,-78.6962747,35.34353963872628,-0.001,1
4894,-70.92901,4894,37540288,11.706955,35.7274823,-78.6962747,35.34353963872628,-0.001,1
4895,-70.92901,4895,37540321,12.333351,35.7274823,-78.6962747,35.34353963872628,-0.001,1
4896,-70.92901,4896,37540354,12.2859535,35.7274823,-78.6962747,35.34353963872628,-0.001,1
4897,-70.92901,4897,37540386,12.2559395,35.7274823,-78.6962747,35.34353963872628,-0.001,1
4898,-70.92901,4898,37540419,12.237923,35.7274823,-78.6962747,35.34353963872628,-0.001,1
4899,-70.92901,4899,37540452,12.227627,35.7274823,-78.6962747,35.34353963872628,-0.001,1
4900,-70.92901,4900,37540485,12.187756,35.7274823,-78.6962747,35.34353963872628,-0.001,1
4901,-70.92901,4901,37540517,12.045425,35.7274823,-78.6962747,35.34353963872628,-0.001,1
4902,-70.92901,4902,37540550,12.109497,35.7274823,-78.6962747,35.34353963872628,-0.001,1
4903,-70.92901,4903,37540583,12.150276,35.7274823,-78.6962747,35.34353963872628,-0.001,1
4904,-70.92901,4904,37540616,12.173611,35.7274823,-78.6962747,35.34353963872628,-0.001,1
4905,-70.92901,4905,37540648,11.8451805,35.7274823,-78.6962747,35.34353963872628,-0.001,1
4906,-70.92901,4906,37540681,12.346348,35.7274823,-78.6962747,35.34353963872628,-0.001,1
4907,-70.92901,4907,37540714,12.2945595,35.7274823,-78.6962747,35.34353963872628,-0.001,1
4908,-70.92901,4908,37540747,12.262077,35.7274823,-78.6962747,35.34353963872628,-0.001,1
4909,-70.92901,4909,37540779,12.241039,35.7274823,-78.6962747,35.34353963872628,-0.001,1
4910,-70.92901,4910,37540812,12.229614,35.7274823,-78.6962747,35.34353963872628,-0.001,1
4911,-70.92901,4911,37540847,12.205303,35.7274823,-78.6962747,35.34353963872628,-0.001,1
4912,-70.92901,4912,37540880,11.574268,35.7274823,-78.6962747,35.34353963872628,-0.001,1
4913,-70.92901,4913,37540913,12.258259,35.7274823,-78.6962747,35.34353963872628,-0.001,1
4914,-70.92901,4914,37540945,12.242401,35.7274823,-78.6962747,35.34353963872628,-0.001,1
4915,-70.92901,4915,37540978,11.795582,35.7274823,-78.6962747,35.34353963872628,-0.001,1
4916,-70.92901,4916,37541011,11.951172,35.7274823,-78.6962747,35.34353963872628,-0.001,1
4917,-70.92901,4917,37541043,12.465385,35.7274823,-78.6962747,35.34353963872628,-0.001,1
4918,-70.92901,4918,37541076,12.298634,35.7274823,-78.6962747,35.34353963872628,-0.001,1
4919,-70.92901,4919,37541109,12.155483,35.7274823,-78.6962747,35.34353963872628,-0.001,1
4920,-70.92901,4920,37541142,11.917397,35.7274823,-78.6962747,35.34353963872628,-0.001,1
4921,-70.92901,4921,37541175,12.319462,35.7274823,-78.6962747,35.34353963872628,-0.001,1
4922,-70.92901,4922,37541207,12.036606,35.7274823,-78.6962747,35.34353963872628,-0.001,1
4923,-70.92901,4923,37541240,11.986862,35.7274823,-78.6962747,35.34353963872628,-0.001,1
4924,-70.92901,4924,37541273,12.072773,35.7274823,-78.6962747,35.34353963872628,-0.001,1
4925,-70.92901,4925,37541306,12.129532,35.7274823,-78.6962747,35.34353963872628,-0.001,1
4926,-70.92901,4926,37541338,12.05629,35.7274823,-78.6962747,35.34353963872628,-0.001,1
4927,-70.92901,4927,37541371,12.042469,35.7274823,-78.6962747,35.34353963872628,-0.001,1
4928,-70.92901,4928,37541404,12.1097145,35.7274823,-78.6962747,35.34353963872628,-0.001,1
4929,-70.92901,4929,37541437,11.787807,35.7274823,-78.6962747,35.34353963872628,-0.001,1
4930,-70.92901,4930,37541469,12.322987,35.7274823,-78.6962747,35.34353963872628,-0.001,1
4931,-70.92901,4931,37541502,12.280342,35.7274823,-78.6962747,35.34353963872628,-0.001,1
4932,-70.92901,4932,37541535,12.254719,35.7274823,-78.6962747,35.34353963872628,-0.001,1
4933,-70.92901,4933,37541568,12.237164,35.7274823,-78.6962747,35.34353963872628,-0.001,1
4934,-70.92901,4934,37541600,12.227547,35.7274823,-78.6962747,35.34353963872628,-0.001,1
4935,-70.92901,4935,37541633,12.202724,35.7274823,-78.6962747,35.34353963872628,-0.001,1
4936,-70.92901,4936,37541666,12.061848,35.7274823,-78.6962747,35.34353963872628,-0.001,1
4937,-70.92901,4937,37541698,12.1161995,35.7274823,-78.6962747,35.34353963872628,-0.001,1
4938,-70.92901,4938,37541731,12.153313,35.7274823,-78.6962747,35.34353963872628,-0.001,1
4939,-70.92901,4939,37541764,12.176216,35.7274823,-78.6962747,35.34353963872628,-0.001,1
4940,-70.92901,4940,37541797,12.191082,35.7274823,-78.6962747,35.34353963872628,-0.001,1
4941,-70.92901,4941,37541830,12.198456,35.7274823,-78.6962747,35.34353963872628,-0.001,1
4942,-70.92901,4942,37541862,12.203701,35.7274823,-78.6962747,35.34353963872628,-0.001,1
4943,-70.92901,4943,37541895,12.206924,35.7274823,-78.6962747,35.34353963872628,-0.001,1
4944,-70.92901,4944,37541928,12.208561,35.7274823,-78.6962747,35.34353963872628,-0.001,1
4945,-70.92901,4945,37541961,11.781792,35.7274823,-78.6962747,35.34353963872628,-0.001,1
4946,-70.92901,4946,37541993,12.3473015,35.7274823,-78.6962747,35.34353963872628,-0.001,1
4947,-70.92901,4947,37542026,12.294865,35.7274823,-78.6962747,35.34353963872628,-0.001,1
4948,-70.92901,4948,37542059,12.262337,35.7274823,-78.6962747,35.34353963872628,-0.001,1
4949,-70.92901,4949,37542092,12.242096,35.7274823,-78.6962747,35.34353963872628,-0.001,1
4950,-70.92901,4950,37542124,12.230217,35.7274823,-78.6962747,35.34353963872628,-0.001,1
4951,-70.92901,4951,37542157,11.721096,35.7274823,-78.6962747,35.34353963872628,-0.001,1
4952,-70.92901,4952,37542190,12.215664,35.7274823,-78.6962747,35.34353963872628,-0.001,1
4953,-70.92901,4953,37542222,12.2140045,35.7274823,-78.6962747,35.34353963872628,-0.001,1
4954,-70.92901,4954,37542255,11.738102,35.7274823,-78.6962747,35.34353963872628,-0.001,1
4955,-70.92901,4955,37542288,12.355385,35.7274823,-78.6962747,35.34353963872628,-0.001,1
4956,-70.92901,4956,37542321,12.299286,35.7274823,-78.6962747,35.34353963872628,-0.001,1
4957,-70.92901,4957,37542354,12.110451,35.7274823,-78.6962747,35.34353963872628,-0.001,1
4958,-70.92901,4958,37542386,11.804096,35.7274823,-78.6962747,35.34353963872628,-0.001,1
4959,-70.92901,4959,37542419,12.003075,35.7274823,-78.6962747,35.34353963872628,-0.001,1
4960,-70.92901,4960,37542452,12.361191,35.7274823,-78.6962747,35.34353963872628,-0.001,1
4961,-70.92901,4961,37542485,11.76049,35.7274823,-78.6962747,35.34353963872628,-0.001,1
4962,-70.92901,4962,37542517,12.340752,35.7274823,-78.6962747,35.34353963872628,-0.001,1
4963,-70.92901,4963,37542550,12.227497,35.7274823,-78.6962747,35.34353963872628,-0.001,1
4964,-70.92901,4964,37542583,12.158688,35.7274823,-78.6962747,35.34353963872628,-0.001,1
4965,-70.92901,4965,37542616,11.592079,35.7274823,-78.6962747,35.34353963872628,-0.001,1
4966,-70.92901,4966,37542648,12.130707,35.7274823,-78.6962747,35.34353963872628,-0.001,1
4967,-70.92901,4967,37542681,12.122692,35.7274823,-78.6962747,35.34353963872628,-0.001,1
4968,-70.92901,4968,37542714,12.019608,35.7274823,-78.6962747,35.34353963872628,-0.001,1
4969,-70.92901,4969,37542747,12.095802,35.7274823,-78.6962747,35.34353963872628,-0.001,1
4970,-70.92901,4970,37542779,12.141033,35.7274823,-78.6962747,35.34353963872628,-0.001,1
4971,-70.92901,4971,37542812,12.130886,35.7274823,-78.6962747,35.34353963872628,-0.001,1
4972,-70.92901,4972,37542845,12.017994,35.7274823,-78.6962747,35.34353963872628,-0.001,1
4973,-70.92901,4973,37542878,12.095573,35.7274823,-78.6962747,35.34353963872628,-0.001,1
4974,-70.92901,4974,37542910,12.139896,35.7274823,-78.6962747,35.34353963872628,-0.001,1
4975,-70.92901,4975,37542945,12.166565,35.7274823,-78.6962747,35.34353963872628,-0.001,1
4976,-70.92901,4976,37542978,12.181477,35.7274823,-78.6962747,35.34353963872628,-0.001,1
4977,-70.92901,4977,37543011,12.193752,35.7274823,-78.6962747,35.34353963872628,-0.001,1
4978,-70.92901,4978,37543043,12.200832,35.7274823,-78.6962747,35.34353963872628,-0.001,1
4979,-70.92901,4979,37543076,12.204815,35.7274823,-78.6962747,35.34353963872628,-0.001,1
4980,-70.92901,4980,37543109,12.207401,35.7274823,-78.6962747,35.34353963872628,-0.001,1
4981,-70.92901,4981,37543142,12.209053,35.7274823,-78.6962747,35.34353963872628,-0.001,1
4982,-70.92901,4982,37543174,12.209587,35.7274823,-78.6962747,35.34353963872628,-0.001,1
4983,-70.92901,4983,37543207,12.209061,35.7274823,-78.6962747,35.34353963872628,-0.001,1
4984,-70.92901,4984,37543240,12.208668,35.7274823,-78.6962747,35.34353963872628,-0.001,1
4985,-70.92901,4985,37543273,11.817554,35.7274823,-78.6962747,35.34353963872628,-0.001,1
4986,-70.92901,4986,37543305,12.3826065,35.7274823,-78.6962747,35.34353963872628,-0.001,1
4987,-70.92901,4987,37543338,12.31543,35.7274823,-78.6962747,35.34353963872628,-0.001,1
4988,-70.92901,4988,37543371,12.273758,35.7274823,-78.6962747,35.34353963872628,-0.001,1
4989,-70.92901,4989,37543404,12.248867,35.7274823,-78.6962747,35.34353963872628,-0.001,1
4990,-70.92901,4990,37543437,12.233238,35.7274823,-78.6962747,35.34353963872628,-0.001,1
4991,-70.92901,4991,37543469,12.223564,35.7274823,-78.6962747,35.34353963872628,-0.001,1
4992,-70.92901,4992,37543502,12.063496,35.7274823,-78.6962747,35.34353963872628,-0.001,1
4993,-70.92901,4993,37543535,12.099468,35.7274823,-78.6962747,35.34353963872628,-0.001,1
4994,-70.92901,4994,37543567,12.141811,35.7274823,-78.6962747,35.34353963872628,-0.001,1
4995,-70.92901,4995,37543600,12.167477,35.7274823,-78.6962747,35.34353963872628,-0.001,1
4996,-70.92901,4996,37543633,11.757343,35.7274823,-78.6962747,35.34353963872628,-0.001,1
4997,-70.92901,4997,37543666,12.331181,35.7274823,-78.6962747,35.34353963872628,-0.001,1
4998,-70.92901,4998,37543698,12.283855,35.7274823,-78.6962747,35.34353963872628,-0.001,1
4999,-70.92901,4999,37543731,12.254253,35.7274823,-78.6962747,35.34353963872628,-0.001,1
5000,-70.92901,5000,37543764,12.2365265,35.7274823,-78.6962747,35.34353963872628,-0.001,1
5001,-70.92901,5001,37543797,12.225819,35.7274823,-78.6962747,35.34353963872628,-0.001,1
5002,-70.92901,5002,37543829,12.133751,35.7274823,-78.6962747,35.34353963872628,-0.001,1
5003,-70.92901,5003,37543862,12.002743,35.7274823,-78.6962747,35.34353963872628,-0.001,1
5004,-70.92901,5004,37543895,11.808994,35.7274823,-78.6962747,35.34353963872628,-0.001,1
5005,-70.92901,5005,37543928,12.267101,35.7274823,-78.6962747,35.34353963872628,-0.001,1
5006,-70.92901,5006,37543961,12.24461,35.7274823,-78.6962747,35.34353963872628,-0.001,1
5007,-70.92901,5007,37543993,12.230999,35.7274823,-78.6962747,35.34353963872628,-0.001,1
5008,-70.92901,5008,37544026,12.22253,35.7274823,-78.6962747,35.34353963872628,-0.001,1
5009,-70.92901,5009,37544059,12.21711,35.7274823,-78.6962747,35.34353963872628,-0.001,1
5010,-70.92901,5010,37544091,12.07745,35.7274823,-78.6962747,35.34353963872628,-0.001,1
5011,-70.92901,5011,37544124,11.767975,35.7274823,-78.6962747,35.34353963872628,-0.001,1
5012,-70.92901,5012,37544157,12.290607,35.7274823,-78.6962747,35.34353963872628,-0.001,1
5013,-70.92901,5013,37544190,12.258858,35.7274823,-78.6962747,35.34353963872628,-0.001,1
5014,-70.92901,5014,37544223,12.239925,35.7274823,-78.6962747,35.34353963872628,-0.001,1
5015,-70.92901,5015,37544255,12.227272,35.7274823,-78.6962747,35.34353963872628,-0.001,1
5016,-70.92901,5016,37544288,12.220245,35.7274823,-78.6962747,35.34353963872628,-0.001,1
5017,-70.92901,5017,37544321,11.945595,35.7274823,-78.6962747,35.34353963872628,-0.001,1
5018,-70.92901,5018,37544353,12.1642685,35.7274823,-78.6962747,35.34353963872628,-0.001,1
5019,-70.92901,5019,37544386,12.179626,35.7274823,-78.6962747,35.34353963872628,-0.001,1
5020,-70.92901,5020,37544419,12.190495,35.7274823,-78.6962747,35.34353963872628,-0.001,1
5021,-70.92901,5021,37544452,11.853859,35.7274823,-78.6962747,35.34353963872628,-0.001,1
5022,-70.92901,5022,37544484,12.324535,35.7274823,-78.6962747,35.34353963872628,-0.001,1
5023,-70.92901,5023,37544517,12.111565,35.7274823,-78.6962747,35.34353963872628,-0.001,1
5024,-70.92901,5024,37544550,12.12886,35.7274823,-78.6962747,35.34353963872628,-0.001,1
5025,-70.92901,5025,37544583,12.160976,35.7274823,-78.6962747,35.34353963872628,-0.001,1
5026,-70.92901,5026,37544615,12.17902,35.7274823,-78.6962747,35.34353963872628,-0.001,1
5027,-70.92901,5027,37544648,12.081909,35.7274823,-78.6962747,35.34353963872628,-0.001,1
5028,-70.92901,5028,37544681,12.066101,35.7274823,-78.6962747,35.34353963872628,-0.001,1
5029,-70.92901,5029,37544714,12.124138,35.7274823,-78.6962747,35.34353963872628,-0.001,1
5030,-70.92901,5030,37544746,11.782269,35.7274823,-78.6962747,35.34353963872628,-0.001,1
5031,-70.92901,5031,37544779,12.3088,35.7274823,-78.6962747,35.34353963872628,-0.001,1
5032,-70.92901,5032,37544812,12.270615,35.7274823,-78.6962747,35.34353963872628,-0.001,1
5033,-70.92901,5033,37544845,11.837341,35.7274823,-78.6962747,35.34353963872628,-0.001,1
5034,-70.92901,5034,37544877,11.941879,35.7274823,-78.6962747,35.34353963872628,-0.001,1
5035,-70.92901,5035,37544910,12.459808,35.7274823,-78.6962747,35.34353963872628,-0.001,1
5036,-70.92901,5036,37544943,12.295235,35.7274823,-78.6962747,35.34353963872628,-0.001,1
5037,-70.92901,5037,37544976,11.830791,35.7274823,-78.6962747,35.34353963872628,-0.001,1
5038,-70.92901,5038,37545009,12.301121,35.7274823,-78.6962747,35.34353963872628,-0.001,1
5039,-70.92901,5039,37545043,12.265156,35.7274823,-78.6962747,35.34353963872628,-0.001,1
5040,-70.92901,5040,37545076,12.016441,35.7274823,-78.6962747,35.34353963872628,-0.001,1
5041,-70.92901,5041,37545109,11.979614,35.7274823,-78.6962747,35.34353963872628,-0.001,1
5042,-70.92901,5042,37545141,12.063965,35.7274823,-78.6962747,35.34353963872628,-0.001,1
5043,-70.92901,5043,37545174,12.010017,35.7274823,-78.6962747,35.34353963872628,-0.001,1
5044,-70.92901,5044,37545207,12.0266,35.7274823,-78.6962747,35.34353963872628,-0.001,1
5045,-70.92901,5045,37545240,12.095947,35.7274823,-78.6962747,35.34353963872628,-0.001,1
5046,-70.92901,5046,37545273,12.139481,35.7274823,-78.6962747,35.34353963872628,-0.001,1
5047,-70.92901,5047,37545305,11.77198,35.7274823,-78.6962747,35.34353963872628,-0.001,1
5048,-70.92901,5048,37545338,12.334808,35.7274823,-78.6962747,35.34353963872628,-0.001,1
5049,-70.92901,5049,37545371,12.285843,35.7274823,-78.6962747,35.34353963872628,-0.001,1
5050,-70.92901,5050,37545403,12.255585,35.7274823,-78.6962747,35.34353963872628,-0.001,1
5051,-70.92901,5051,37545436,12.237152,35.7274823,-78.6962747,35.34353963872628,-0.001,1
5052,-70.92901,5052,37545469,12.2269745,35.7274823,-78.6962747,35.34353963872628,-0.001,1
5053,-70.92901,5053,37545502,12.194962,35.7274823,-78.6962747,35.34353963872628,-0.001,1
5054,-70.92901,5054,37545535,12.053986,35.7274823,-78.6962747,35.34353963872628,-0.001,1
5055,-70.92901,5055,37545567,12.115879,35.7274823,-78.6962747,35.34353963872628,-0.001,1
5056,-70.92901,5056,37545600,12.152462,35.7274823,-78.6962747,35.34353963872628,-0.001,1
5057,-70.92901,5057,37545633,12.174564,35.7274823,-78.6962747,35.34353963872628,-0.001,1
5058,-70.92901,5058,37545665,12.187328,35.7274823,-78.6962747,35.34353963872628,-0.001,1
5059,-70.92901,5059,37545698,12.195797,35.7274823,-78.6962747,35.34353963872628,-0.001,1
5060,-70.92901,5060,37545731,12.201565,35.7274823,-78.6962747,35.34353963872628,-0.001,1
5061,-70.92901,5061,37545764,11.740871,35.7274823,-78.6962747,35.34353963872628,-0.001,1
5062,-70.92901,5062,37545796,12.348804,35.7274823,-78.6962747,35.34353963872628,-0.001,1
5063,-70.92901,5063,37545829,12.295788,35.7274823,-78.6962747,35.34353963872628,-0.001,1
5064,-70.92901,5064,37545862,12.262474,35.7274823,-78.6962747,35.34353963872628,-0.001,1
5065,-70.92901,5065,37545895,12.242184,35.7274823,-78.6962747,35.34353963872628,-0.001,1
5066,-70.92901,5066,37545928,12.228683,35.7274823,-78.6962747,35.34353963872628,-0.001,1
5067,-70.92901,5067,37545960,12.1567,35.7274823,-78.6962747,35.34353963872628,-0.001,1
5068,-70.92901,5068,37545993,12.063416,35.7274823,-78.6962747,35.34353963872628,-0.001,1
5069,-70.92901,5069,37546026,12.119713,35.7274823,-78.6962747,35.34353963872628,-0.001,1
5070,-70.92901,5070,37546059,11.878113,35.7274823,-78.6962747,35.34353963872628,-0.001,1
5071,-70.92901,5071,37546091,12.057388,35.7274823,-78.6962747,35.34353963872628,-0.001,1
5072,-70.92901,5072,37546124,12.383312,35.7274823,-78.6962747,35.34353963872628,-0.001,1
5073,-70.92901,5073,37546157,12.31583,35.7274823,-78.6962747,35.34353963872628,-0.001,1
5074,-70.92901,5074,37546190,12.274387,35.7274823,-78.6962747,35.34353963872628,-0.001,1
5075,-70.92901,5075,37546222,12.249634,35.7274823,-78.6962747,35.34353963872628,-0.001,1
5076,-70.92901,5076,37546255,11.233883,35.7274823,-78.6962747,35.34353963872628,-0.001,1
5077,-70.92901,5077,37546288,12.249138,35.7274823,-78.6962747,35.34353963872628,-0.001,1
5078,-70.92901,5078,37546320,12.199711,35.7274823,-78.6962747,35.34353963872628,-0.001,1
5079,-70.92901,5079,37546353,12.202236,35.7274823,-78.6962747,35.34353963872628,-0.001,1
5080,-70.92901,5080,37546386,12.205627,35.7274823,-78.6962747,35.34353963872628,-0.001,1
5081,-70.92901,5081,37546419,12.20789,35.7274823,-78.6962747,35.34353963872628,-0.001,1
5082,-70.92901,5082,37546452,12.155235,35.7274823,-78.6962747,35.34353963872628,-0.001,1
5083,-70.92901,5083,37546484,11.89299,35.7274823,-78.6962747,35.34353963872628,-0.001,1
5084,-70.92901,5084,37546517,12.008469,35.7274823,-78.6962747,35.34353963872628,-0.001,1
5085,-70.92901,5085,37546550,12.089737,35.7274823,-78.6962747,35.34353963872628,-0.001,1
5086,-70.92901,5086,37546583,12.136311,35.7274823,-78.6962747,35.34353963872628,-0.001,1
5087,-70.92901,5087,37546615,12.165829,35.7274823,-78.6962747,35.34353963872628,-0.001,1
5088,-70.92901,5088,37546648,12.183479,35.7274823,-78.6962747,35.34353963872628,-0.001,1
5089,-70.92901,5089,37546681,12.194229,35.7274823,-78.6962747,35.34353963872628,-0.001,1
5090,-70.92901,5090,37546714,11.828068,35.7274823,-78.6962747,35.34353963872628,-0.001,1
5091,-70.92901,5091,37546746,12.374748,35.7274823,-78.6962747,35.34353963872628,-0.001,1
5092,-70.92901,5092,37546779,12.312542,35.7274823,-78.6962747,35.34353963872628,-0.001,1
5093,-70.92901,5093,37546812,12.273861,35.7274823,-78.6962747,35.34353963872628,-0.001,1
5094,-70.92901,5094,37546845,11.968254,35.7274823,-78.6962747,35.34353963872628,-0.001,1
5095,-70.92901,5095,37546877,12.355328,35.7274823,-78.6962747,35.34353963872628,-0.001,1
5096,-70.92901,5096,37546910,11.373707,35.7274823,-78.6962747,35.34353963872628,-0.001,1
5097,-70.92901,5097,37546943,12.374294,35.7274823,-78.6962747,35.34353963872628,-0.001,1
5098,-70.92901,5098,37546976,12.330784,35.7274823,-78.6962747,35.34353963872628,-0.001,1
5099,-70.92901,5099,37547008,12.2862625,35.7274823,-78.6962747,35.34353963872628,-0.001,1
5100,-70.92901,5100,37547041,11.776829,35.7274823,-78.6962747,35.34353963872628,-0.001,1
5101,-70.92901,5101,37547074,12.224979,35.7274823,-78.6962747,35.34353963872628,-0.001,1
5102,-70.92901,5102,37547107,12.16761,35.7274823,-78.6962747,35.34353963872628,-0.001,1
5103,-70.92901,5103,37547141,11.890205,35.7274823,-78.6962747,35.34353963872628,-0.001,1
5104,-70.92901,5104,37547174,12.005486,35.7274823,-78.6962747,35.34353963872628,-0.001,1
5105,-70.92901,5105,37547207,10.784355,35.7274823,-78.6962747,35.34353963872628,-0.001,1
5106,-70.92901,5106,37547240,12.034149,35.7274823,-78.6962747,35.34353963872628,-0.001,1
5107,-70.92901,5107,37547272,12.155426,35.7274823,-78.6962747,35.34353963872628,-0.001,1
5108,-70.92901,5108,37547305,12.48497,35.7274823,-78.6962747,35.34353963872628,-0.001,1
5109,-70.92901,5109,37547338,12.38097,35.7274823,-78.6962747,35.34353963872628,-0.001,1
5110,-70.92901,5110,37547371,12.316563,35.7274823,-78.6962747,35.34353963872628,-0.001,1
5111,-70.92901,5111,37547404,12.15852,35.7274823,-78.6962747,35.34353963872628,-0.001,1
5112,-70.92901,5112,37547436,11.686386,35.7274823,-78.6962747,35.34353963872628,-0.001,1
5113,-70.92901,5113,37547469,11.663525,35.7274823,-78.6962747,35.34353963872628,-0.001,1
5114,-70.92901,5114,37547502,11.826237,35.7274823,-78.6962747,35.34353963872628,-0.001,1
5115,-70.92901,5115,37547534,11.977489,35.7274823,-78.6962747,35.34353963872628,-0.001,1
5116,-70.92901,5116,37547567,12.064381,35.7274823,-78.6962747,35.34353963872628,-0.001,1
5117,-70.92901,5117,37547600,12.120937,35.7274823,-78.6962747,35.34353963872628,-0.001,1
5118,-70.92901,5118,37547633,12.157459,35.7274823,-78.6962747,35.34353963872628,-0.001,1
5119,-70.92901,5119,37547665,12.179192,35.7274823,-78.6962747,35.34353963872628,-0.001,1
5120,-70.92901,5120,37547698,11.74519,35.7274823,-78.6962747,35.34353963872628,-0.001,1
5121,-70.92901,5121,37547731,12.351017,35.7274823,-78.6962747,35.34353963872628,-0.001,1
5122,-70.92901,5122,37547764,12.297798,35.7274823,-78.6962747,35.34353963872628,-0.001,1
5123,-70.92901,5123,37547796,12.264713,35.7274823,-78.6962747,35.34353963872628,-0.001,1
5124,-70.92901,5124,37547829,12.244183,35.7274823,-78.6962747,35.34353963872628,-0.001,1
5125,-70.92901,5125,37547862,12.23098,35.7274823,-78.6962747,35.34353963872628,-0.001,1
5126,-70.92901,5126,37547895,12.193138,35.7274823,-78.6962747,35.34353963872628,-0.001,1
5127,-70.92901,5127,37547928,12.055096,35.7274823,-78.6962747,35.34353963872628,-0.001,1
5128,-70.92901,5128,37547960,12.115826,35.7274823,-78.6962747,35.34353963872628,-0.001,1
5129,-70.92901,5129,37547993,12.153759,35.7274823,-78.6962747,35.34353963872628,-0.001,1
5130,-70.92901,5130,37548026,12.175785,35.7274823,-78.6962747,35.34353963872628,-0.001,1
5131,-70.92901,5131,37548059,12.189594,35.7274823,-78.6962747,35.34353963872628,-0.001,1
5132,-70.92901,5132,37548091,12.197865,35.7274823,-78.6962747,35.34353963872628,-0.001,1
5133,-70.92901,5133,37548124,12.203289,35.7274823,-78.6962747,35.34353963872628,-0.001,1
5134,-70.92901,5134,37548157,12.206429,35.7274823,-78.6962747,35.34353963872628,-0.001,1
5135,-70.92901,5135,37548189,12.208736,35.7274823,-78.6962747,35.34353963872628,-0.001,1
5136,-70.92901,5136,37548222,12.209873,35.7274823,-78.6962747,35.34353963872628,-0.001,1
5137,-70.92901,5137,37548255,12.21003,35.7274823,-78.6962747,35.34353963872628,-0.001,1
5138,-70.92901,5138,37548288,12.211689,35.7274823,-78.6962747,35.34353963872628,-0.001,1
5139,-70.92901,5139,37548320,12.2115555,35.7274823,-78.6962747,35.34353963872628,-0.001,1
5140,-70.92901,5140,37548353,12.212154,35.7274823,-78.6962747,35.34353963872628,-0.001,1
5141,-70.92901,5141,37548386,12.211075,35.7274823,-78.6962747,35.34353963872628,-0.001,1
5142,-70.92901,5142,37548419,12.211845,35.7274823,-78.6962747,35.34353963872628,-0.001,1
5143,-70.92901,5143,37548452,12.212063,35.7274823,-78.6962747,35.34353963872628,-0.001,1
5144,-70.92901,5144,37548484,12.212112,35.7274823,-78.6962747,35.34353963872628,-0.001,1
5145,-70.92901,5145,37548517,12.211063,35.7274823,-78.6962747,35.34353963872628,-0.001,1
5146,-70.92901,5146,37548550,12.21228,35.7274823,-78.6962747,35.34353963872628,-0.001,1
5147,-70.92901,5147,37548583,12.214497,35.7274823,-78.6962747,35.34353963872628,-0.001,1
5148,-70.92901,5148,37548615,11.867321,35.7274823,-78.6962747,35.34353963872628,-0.001,1
5149,-70.92901,5149,37548648,12.339512,35.7274823,-78.6962747,35.34353963872628,-0.001,1
5150,-70.92901,5150,37548681,12.290813,35.7274823,-78.6962747,35.34353963872628,-0.001,1
5151,-70.92901,5151,37548714,12.259975,35.7274823,-78.6962747,35.34353963872628,-0.001,1
5152,-70.92901,5152,37548746,12.242172,35.7274823,-78.6962747,35.34353963872628,-0.001,1
5153,-70.92901,5153,37548779,12.23019,35.7274823,-78.6962747,35.34353963872628,-0.001,1
5154,-70.92901,5154,37548812,12.090252,35.7274823,-78.6962747,35.34353963872628,-0.001,1
5155,-70.92901,5155,37548845,12.086147,35.7274823,-78.6962747,35.34353963872628,-0.001,1
5156,-70.92901,5156,37548877,12.135868,35.7274823,-78.6962747,35.34353963872628,-0.001,1
5157,-70.92901,5157,37548910,12.165226,35.7274823,-78.6962747,35.34353963872628,-0.001,1
5158,-70.92901,5158,37548943,12.185089,35.7274823,-78.6962747,35.34353963872628,-0.001,1
5159,-70.92901,5159,37548976,12.198315,35.7274823,-78.6962747,35.34353963872628,-0.001,1
5160,-70.92901,5160,37549008,12.204269,35.7274823,-78.6962747,35.34353963872628,-0.001,1
5161,-70.92901,5161,37549041,12.20821,35.7274823,-78.6962747,35.34353963872628,-0.001,1
5162,-70.92901,5162,37549074,12.2109375,35.7274823,-78.6962747,35.34353963872628,-0.001,1
5163,-70.92901,5163,37549107,12.212727,35.7274823,-78.6962747,35.34353963872628,-0.001,1
5164,-70.92901,5164,37549139,12.2131195,35.7274823,-78.6962747,35.34353963872628,-0.001,1
5165,-70.92901,5165,37549173,12.21352,35.7274823,-78.6962747,35.34353963872628,-0.001,1
5166,-70.92901,5166,37549205,12.214462,35.7274823,-78.6962747,35.34353963872628,-0.001,1
5167,-70.92901,5167,37549240,12.215687,35.7274823,-78.6962747,35.34353963872628,-0.001,1
5168,-70.92901,5168,37549273,12.215847,35.7274823,-78.6962747,35.34353963872628,-0.001,1
5169,-70.92901,5169,37549305,12.215744,35.7274823,-78.6962747,35.34353963872628,-0.001,1
5170,-70.92901,5170,37549338,12.21677,35.7274823,-78.6962747,35.34353963872628,-0.001,1
5171,-70.92901,5171,37549371,12.2163925,35.7274823,-78.6962747,35.34353963872628,-0.001,1
5172,-70.92901,5172,37549403,12.216171,35.7274823,-78.6962747,35.34353963872628,-0.001,1
5173,-70.92901,5173,37549436,12.215805,35.7274823,-78.6962747,35.34353963872628,-0.001,1
5174,-70.92901,5174,37549469,12.216587,35.7274823,-78.6962747,35.34353963872628,-0.001,1
5175,-70.92901,5175,37549502,12.216656,35.7274823,-78.6962747,35.34353963872628,-0.001,1
5176,-70.92901,5176,37549534,12.216255,35.7274823,-78.6962747,35.34353963872628,-0.001,1
5177,-70.92901,5177,37549567,12.216682,35.7274823,-78.6962747,35.34353963872628,-0.001,1
5178,-70.92901,5178,37549600,12.218349,35.7274823,-78.6962747,35.34353963872628,-0.001,1
5179,-70.92901,5179,37549633,12.217529,35.7274823,-78.6962747,35.34353963872628,-0.001,1
5180,-70.92901,5180,37549665,12.216949,35.7274823,-78.6962747,35.34353963872628,-0.001,1
5181,-70.92901,5181,37549698,12.216518,35.7274823,-78.6962747,35.34353963872628,-0.001,1
5182,-70.92901,5182,37549731,11.885212,35.7274823,-78.6962747,35.34353963872628,-0.001,1
5183,-70.92901,5183,37549764,12.04665,35.7274823,-78.6962747,35.34353963872628,-0.001,1
5184,-70.92901,5184,37549796,11.989502,35.7274823,-78.6962747,35.34353963872628,-0.001,1
5185,-70.92901,5185,37549829,12.07877,35.7274823,-78.6962747,35.34353963872628,-0.001,1
5186,-70.92901,5186,37549862,12.540787,35.7274823,-78.6962747,35.34353963872628,-0.001,1
5187,-70.92901,5187,37549895,12.416851,35.7274823,-78.6962747,35.34353963872628,-0.001,1
5188,-70.92901,5188,37549928,12.233261,35.7274823,-78.6962747,35.34353963872628,-0.001,1
5189,-70.92901,5189,37549960,12.038231,35.7274823,-78.6962747,35.34353963872628,-0.001,1
5190,-70.92901,5190,37549993,11.475292,35.7274823,-78.6962747,35.34353963872628,-0.001,1
5191,-70.92901,5191,37550026,12.071381,35.7274823,-78.6962747,35.34353963872628,-0.001,1
5192,-70.92901,5192,37550058,11.97477,35.7274823,-78.6962747,35.34353963872628,-0.001,1
5193,-70.92901,5193,37550091,12.072556,35.7274823,-78.6962747,35.34353963872628,-0.001,1
5194,-70.92901,5194,37550124,12.127956,35.7274823,-78.6962747,35.34353963872628,-0.001,1
5195,-70.92901,5195,37550157,12.162518,35.7274823,-78.6962747,35.34353963872628,-0.001,1
5196,-70.92901,5196,37550190,12.139862,35.7274823,-78.6962747,35.34353963872628,-0.001,1
5197,-70.92901,5197,37550222,12.050552,35.7274823,-78.6962747,35.34353963872628,-0.001,1
5198,-70.92901,5198,37550255,12.1147995,35.7274823,-78.6962747,35.34353963872628,-0.001,1
5199,-70.92901,5199,37550288,12.155941,35.7274823,-78.6962747,35.34353963872628,-0.001,1
5200,-70.92901,5200,37550320,12.180897,35.7274823,-78.6962747,35.34353963872628,-0.001,1
5201,-70.92901,5201,37550353,12.196472,35.7274823,-78.6962747,35.34353963872628,-0.001,1
5202,-70.92901,5202,37550386,12.205528,35.7274823,-78.6962747,35.34353963872628,-0.001,1
5203,-70.92901,5203,37550419,12.211391,35.7274823,-78.6962747,35.34353963872628,-0.001,1
5204,-70.92901,5204,37550452,12.2145195,35.7274823,-78.6962747,35.34353963872628,-0.001,1
5205,-70.92901,5205,37550484,12.216705,35.7274823,-78.6962747,35.34353963872628,-0.001,1
5206,-70.92901,5206,37550517,12.218899,35.7274823,-78.6962747,35.34353963872628,-0.001,1
5207,-70.92901,5207,37550550,12.219727,35.7274823,-78.6962747,35.34353963872628,-0.001,1
5208,-70.92901,5208,37550583,12.21962,35.7274823,-78.6962747,35.34353963872628,-0.001,1
5209,-70.92901,5209,37550615,12.219883,35.7274823,-78.6962747,35.34353963872628,-0.001,1
5210,-70.92901,5210,37550648,12.220467,35.7274823,-78.6962747,35.34353963872628,-0.001,1
5211,-70.92901,5211,37550681,12.220783,35.7274823,-78.6962747,35.34353963872628,-0.001,1
5212,-70.92901,5212,37550714,12.220779,35.7274823,-78.6962747,35.34353963872628,-0.001,1
5213,-70.92901,5213,37550746,12.220974,35.7274823,-78.6962747,35.34353963872628,-0.001,1
5214,-70.92901,5214,37550779,12.221237,35.7274823,-78.6962747,35.34353963872628,-0.001,1
5215,-70.92901,5215,37550812,12.221283,35.7274823,-78.6962747,35.34353963872628,-0.001,1
5216,-70.92901,5216,37550844,12.220455,35.7274823,-78.6962747,35.34353963872628,-0.001,1
5217,-70.92901,5217,37550877,12.220589,35.7274823,-78.6962747,35.34353963872628,-0.001,1
5218,-70.92901,5218,37550910,12.220512,35.7274823,-78.6962747,35.34353963872628,-0.001,1
5219,-70.92901,5219,37550943,12.220688,35.7274823,-78.6962747,35.34353963872628,-0.001,1
5220,-70.92901,5220,37550976,12.2195015,35.7274823,-78.6962747,35.34353963872628,-0.001,1
5221,-70.92901,5221,37551008,12.220325,35.7274823,-78.6962747,35.34353963872628,-0.001,1
5222,-70.92901,5222,37551041,12.219967,35.7274823,-78.6962747,35.34353963872628,-0.001,1
5223,-70.92901,5223,37551074,12.22007,35.7274823,-78.6962747,35.34353963872628,-0.001,1
5224,-70.92901,5224,37551107,12.219967,35.7274823,-78.6962747,35.34353963872628,-0.001,1
5225,-70.92901,5225,37551139,12.220364,35.7274823,-78.6962747,35.34353963872628,-0.001,1
5226,-70.92901,5226,37551172,12.220703,35.7274823,-78.6962747,35.34353963872628,-0.001,1
5227,-70.92901,5227,37551205,12.220222,35.7274823,-78.6962747,35.34353963872628,-0.001,1
5228,-70.92901,5228,37551238,12.219509,35.7274823,-78.6962747,35.34353963872628,-0.001,1
5229,-70.92901,5229,37551270,12.219635,35.7274823,-78.6962747,35.34353963872628,-0.001,1
5230,-70.92901,5230,37551303,12.219852,35.7274823,-78.6962747,35.34353963872628,-0.001,1
5231,-70.92901,5231,37551338,12.219154,35.7274823,-78.6962747,35.34353963872628,-0.001,1
5232,-70.92901,5232,37551371,12.2188835,35.7274823,-78.6962747,35.34353963872628,-0.001,1
5233,-70.92901,5233,37551404,12.219635,35.7274823,-78.6962747,35.34353963872628,-0.001,1
5234,-70.92901,5234,37551436,12.219479,35.7274823,-78.6962747,35.34353963872628,-0.001,1
5235,-70.92901,5235,37551469,12.218746,35.7274823,-78.6962747,35.34353963872628,-0.001,1
5236,-70.92901,5236,37551502,12.219055,35.7274823,-78.6962747,35.34353963872628,-0.001,1
5237,-70.92901,5237,37551534,12.219158,35.7274823,-78.6962747,35.34353963872628,-0.001,1
5238,-70.92901,5238,37551567,12.2192,35.7274823,-78.6962747,35.34353963872628,-0.001,1
5239,-70.92901,5239,37551600,12.218281,35.7274823,-78.6962747,35.34353963872628,-0.001,1
5240,-70.92901,5240,37551633,11.937046,35.7274823,-78.6962747,35.34353963872628,-0.001,1
5241,-70.92901,5241,37551665,12.341526,35.7274823,-78.6962747,35.34353963872628,-0.001,1
5242,-70.92901,5242,37551698,12.294083,35.7274823,-78.6962747,35.34353963872628,-0.001,1
5243,-70.92901,5243,37551731,12.264439,35.7274823,-78.6962747,35.34353963872628,-0.001,1
5244,-70.92901,5244,37551764,12.247242,35.7274823,-78.6962747,35.34353963872628,-0.001,1
5245,-70.92901,5245,37551796,12.236275,35.7274823,-78.6962747,35.34353963872628,-0.001,1
5246,-70.92901,5246,37551829,12.090363,35.7274823,-78.6962747,35.34353963872628,-0.001,1
5247,-70.92901,5247,37551862,12.092464,35.7274823,-78.6962747,35.34353963872628,-0.001,1
5248,-70.92901,5248,37551895,12.141651,35.7274823,-78.6962747,35.34353963872628,-0.001,1
5249,-70.92901,5249,37551927,12.172909,35.7274823,-78.6962747,35.34353963872628,-0.001,1
5250,-70.92901,5250,37551960,12.190014,35.7274823,-78.6962747,35.34353963872628,-0.001,1
5251,-70.92901,5251,37551993,12.200462,35.7274823,-78.6962747,35.34353963872628,-0.001,1
5252,-70.92901,5252,37552026,12.208054,35.7274823,-78.6962747,35.34353963872628,-0.001,1
5253,-70.92901,5253,37552058,12.212498,35.7274823,-78.6962747,35.34353963872628,-0.001,1
5254,-70.92901,5254,37552092,12.031757,35.7274823,-78.6962747,35.34353963872628,-0.001,1
5255,-70.92901,5255,37552124,10.694607,35.7274823,-78.6962747,35.34353963872628,-0.001,1
5256,-70.92901,5256,37552157,11.266243,35.7274823,-78.6962747,35.34353963872628,-0.001,1
5257,-70.92901,5257,37552189,11.625378,35.7274823,-78.6962747,35.34353963872628,-0.001,1
5258,-70.92901,5258,37552222,11.8633995,35.7274823,-78.6962747,35.34353963872628,-0.001,1
5259,-70.92901,5259,37552255,12.853935,35.7274823,-78.6962747,35.34353963872628,-0.001,1
5260,-70.92901,5260,37552288,13.416962,35.7274823,-78.6962747,35.34353963872628,-0.001,1
5261,-70.92901,5261,37552320,12.517696,35.7274823,-78.6962747,35.34353963872628,-0.001,1
5262,-70.92901,5262,37552353,11.660492,35.7274823,-78.6962747,35.34353963872628,-0.001,1
5263,-70.92901,5263,37552386,11.099476,35.7274823,-78.6962747,35.34353963872628,-0.001,1
5264,-70.92901,5264,37552419,10.7390785,35.7274823,-78.6962747,35.34353963872628,-0.001,1
5265,-70.92901,5265,37552451,10.676292,35.7274823,-78.6962747,35.34353963872628,-0.001,1
5266,-70.92901,5266,37552484,11.032177,35.7274823,-78.6962747,35.34353963872628,-0.001,1
5267,-70.92901,5267,37552517,11.443386,35.7274823,-78.6962747,35.34353963872628,-0.001,1
5268,-70.92901,5268,37552550,11.745911,35.7274823,-78.6962747,35.34353963872628,-0.001,1
5269,-70.92901,5269,37552582,11.921658,35.7274823,-78.6962747,35.34353963872628,-0.001,1
5270,-70.92901,5270,37552615,12.033829,35.7274823,-78.6962747,35.34353963872628,-0.001,1
5271,-70.92901,5271,37552648,12.104607,35.7274823,-78.6962747,35.34353963872628,-0.001,1
5272,-70.92901,5272,37552681,12.150211,35.7274823,-78.6962747,35.34353963872628,-0.001,1
5273,-70.92901,5273,37552713,12.175831,35.7274823,-78.6962747,35.34353963872628,-0.001,1
5274,-70.92901,5274,37552746,12.1917305,35.7274823,-78.6962747,35.34353963872628,-0.001,1
5275,-70.92901,5275,37552779,12.201904,35.7274823,-78.6962747,35.34353963872628,-0.001,1
5276,-70.92901,5276,37552812,12.208225,35.7274823,-78.6962747,35.34353963872628,-0.001,1
5277,-70.92901,5277,37552844,11.928654,35.7274823,-78.6962747,35.34353963872628,-0.001,1
5278,-70.92901,5278,37552877,12.172581,35.7274823,-78.6962747,35.34353963872628,-0.001,1
5279,-70.92901,5279,37552910,12.365917,35.7274823,-78.6962747,35.34353963872628,-0.001,1
5280,-70.92901,5280,37552943,12.309109,35.7274823,-78.6962747,35.34353963872628,-0.001,1
5281,-70.92901,5281,37552975,12.272034,35.7274823,-78.6962747,35.34353963872628,-0.001,1
5282,-70.92901,5282,37553008,12.248833,35.7274823,-78.6962747,35.34353963872628,-0.001,1
5283,-70.92901,5283,37553041,12.108032,35.7274823,-78.6962747,35.34353963872628,-0.001,1
5284,-70.92901,5284,37553074,12.05331,35.7274823,-78.6962747,35.34353963872628,-0.001,1
5285,-70.92901,5285,37553106,11.330769,35.7274823,-78.6962747,35.34353963872628,-0.001,1
5286,-70.92901,5286,37553139,11.562027,35.7274823,-78.6962747,35.34353963872628,-0.001,1
5287,-70.92901,5287,37553172,12.590771,35.7274823,-78.6962747,35.34353963872628,-0.001,1
5288,-70.92901,5288,37553205,12.446178,35.7274823,-78.6962747,35.34353963872628,-0.001,1
5289,-70.92901,5289,37553237,12.356861,35.7274823,-78.6962747,35.34353963872628,-0.001,1
5290,-70.92901,5290,37553270,12.30201,35.7274823,-78.6962747,35.34353963872628,-0.001,1
5291,-70.92901,5291,37553303,12.075405,35.7274823,-78.6962747,35.34353963872628,-0.001,1
5292,-70.92901,5292,37553336,11.744873,35.7274823,-78.6962747,35.34353963872628,-0.001,1
5293,-70.92901,5293,37553369,11.770779,35.7274823,-78.6962747,35.34353963872628,-0.001,1
5294,-70.92901,5294,37553401,11.945362,35.7274823,-78.6962747,35.34353963872628,-0.001,1
5295,-70.92901,5295,37553436,12.046902,35.7274823,-78.6962747,35.34353963872628,-0.001,1
5296,-70.92901,5296,37553469,12.111099,35.7274823,-78.6962747,35.34353963872628,-0.001,1
5297,-70.92901,5297,37553502,12.151058,35.7274823,-78.6962747,35.34353963872628,-0.001,1
5298,-70.92901,5298,37553534,12.176964,35.7274823,-78.6962747,35.34353963872628,-0.001,1
5299,-70.92901,5299,37553567,12.19141,35.7274823,-78.6962747,35.34353963872628,-0.001,1
5300,-70.92901,5300,37553600,12.2009735,35.7274823,-78.6962747,35.34353963872628,-0.001,1
5301,-70.92901,5301,37553633,12.207199,35.7274823,-78.6962747,35.34353963872628,-0.001,1
5302,-70.92901,5302,37553665,12.210266,35.7274823,-78.6962747,35.34353963872628,-0.001,1
5303,-70.92901,5303,37553698,12.212841,35.7274823,-78.6962747,35.34353963872628,-0.001,1
5304,-70.92901,5304,37553731,12.213852,35.7274823,-78.6962747,35.34353963872628,-0.001,1
5305,-70.92901,5305,37553764,11.885559,35.7274823,-78.6962747,35.34353963872628,-0.001,1
5306,-70.92901,5306,37553796,12.334217,35.7274823,-78.6962747,35.34353963872628,-0.001,1
5307,-70.92901,5307,37553829,11.8955345,35.7274823,-78.6962747,35.34353963872628,-0.001,1
5308,-70.92901,5308,37553862,12.413692,35.7274823,-78.6962747,35.34353963872628,-0.001,1
5309,-70.92901,5309,37553895,12.337677,35.7274823,-78.6962747,35.34353963872628,-0.001,1
5310,-70.92901,5310,37553927,12.2890625,35.7274823,-78.6962747,35.34353963872628,-0.001,1
5311,-70.92901,5311,37553960,12.137966,35.7274823,-78.6962747,35.34353963872628,-0.001,1
5312,-70.92901,5312,37553993,12.116337,35.7274823,-78.6962747,35.34353963872628,-0.001,1
5313,-70.92901,5313,37554026,12.117756,35.7274823,-78.6962747,35.34353963872628,-0.001,1
5314,-70.92901,5314,37554059,11.678711,35.7274823,-78.6962747,35.34353963872628,-0.001,1
5315,-70.92901,5315,37554091,11.875568,35.7274823,-78.6962747,35.34353963872628,-0.001,1
5316,-70.92901,5316,37554124,12.399231,35.7274823,-78.6962747,35.34353963872628,-0.001,1
5317,-70.92901,5317,37554157,12.3298,35.7274823,-78.6962747,35.34353963872628,-0.001,1
5318,-70.92901,5318,37554189,12.284683,35.7274823,-78.6962747,35.34353963872628,-0.001,1
5319,-70.92901,5319,37554222,12.259056,35.7274823,-78.6962747,35.34353963872628,-0.001,1
5320,-70.92901,5320,37554255,12.2365,35.7274823,-78.6962747,35.34353963872628,-0.001,1
5321,-70.92901,5321,37554288,12.0385895,35.7274823,-78.6962747,35.34353963872628,-0.001,1
5322,-70.92901,5322,37554320,11.946442,35.7274823,-78.6962747,35.34353963872628,-0.001,1
5323,-70.92901,5323,37554353,12.0515175,35.7274823,-78.6962747,35.34353963872628,-0.001,1
5324,-70.92901,5324,37554386,12.119255,35.7274823,-78.6962747,35.34353963872628,-0.001,1
5325,-70.92901,5325,37554419,12.155003,35.7274823,-78.6962747,35.34353963872628,-0.001,1
5326,-70.92901,5326,37554451,12.1790085,35.7274823,-78.6962747,35.34353963872628,-0.001,1
5327,-70.92901,5327,37554484,12.194153,35.7274823,-78.6962747,35.34353963872628,-0.001,1
5328,-70.92901,5328,37554517,12.204094,35.7274823,-78.6962747,35.34353963872628,-0.001,1
5329,-70.92901,5329,37554550,11.754204,35.7274823,-78.6962747,35.34353963872628,-0.001,1
5330,-70.92901,5330,37554582,12.352722,35.7274823,-78.6962747,35.34353963872628,-0.001,1
5331,-70.92901,5331,37554615,11.967964,35.7274823,-78.6962747,35.34353963872628,-0.001,1
5332,-70.92901,5332,37554648,12.44088,35.7274823,-78.6962747,35.34353963872628,-0.001,1
5333,-70.92901,5333,37554681,12.354027,35.7274823,-78.6962747,35.34353963872628,-0.001,1
5334,-70.92901,5334,37554713,12.30093,35.7274823,-78.6962747,35.34353963872628,-0.001,1
5335,-70.92901,5335,37554746,12.194267,35.7274823,-78.6962747,35.34353963872628,-0.001,1
5336,-70.92901,5336,37554779,12.10004,35.7274823,-78.6962747,35.34353963872628,-0.001,1
5337,-70.92901,5337,37554812,11.813755,35.7274823,-78.6962747,35.34353963872628,-0.001,1
5338,-70.92901,5338,37554844,11.6912155,35.7274823,-78.6962747,35.34353963872628,-0.001,1
5339,-70.92901,5339,37554877,12.298065,35.7274823,-78.6962747,35.34353963872628,-0.001,1
5340,-70.92901,5340,37554910,12.266567,35.7274823,-78.6962747,35.34353963872628,-0.001,1
5341,-70.92901,5341,37554943,12.045052,35.7274823,-78.6962747,35.34353963872628,-0.001,1
5342,-70.92901,5342,37554975,12.086945,35.7274823,-78.6962747,35.34353963872628,-0.001,1
5343,-70.92901,5343,37555008,12.205925,35.7274823,-78.6962747,35.34353963872628,-0.001,1
5344,-70.92901,5344,37555041,12.128952,35.7274823,-78.6962747,35.34353963872628,-0.001,1
5345,-70.92901,5345,37555074,12.027088,35.7274823,-78.6962747,35.34353963872628,-0.001,1
5346,-70.92901,5346,37555106,12.102245,35.7274823,-78.6962747,35.34353963872628,-0.001,1
5347,-70.92901,5347,37555139,12.1488,35.7274823,-78.6962747,35.34353963872628,-0.001,1
5348,-70.92901,5348,37555172,12.034431,35.7274823,-78.6962747,35.34353963872628,-0.001,1
5349,-70.92901,5349,37555205,11.730648,35.7274823,-78.6962747,35.34353963872628,-0.001,1
5350,-70.92901,5350,37555237,11.969666,35.7274823,-78.6962747,35.34353963872628,-0.001,1
5351,-70.92901,5351,37555270,12.3687935,35.7274823,-78.6962747,35.34353963872628,-0.001,1
5352,-70.92901,5352,37555303,11.973209,35.7274823,-78.6962747,35.34353963872628,-0.001,1
5353,-70.92901,5353,37555336,12.445732,35.7274823,-78.6962747,35.34353963872628,-0.001,1
5354,-70.92901,5354,37555368,12.358006,35.7274823,-78.6962747,35.34353963872628,-0.001,1
5355,-70.92901,5355,37555401,12.162079,35.7274823,-78.6962747,35.34353963872628,-0.001,1
5356,-70.92901,5356,37555434,12.051979,35.7274823,-78.6962747,35.34353963872628,-0.001,1
5357,-70.92901,5357,37555467,12.0290985,35.7274823,-78.6962747,35.34353963872628,-0.001,1
5358,-70.92901,5358,37555499,12.1003685,35.7274823,-78.6962747,35.34353963872628,-0.001,1
5359,-70.92901,5359,37555534,11.962208,35.7274823,-78.6962747,35.34353963872628,-0.001,1
5360,-70.92901,5360,37555567,12.060596,35.7274823,-78.6962747,35.34353963872628,-0.001,1
5361,-70.92901,5361,37555600,12.122177,35.7274823,-78.6962747,35.34353963872628,-0.001,1
5362,-70.92901,5362,37555632,12.15987,35.7274823,-78.6962747,35.34353963872628,-0.001,1
5363,-70.92901,5363,37555665,12.182285,35.7274823,-78.6962747,35.34353963872628,-0.001,1
5364,-70.92901,5364,37555698,12.196594,35.7274823,-78.6962747,35.34353963872628,-0.001,1
5365,-70.92901,5365,37555731,12.205116,35.7274823,-78.6962747,35.34353963872628,-0.001,1
5366,-70.92901,5366,37555763,11.75766,35.7274823,-78.6962747,35.34353963872628,-0.001,1
5367,-70.92901,5367,37555796,12.350105,35.7274823,-78.6962747,35.34353963872628,-0.001,1
5368,-70.92901,5368,37555829,12.299015,35.7274823,-78.6962747,35.34353963872628,-0.001,1
5369,-70.92901,5369,37555862,12.267574,35.7274823,-78.6962747,35.34353963872628,-0.001,1
5370,-70.92901,5370,37555894,12.248314,35.7274823,-78.6962747,35.34353963872628,-0.001,1
5371,-70.92901,5371,37555927,12.237244,35.7274823,-78.6962747,35.34353963872628,-0.001,1
5372,-70.92901,5372,37555960,12.138351,35.7274823,-78.6962747,35.34353963872628,-0.001,1
5373,-70.92901,5373,37555993,12.083275,35.7274823,-78.6962747,35.34353963872628,-0.001,1
5374,-70.92901,5374,37556026,12.132946,35.7274823,-78.6962747,35.34353963872628,-0.001,1
5375,-70.92901,5375,37556058,12.166557,35.7274823,-78.6962747,35.34353963872628,-0.001,1
5376,-70.92901,5376,37556091,12.186684,35.7274823,-78.6962747,35.34353963872628,-0.001,1
5377,-70.92901,5377,37556124,12.199303,35.7274823,-78.6962747,35.34353963872628,-0.001,1
5378,-70.92901,5378,37556156,12.206383,35.7274823,-78.6962747,35.34353963872628,-0.001,1
5379,-70.92901,5379,37556189,12.21117,35.7274823,-78.6962747,35.34353963872628,-0.001,1
5380,-70.92901,5380,37556222,12.215267,35.7274823,-78.6962747,35.34353963872628,-0.001,1
5381,-70.92901,5381,37556255,12.215885,35.7274823,-78.6962747,35.34353963872628,-0.001,1
5382,-70.92901,5382,37556287,12.217815,35.7274823,-78.6962747,35.34353963872628,-0.001,1
5383,-70.92901,5383,37556320,12.218876,35.7274823,-78.6962747,35.34353963872628,-0.001,1
5384,-70.92901,5384,37556353,12.219433,35.7274823,-78.6962747,35.34353963872628,-0.001,1
5385,-70.92901,5385,37556386,12.218597,35.7274823,-78.6962747,35.34353963872628,-0.001,1
5386,-70.92901,5386,37556418,12.219307,35.7274823,-78.6962747,35.34353963872628,-0.001,1
5387,-70.92901,5387,37556451,12.219563,35.7274823,-78.6962747,35.34353963872628,-0.001,1
5388,-70.92901,5388,37556484,11.371525,35.7274823,-78.6962747,35.34353963872628,-0.001,1
5389,-70.92901,5389,37556517,12.493759,35.7274823,-78.6962747,35.34353963872628,-0.001,1
5390,-70.92901,5390,37556549,12.041988,35.7274823,-78.6962747,35.34353963872628,-0.001,1
5391,-70.92901,5391,37556582,12.472218,35.7274823,-78.6962747,35.34353963872628,-0.001,1
5392,-70.92901,5392,37556615,12.37426,35.7274823,-78.6962747,35.34353963872628,-0.001,1
5393,-70.92901,5393,37556648,12.3140335,35.7274823,-78.6962747,35.34353963872628,-0.001,1
5394,-70.92901,5394,37556680,12.148888,35.7274823,-78.6962747,35.34353963872628,-0.001,1
5395,-70.92901,5395,37556713,11.968132,35.7274823,-78.6962747,35.34353963872628,-0.001,1
5396,-70.92901,5396,37556746,11.67831,35.7274823,-78.6962747,35.34353963872628,-0.001,1
5397,-70.92901,5397,37556779,11.93586,35.7274823,-78.6962747,35.34353963872628,-0.001,1
5398,-70.92901,5398,37556812,11.90255,35.7274823,-78.6962747,35.34353963872628,-0.001,1
5399,-70.92901,5399,37556844,12.280384,35.7274823,-78.6962747,35.34353963872628,-0.001,1
5400,-70.92901,5400,37556877,12.25396,35.7274823,-78.6962747,35.34353963872628,-0.001,1
5401,-70.92901,5401,37556910,12.239479,35.7274823,-78.6962747,35.34353963872628,-0.001,1
5402,-70.92901,5402,37556943,11.747341,35.7274823,-78.6962747,35.34353963872628,-0.001,1
5403,-70.92901,5403,37556976,12.219688,35.7274823,-78.6962747,35.34353963872628,-0.001,1
5404,-70.92901,5404,37557008,12.057621,35.7274823,-78.6962747,35.34353963872628,-0.001,1
5405,-70.92901,5405,37557041,12.095558,35.7274823,-78.6962747,35.34353963872628,-0.001,1
5406,-70.92901,5406,37557073,12.144787,35.7274823,-78.6962747,35.34353963872628,-0.001,1
5407,-70.92901,5407,37557106,12.173248,35.7274823,-78.6962747,35.34353963872628,-0.001,1
5408,-70.92901,5408,37557139,12.089001,35.7274823,-78.6962747,35.34353963872628,-0.001,1
5409,-70.92901,5409,37557172,12.069794,35.7274823,-78.6962747,35.34353963872628,-0.001,1
5410,-70.92901,5410,37557204,12.129105,35.7274823,-78.6962747,35.34353963872628,-0.001,1
5411,-70.92901,5411,37557237,12.161465,35.7274823,-78.6962747,35.34353963872628,-0.001,1
5412,-70.92901,5412,37557270,12.1819,35.7274823,-78.6962747,35.34353963872628,-0.001,1
5413,-70.92901,5413,37557303,12.195637,35.7274823,-78.6962747,35.34353963872628,-0.001,1
5414,-70.92901,5414,37557336,12.204098,35.7274823,-78.6962747,35.34353963872628,-0.001,1
5415,-70.92901,5415,37557368,12.20863,35.7274823,-78.6962747,35.34353963872628,-0.001,1
5416,-70.92901,5416,37557401,12.2111435,35.7274823,-78.6962747,35.34353963872628,-0.001,1
5417,-70.92901,5417,37557434,11.956074,35.7274823,-78.6962747,35.34353963872628,-0.001,1
5418,-70.92901,5418,37557467,12.341831,35.7274823,-78.6962747,35.34353963872628,-0.001,1
5419,-70.92901,5419,37557499,12.293957,35.7274823,-78.6962747,35.34353963872628,-0.001,1
5420,-70.92901,5420,37557532,12.263119,35.7274823,-78.6962747,35.34353963872628,-0.001,1
5421,-70.92901,5421,37557565,11.773632,35.7274823,-78.6962747,35.34353963872628,-0.001,1
5422,-70.92901,5422,37557598,12.377102,35.7274823,-78.6962747,35.34353963872628,-0.001,1
5423,-70.92901,5423,37557632,11.771481,35.7274823,-78.6962747,35.34353963872628,-0.001,1
5424,-70.92901,5424,37557665,12.307896,35.7274823,-78.6962747,35.34353963872628,-0.001,1
5425,-70.92901,5425,37557698,12.274601,35.7274823,-78.6962747,35.34353963872628,-0.001,1
5426,-70.92901,5426,37557731,12.252407,35.7274823,-78.6962747,35.34353963872628,-0.001,1
5427,-70.92901,5427,37557763,12.166042,35.7274823,-78.6962747,35.34353963872628,-0.001,1
5428,-70.92901,5428,37557796,12.076603,35.7274823,-78.6962747,35.34353963872628,-0.001,1
5429,-70.92901,5429,37557829,12.1254425,35.7274823,-78.6962747,35.34353963872628,-0.001,1
5430,-70.92901,5430,37557862,11.983135,35.7274823,-78.6962747,35.34353963872628,-0.001,1
5431,-70.92901,5431,37557894,12.073826,35.7274823,-78.6962747,35.34353963872628,-0.001,1
5432,-70.92901,5432,37557927,12.12952,35.7274823,-78.6962747,35.34353963872628,-0.001,1
5433,-70.92901,5433,37557960,12.164482,35.7274823,-78.6962747,35.34353963872628,-0.001,1
5434,-70.92901,5434,37557993,12.18499,35.7274823,-78.6962747,35.34353963872628,-0.001,1
5435,-70.92901,5435,37558025,12.197781,35.7274823,-78.6962747,35.34353963872628,-0.001,1
5436,-70.92901,5436,37558058,12.205345,35.7274823,-78.6962747,35.34353963872628,-0.001,1
5437,-70.92901,5437,37558091,11.792191,35.7274823,-78.6962747,35.34353963872628,-0.001,1
5438,-70.92901,5438,37558124,12.077442,35.7274823,-78.6962747,35.34353963872628,-0.001,1
5439,-70.92901,5439,37558156,12.400902,35.7274823,-78.6962747,35.34353963872628,-0.001,1
5440,-70.92901,5440,37558189,12.329914,35.7274823,-78.6962747,35.34353963872628,-0.001,1
5441,-70.92901,5441,37558222,12.286488,35.7274823,-78.6962747,35.34353963872628,-0.001,1
5442,-70.92901,5442,37558255,12.260391,35.7274823,-78.6962747,35.34353963872628,-0.001,1
5443,-70.92901,5443,37558287,12.1204605,35.7274823,-78.6962747,35.34353963872628,-0.001,1
5444,-70.92901,5444,37558320,11.934181,35.7274823,-78.6962747,35.34353963872628,-0.001,1
5445,-70.92901,5445,37558353,12.027588,35.7274823,-78.6962747,35.34353963872628,-0.001,1
5446,-70.92901,5446,37558386,12.100967,35.7274823,-78.6962747,35.34353963872628,-0.001,1
5447,-70.92901,5447,37558418,12.146744,35.7274823,-78.6962747,35.34353963872628,-0.001,1
5448,-70.92901,5448,37558451,12.17482,35.7274823,-78.6962747,35.34353963872628,-0.001,1
5449,-70.92901,5449,37558484,12.190842,35.7274823,-78.6962747,35.34353963872628,-0.001,1
5450,-70.92901,5450,37558517,12.207771,35.7274823,-78.6962747,35.34353963872628,-0.001,1
5451,-70.92901,5451,37558549,12.210438,35.7274823,-78.6962747,35.34353963872628,-0.001,1
5452,-70.92901,5452,37558582,12.213051,35.7274823,-78.6962747,35.34353963872628,-0.001,1
5453,-70.92901,5453,37558615,12.214466,35.7274823,-78.6962747,35.34353963872628,-0.001,1
5454,-70.92901,5454,37558648,12.215233,35.7274823,-78.6962747,35.34353963872628,-0.001,1
5455,-70.92901,5455,37558680,12.215462,35.7274823,-78.6962747,35.34353963872628,-0.001,1
5456,-70.92901,5456,37558713,12.216099,35.7274823,-78.6962747,35.34353963872628,-0.001,1
5457,-70.92901,5457,37558746,12.216667,35.7274823,-78.6962747,35.34353963872628,-0.001,1
5458,-70.92901,5458,37558779,11.880306,35.7274823,-78.6962747,35.34353963872628,-0.001,1
5459,-70.92901,5459,37558811,12.340916,35.7274823,-78.6962747,35.34353963872628,-0.001,1
5460,-70.92901,5460,37558844,12.293018,35.7274823,-78.6962747,35.34353963872628,-0.001,1
5461,-70.92901,5461,37558877,12.263725,35.7274823,-78.6962747,35.34353963872628,-0.001,1
5462,-70.92901,5462,37558910,12.245403,35.7274823,-78.6962747,35.34353963872628,-0.001,1
5463,-70.92901,5463,37558943,12.233536,35.7274823,-78.6962747,35.34353963872628,-0.001,1
5464,-70.92901,5464,37558975,12.090874,35.7274823,-78.6962747,35.34353963872628,-0.001,1
5465,-70.92901,5465,37559008,12.091267,35.7274823,-78.6962747,35.34353963872628,-0.001,1
5466,-70.92901,5466,37559041,12.138664,35.7274823,-78.6962747,35.34353963872628,-0.001,1
